timestamp,machine_id,risk_score,temperature,vibration,pressure
2026-06-15 23:00:00,M01,0.0,70.711,2.404,103.56
2026-06-16 00:00:00,M01,0.0,71.265,2.412,101.464
2026-06-16 01:00:00,M01,0.0,70.536,2.698,101.627
2026-06-16 02:00:00,M01,0.0,69.116,2.55,99.288
2026-06-16 03:00:00,M01,0.0,70.305,2.446,101.783
2026-06-16 04:00:00,M01,0.0,71.318,2.585,100.925
2026-06-16 05:00:00,M01,0.0,73.476,2.713,100.348
2026-06-16 06:00:00,M01,0.0,73.209,2.608,100.665
2026-06-16 07:00:00,M01,0.0,71.695,2.504,100.264
2026-06-16 08:00:00,M01,0.0,70.459,2.465,102.204
2026-06-16 09:00:00,M01,0.0,70.467,2.534,101.032
2026-06-16 10:00:00,M01,0.0,69.353,2.387,100.577
2026-06-16 11:00:00,M01,0.0,70.292,2.413,104.238
2026-06-16 12:00:00,M01,0.0,67.806,2.48,101.352
2026-06-16 13:00:00,M01,0.0,68.221,2.351,102.997
2026-06-16 14:00:00,M01,0.0,70.216,2.381,103.104
2026-06-16 15:00:00,M01,0.0,69.115,2.342,100.832
2026-06-16 16:00:00,M01,0.0,69.885,2.44,106.707
2026-06-16 17:00:00,M01,0.0,69.078,2.485,106.371
2026-06-16 18:00:00,M01,0.0,69.65,2.259,103.489
2026-06-16 19:00:00,M01,0.0,69.757,2.309,103.975
2026-06-16 20:00:00,M01,0.0,66.708,2.421,101.678
2026-06-16 21:00:00,M01,0.0,69.184,2.398,100.74
2026-06-16 22:00:00,M01,0.0,69.457,2.385,103.586
2026-06-16 23:00:00,M01,0.0,69.255,2.431,101.733
2026-06-17 00:00:00,M01,0.0,70.334,2.503,104.356
2026-06-17 01:00:00,M01,0.0,69.334,2.436,100.949
2026-06-17 02:00:00,M01,0.0,71.898,2.508,99.137
2026-06-17 03:00:00,M01,0.0,71.093,2.586,102.16
2026-06-17 04:00:00,M01,0.0,71.748,2.482,104.057
2026-06-17 05:00:00,M01,0.0,70.567,2.455,101.969
2026-06-17 06:00:00,M01,0.0,71.795,2.478,101.739
2026-06-17 07:00:00,M01,0.0,74.936,2.459,99.307
2026-06-17 08:00:00,M01,0.0,72.365,2.549,101.949
2026-06-17 09:00:00,M01,0.0,69.797,2.443,101.381
2026-06-17 10:00:00,M01,0.0,70.809,2.508,99.274
2026-06-17 11:00:00,M01,0.0,70.159,2.401,100.494
2026-06-17 12:00:00,M01,0.0,68.025,2.404,103.001
2026-06-17 13:00:00,M01,0.0,70.469,2.363,102.259
2026-06-17 14:00:00,M01,0.0,72.243,2.452,104.784
2026-06-17 15:00:00,M01,0.0,68.604,2.296,101.122
2026-06-17 16:00:00,M01,0.0,70.162,2.269,103.204
2026-06-17 17:00:00,M01,0.0,69.559,2.335,102.405
2026-06-17 18:00:00,M01,0.0,69.64,2.275,102.338
2026-06-17 19:00:00,M01,0.0,71.853,2.352,103.796
2026-06-17 20:00:00,M01,0.0,69.155,2.38,101.349
2026-06-17 21:00:00,M01,0.0,68.362,2.355,101.116
2026-06-17 22:00:00,M01,0.0,71.687,2.358,100.137
2026-06-17 23:00:00,M01,0.0,69.322,2.42,101.164
2026-06-18 00:00:00,M01,0.0,69.69,2.479,100.976
2026-06-18 01:00:00,M01,0.0,70.078,2.46,101.893
2026-06-18 02:00:00,M01,0.0,70.923,2.447,103.52
2026-06-18 03:00:00,M01,0.0,71.68,2.512,102.391
2026-06-18 04:00:00,M01,0.0,72.705,2.497,102.331
2026-06-18 05:00:00,M01,0.0,70.421,2.612,104.848
2026-06-18 06:00:00,M01,0.0,72.921,2.609,100.005
2026-06-18 07:00:00,M01,0.0,70.98,2.742,100.293
2026-06-18 08:00:00,M01,0.0,71.406,2.553,99.33
2026-06-18 09:00:00,M01,0.0,73.162,2.446,101.641
2026-06-18 10:00:00,M01,0.0,71.678,2.507,99.943
2026-06-18 11:00:00,M01,0.0,70.378,2.422,100.481
2026-06-18 12:00:00,M01,0.0,71.868,2.41,105.221
2026-06-18 13:00:00,M01,0.0,70.033,2.919,101.665
2026-06-18 14:00:00,M01,0.0,68.91,2.397,100.98
2026-06-18 15:00:00,M01,0.0,69.729,2.46,104.193
2026-06-18 16:00:00,M01,0.0,68.852,2.333,103.327
2026-06-18 17:00:00,M01,0.0,69.472,2.316,102.871
2026-06-18 18:00:00,M01,0.0,70.545,2.449,104.055
2026-06-18 19:00:00,M01,0.0,69.502,2.367,102.237
2026-06-18 20:00:00,M01,0.0,69.9,2.395,101.999
2026-06-18 21:00:00,M01,0.0,69.202,2.357,101.241
2026-06-18 22:00:00,M01,0.0,69.711,2.317,104.696
2026-06-18 23:00:00,M01,0.0,68.193,2.334,103.811
2026-06-19 00:00:00,M01,0.0,69.247,2.606,101.927
2026-06-19 01:00:00,M01,0.0,68.831,2.418,101.448
2026-06-19 02:00:00,M01,0.0,72.299,2.489,101.211
2026-06-19 03:00:00,M01,0.0,71.086,2.62,101.297
2026-06-19 04:00:00,M01,0.0,71.762,2.47,102.699
2026-06-19 05:00:00,M01,0.0,70.997,2.693,100.3
2026-06-19 06:00:00,M01,0.0,72.589,2.556,100.065
2026-06-19 07:00:00,M01,0.0,69.984,2.563,98.864
2026-06-19 08:00:00,M01,0.0,73.064,2.443,99.567
2026-06-19 09:00:00,M01,0.0,71.695,2.616,99.786
2026-06-19 10:00:00,M01,0.0,68.4,2.533,102.008
2026-06-19 11:00:00,M01,0.0,72.994,2.561,99.318
2026-06-19 12:00:00,M01,0.0,69.332,2.523,102.746
2026-06-19 13:00:00,M01,0.0,69.315,2.35,100.841
2026-06-19 14:00:00,M01,0.0,69.543,2.301,101.265
2026-06-19 15:00:00,M01,0.0,68.503,2.317,102.343
2026-06-19 16:00:00,M01,0.0,65.917,2.311,98.29
2026-06-19 17:00:00,M01,0.0,69.45,2.301,103.013
2026-06-19 18:00:00,M01,0.0,67.795,2.296,102.47
2026-06-19 19:00:00,M01,0.0,68.366,2.296,105.194
2026-06-19 20:00:00,M01,0.0,69.436,2.322,102.22
2026-06-19 21:00:00,M01,0.0,70.098,2.328,103.333
2026-06-19 22:00:00,M01,0.0,68.873,2.428,101.059
2026-06-19 23:00:00,M01,0.0,68.744,2.357,103.463
2026-06-20 00:00:00,M01,0.0,71.066,2.501,99.243
2026-06-20 01:00:00,M01,0.0,68.304,2.4,101.871
2026-06-20 02:00:00,M01,0.0,71.675,2.428,101.818
2026-06-20 03:00:00,M01,0.0,71.224,2.505,100.923
2026-06-20 04:00:00,M01,0.0,72.697,2.643,99.672
2026-06-20 05:00:00,M01,0.0,71.482,2.495,104.702
2026-06-20 06:00:00,M01,0.0,70.503,2.708,100.974
2026-06-20 07:00:00,M01,0.0,70.42,2.57,101.893
2026-06-20 08:00:00,M01,0.0,72.903,2.623,100.867
2026-06-20 09:00:00,M01,0.0,71.499,2.553,101.312
2026-06-20 10:00:00,M01,0.0,70.237,2.564,101.613
2026-06-20 11:00:00,M01,0.0,72.105,2.53,102.741
2026-06-20 12:00:00,M01,0.0,69.025,2.476,103.093
2026-06-20 13:00:00,M01,0.0,68.858,2.458,105.185
2026-06-20 14:00:00,M01,0.0,67.139,2.352,102.904
2026-06-20 15:00:00,M01,0.0,68.344,2.305,103.615
2026-06-20 16:00:00,M01,0.0,70.317,2.332,99.689
2026-06-20 17:00:00,M01,0.0,68.226,2.4,102.494
2026-06-20 18:00:00,M01,0.0,69.91,2.412,103.817
2026-06-20 19:00:00,M01,0.0,68.673,2.322,102.501
2026-06-20 20:00:00,M01,0.0,68.699,2.333,100.947
2026-06-20 21:00:00,M01,0.0,70.28,2.57,102.028
2026-06-20 22:00:00,M01,0.0,69.153,2.37,99.598
2026-06-20 23:00:00,M01,0.0,67.792,2.432,102.169
2026-06-21 00:00:00,M01,0.0,71.626,2.48,105.882
2026-06-21 01:00:00,M01,0.0,70.168,2.578,99.862
2026-06-21 02:00:00,M01,0.0,70.765,2.472,103.181
2026-06-21 03:00:00,M01,0.0,74.669,2.647,100.304
2026-06-21 04:00:00,M01,0.0,72.15,2.603,100.233
2026-06-21 05:00:00,M01,0.0,72.201,2.601,100.506
2026-06-21 06:00:00,M01,0.0,71.497,2.598,100.356
2026-06-21 07:00:00,M01,0.0,73.581,2.641,101.591
2026-06-21 08:00:00,M01,0.0,72.984,2.551,100.665
2026-06-21 09:00:00,M01,0.0,70.442,2.649,100.743
2026-06-21 10:00:00,M01,0.0,74.098,2.539,101.973
2026-06-21 11:00:00,M01,0.0,69.673,2.401,104.109
2026-06-21 12:00:00,M01,0.0,71.368,2.661,103.889
2026-06-21 13:00:00,M01,0.0,71.353,2.438,103.997
2026-06-21 14:00:00,M01,0.0,69.65,2.395,103.291
2026-06-21 15:00:00,M01,0.0,69.233,2.553,102.521
2026-06-21 16:00:00,M01,0.0,70.608,2.27,99.766
2026-06-21 17:00:00,M01,0.0,69.475,2.412,105.29
2026-06-21 18:00:00,M01,0.0,68.831,2.359,100.61
2026-06-21 19:00:00,M01,0.0,69.136,2.309,102.207
2026-06-21 20:00:00,M01,0.0,68.825,2.662,101.522
2026-06-21 21:00:00,M01,0.0,69.989,2.447,103.165
2026-06-21 22:00:00,M01,0.0,68.226,2.555,104.558
2026-06-21 23:00:00,M01,0.0001,67.416,2.388,104.649
2026-06-22 00:00:00,M01,0.0003,71.516,2.65,102.416
2026-06-22 01:00:00,M01,0.0006,71.196,2.467,102.201
2026-06-22 02:00:00,M01,0.0002,73.269,2.475,102.532
2026-06-22 03:00:00,M01,0.0008,70.275,2.662,102.017
2026-06-22 04:00:00,M01,0.0007,71.047,2.53,99.493
2026-06-22 05:00:00,M01,0.0007,71.047,2.574,102.648
2026-06-22 06:00:00,M01,0.0008,73.224,2.474,100.909
2026-06-22 07:00:00,M01,0.0007,70.445,2.542,100.303
2026-06-22 08:00:00,M01,0.0012,70.442,2.539,100.266
2026-06-22 09:00:00,M01,0.0011,71.506,2.494,101.056
2026-06-22 10:00:00,M01,0.0008,68.951,2.444,103.173
2026-06-22 11:00:00,M01,0.001,71.622,2.503,104.356
2026-06-22 12:00:00,M01,0.0003,70.563,2.405,100.943
2026-06-22 13:00:00,M01,0.0002,71.184,2.381,100.241
2026-06-22 14:00:00,M01,0.0003,69.946,2.353,103.264
2026-06-22 15:00:00,M01,0.0001,69.268,2.354,104.173
2026-06-22 16:00:00,M01,0.0001,67.366,2.28,103.774
2026-06-22 17:00:00,M01,0.0002,70.958,2.385,102.497
2026-06-22 18:00:00,M01,0.0001,67.237,2.421,105.146
2026-06-22 19:00:00,M01,0.0001,69.814,2.324,104.232
2026-06-22 20:00:00,M01,0.0002,69.719,2.843,102.546
2026-06-22 21:00:00,M01,0.0,69.216,2.313,101.819
2026-06-22 22:00:00,M01,0.0002,69.007,2.528,102.256
2026-06-22 23:00:00,M01,0.0004,71.145,2.463,101.903
2026-06-23 00:00:00,M01,0.0002,70.502,2.381,101.327
2026-06-23 01:00:00,M01,0.0007,71.825,2.511,102.153
2026-06-23 02:00:00,M01,0.0001,71.654,2.523,103.0
2026-06-23 03:00:00,M01,0.0006,72.825,2.619,102.047
2026-06-23 04:00:00,M01,0.0007,72.336,2.593,100.618
2026-06-23 05:00:00,M01,0.0005,71.002,2.522,100.813
2026-06-23 06:00:00,M01,0.0005,71.337,2.521,103.193
2026-06-23 07:00:00,M01,0.001,73.321,2.635,101.29
2026-06-23 08:00:00,M01,0.0006,70.548,2.491,101.449
2026-06-23 09:00:00,M01,0.0007,74.424,2.5,101.647
2026-06-23 10:00:00,M01,0.0006,69.341,2.443,101.139
2026-06-23 11:00:00,M01,0.0006,70.161,2.423,100.515
2026-06-23 12:00:00,M01,0.0004,70.615,2.364,105.701
2026-06-23 13:00:00,M01,0.0005,67.45,2.525,99.522
2026-06-23 14:00:00,M01,0.0006,71.872,2.546,102.22
2026-06-23 15:00:00,M01,0.0004,68.503,2.332,104.122
2026-06-23 16:00:00,M01,0.0003,69.22,2.302,104.328
2026-06-23 17:00:00,M01,0.0001,68.526,2.291,104.444
2026-06-23 18:00:00,M01,0.0001,70.076,2.363,101.9
2026-06-23 19:00:00,M01,0.0002,70.862,2.319,102.139
2026-06-23 20:00:00,M01,0.0001,69.788,2.273,101.467
2026-06-23 21:00:00,M01,0.0001,69.367,2.351,105.5
2026-06-23 22:00:00,M01,0.0001,70.856,2.312,100.807
2026-06-23 23:00:00,M01,0.0001,70.019,2.412,101.045
2026-06-24 00:00:00,M01,0.0001,69.479,2.514,102.027
2026-06-24 01:00:00,M01,0.0001,70.965,2.436,102.449
2026-06-24 02:00:00,M01,0.0002,72.337,2.451,102.04
2026-06-24 03:00:00,M01,0.0001,71.444,2.435,100.194
2026-06-24 04:00:00,M01,0.0002,75.146,2.512,100.164
2026-06-24 05:00:00,M01,0.0001,70.379,2.506,100.258
2026-06-24 06:00:00,M01,0.0002,72.497,2.51,103.652
2026-06-24 07:00:00,M01,0.0001,72.614,2.48,101.719
2026-06-24 08:00:00,M01,0.0001,70.696,2.428,100.304
2026-06-24 09:00:00,M01,0.0,70.744,2.575,104.298
2026-06-24 10:00:00,M01,0.0,71.035,2.519,103.085
2026-06-24 11:00:00,M01,0.0001,70.191,2.593,103.544
2026-06-24 12:00:00,M01,0.0004,70.559,2.482,101.611
2026-06-24 13:00:00,M01,0.0003,72.363,2.374,100.128
2026-06-24 14:00:00,M01,0.0006,69.428,2.394,101.351
2026-06-24 15:00:00,M01,0.0009,71.367,2.629,103.263
2026-06-24 16:00:00,M01,0.0004,68.978,2.308,105.326
2026-06-24 17:00:00,M01,0.0001,69.774,2.34,105.419
2026-06-24 18:00:00,M01,0.0003,66.365,2.402,101.346
2026-06-24 19:00:00,M01,0.0002,70.139,2.402,103.147
2026-06-24 20:00:00,M01,0.0002,70.74,2.365,102.247
2026-06-24 21:00:00,M01,0.0003,71.534,2.431,99.982
2026-06-24 22:00:00,M01,0.0003,71.218,2.27,102.817
2026-06-24 23:00:00,M01,0.0004,71.318,2.491,103.368
2026-06-25 00:00:00,M01,0.0002,69.766,2.495,103.617
2026-06-25 01:00:00,M01,0.0002,71.196,2.419,102.866
2026-06-25 02:00:00,M01,0.0002,72.522,2.544,98.885
2026-06-25 03:00:00,M01,0.0002,70.221,2.517,98.665
2026-06-25 04:00:00,M01,0.0,70.221,2.501,102.421
2026-06-25 05:00:00,M01,0.0001,72.355,2.48,103.631
2026-06-25 06:00:00,M01,0.0,71.319,2.631,98.416
2026-06-25 07:00:00,M01,0.0002,73.699,2.486,100.155
2026-06-25 08:00:00,M01,0.0002,72.496,2.515,99.88
2026-06-25 09:00:00,M01,0.0002,72.557,2.598,99.168
2026-06-25 10:00:00,M01,0.0001,72.318,2.465,100.268
2026-06-25 11:00:00,M01,0.0001,73.11,2.496,99.073
2026-06-25 12:00:00,M01,0.0001,71.809,2.394,100.569
2026-06-25 13:00:00,M01,0.0001,70.216,2.334,103.134
2026-06-25 14:00:00,M01,0.0002,67.286,2.37,100.624
2026-06-25 15:00:00,M01,0.0001,69.537,2.414,100.953
2026-06-25 16:00:00,M01,0.0001,70.575,2.338,102.563
2026-06-25 17:00:00,M01,0.0001,70.575,2.44,102.624
2026-06-25 18:00:00,M01,0.0,68.188,2.305,105.315
2026-06-25 19:00:00,M01,0.0,68.973,2.251,102.885
2026-06-25 20:00:00,M01,0.0,69.439,2.5,103.817
2026-06-25 21:00:00,M01,0.0,67.0,2.426,105.845
2026-06-25 22:00:00,M01,0.0,72.748,2.37,103.635
2026-06-25 23:00:00,M01,0.0002,68.21,3.012,103.818
2026-06-26 00:00:00,M01,0.0001,70.363,2.397,99.966
2026-06-26 01:00:00,M01,0.0001,70.989,2.428,103.825
2026-06-26 02:00:00,M01,0.0001,72.028,2.474,101.69
2026-06-26 03:00:00,M01,0.0003,70.262,2.467,100.876
2026-06-26 04:00:00,M01,0.0002,70.04,2.542,101.992
2026-06-26 05:00:00,M01,0.0002,73.4,2.567,101.948
2026-06-26 06:00:00,M01,0.0002,72.912,2.539,100.934
2026-06-26 07:00:00,M01,0.0001,74.491,2.513,102.042
2026-06-26 08:00:00,M01,0.0002,74.129,2.569,103.47
2026-06-26 09:00:00,M01,0.0002,73.05,2.655,102.918
2026-06-26 10:00:00,M01,0.0002,73.396,2.426,101.007
2026-06-26 11:00:00,M01,0.0004,72.009,2.563,101.499
2026-06-26 12:00:00,M01,0.0003,70.98,2.491,102.485
2026-06-26 13:00:00,M01,0.0003,70.821,2.425,101.741
2026-06-26 14:00:00,M01,0.0003,68.611,2.33,104.344
2026-06-26 15:00:00,M01,0.0003,68.543,2.461,103.27
2026-06-26 16:00:00,M01,0.0003,71.916,2.456,102.062
2026-06-26 17:00:00,M01,0.0002,68.639,2.324,103.143
2026-06-26 18:00:00,M01,0.0001,68.261,2.33,101.605
2026-06-26 19:00:00,M01,0.0002,70.061,2.308,100.005
2026-06-26 20:00:00,M01,0.0001,66.943,2.49,101.944
2026-06-26 21:00:00,M01,0.0001,69.971,2.466,102.962
2026-06-26 22:00:00,M01,0.0,70.329,2.403,102.049
2026-06-26 23:00:00,M01,0.0002,70.303,2.52,99.758
2026-06-27 00:00:00,M01,0.0001,68.694,2.376,99.833
2026-06-27 01:00:00,M01,0.0002,70.011,2.47,101.585
2026-06-27 02:00:00,M01,0.0001,69.981,2.442,102.963
2026-06-27 03:00:00,M01,0.0002,71.251,2.455,102.922
2026-06-27 04:00:00,M01,0.0002,70.917,2.554,104.558
2026-06-27 05:00:00,M01,0.0003,73.828,2.478,100.037
2026-06-27 06:00:00,M01,0.0003,72.538,2.584,103.093
2026-06-27 07:00:00,M01,0.0003,70.093,2.623,102.417
2026-06-27 08:00:00,M01,0.0003,72.872,2.469,102.259
2026-06-27 09:00:00,M01,0.0005,72.321,2.454,98.52
2026-06-27 10:00:00,M01,0.0005,71.394,2.571,101.696
2026-06-27 11:00:00,M01,0.0005,70.057,2.506,99.614
2026-06-27 12:00:00,M01,0.0006,70.935,2.351,101.554
2026-06-27 13:00:00,M01,0.0006,69.922,2.44,103.529
2026-06-27 14:00:00,M01,0.0004,67.883,2.303,103.529
2026-06-27 15:00:00,M01,0.0003,67.186,2.256,101.382
2026-06-27 16:00:00,M01,0.0002,69.317,2.31,100.094
2026-06-27 17:00:00,M01,0.0002,68.779,2.369,102.569
2026-06-27 18:00:00,M01,0.0002,69.505,2.353,103.932
2026-06-27 19:00:00,M01,0.0002,70.865,2.434,100.972
2026-06-27 20:00:00,M01,0.0001,70.161,2.558,98.491
2026-06-27 21:00:00,M01,0.0002,68.498,2.403,102.085
2026-06-27 22:00:00,M01,0.0001,67.23,2.374,102.149
2026-06-27 23:00:00,M01,0.0002,68.814,2.421,101.996
2026-06-28 00:00:00,M01,0.0004,69.579,2.602,101.052
2026-06-28 01:00:00,M01,0.0003,70.275,2.466,100.687
2026-06-28 02:00:00,M01,0.0006,71.848,2.506,100.933
2026-06-28 03:00:00,M01,0.0009,71.826,2.448,101.535
2026-06-28 04:00:00,M01,0.0086,70.226,2.895,100.43
2026-06-28 05:00:00,M01,0.0011,71.386,2.583,100.093
2026-06-28 06:00:00,M01,0.0006,71.418,2.441,105.255
2026-06-28 07:00:00,M01,0.0003,71.604,2.533,104.495
2026-06-28 08:00:00,M01,0.0009,72.241,2.572,99.741
2026-06-28 09:00:00,M01,0.0006,70.926,2.437,103.971
2026-06-28 10:00:00,M01,0.0007,70.247,2.437,100.365
2026-06-28 11:00:00,M01,0.0003,70.969,2.455,103.324
2026-06-28 12:00:00,M01,0.0004,71.043,2.429,101.806
2026-06-28 13:00:00,M01,0.0003,70.112,2.326,99.539
2026-06-28 14:00:00,M01,0.0001,70.112,2.487,101.29
2026-06-28 15:00:00,M01,0.0,68.796,2.366,103.815
2026-06-28 16:00:00,M01,0.0001,66.488,2.378,105.325
2026-06-28 17:00:00,M01,0.0001,70.23,2.344,101.032
2026-06-28 18:00:00,M01,0.0001,66.562,2.264,101.919
2026-06-28 19:00:00,M01,0.0001,67.949,2.332,103.334
2026-06-28 20:00:00,M01,0.0001,67.124,2.318,103.637
2026-06-28 21:00:00,M01,0.0002,70.476,2.416,100.748
2026-06-28 22:00:00,M01,0.0001,70.865,2.402,100.054
2026-06-28 23:00:00,M01,0.0001,70.311,2.481,101.341
2026-06-29 00:00:00,M01,0.0002,69.99,2.478,101.49
2026-06-29 01:00:00,M01,0.0002,73.427,2.447,100.858
2026-06-29 02:00:00,M01,0.0002,71.143,2.566,103.229
2026-06-29 03:00:00,M01,0.0004,73.812,2.53,99.826
2026-06-29 04:00:00,M01,0.0001,72.77,2.651,101.361
2026-06-29 05:00:00,M01,0.0001,72.479,2.528,102.819
2026-06-29 06:00:00,M01,0.0003,71.688,2.622,100.521
2026-06-29 07:00:00,M01,0.0005,70.652,2.528,100.794
2026-06-29 08:00:00,M01,0.0004,71.564,2.43,102.14
2026-06-29 09:00:00,M01,0.0003,71.687,2.598,100.644
2026-06-29 10:00:00,M01,0.0004,69.106,2.409,101.368
2026-06-29 11:00:00,M01,0.0005,68.957,2.453,102.618
2026-06-29 12:00:00,M01,0.0004,70.137,2.393,102.539
2026-06-29 13:00:00,M01,0.0004,68.443,2.41,103.702
2026-06-29 14:00:00,M01,0.0004,69.581,2.333,102.28
2026-06-29 15:00:00,M01,0.0001,69.013,2.408,101.285
2026-06-29 16:00:00,M01,0.0001,68.608,2.497,101.586
2026-06-29 17:00:00,M01,0.0001,68.808,2.269,103.346
2026-06-29 18:00:00,M01,0.0001,69.195,2.312,103.225
2026-06-29 19:00:00,M01,0.0001,68.22,2.364,103.398
2026-06-29 20:00:00,M01,0.0001,70.582,2.386,101.527
2026-06-29 21:00:00,M01,0.0001,68.573,2.469,101.81
2026-06-29 22:00:00,M01,0.0002,71.936,2.514,103.783
2026-06-29 23:00:00,M01,0.0003,75.189,2.479,102.786
2026-06-15 23:00:00,M02,0.0,72.693,2.07,98.507
2026-06-16 00:00:00,M02,0.0,76.302,2.252,99.029
2026-06-16 01:00:00,M02,0.0,72.805,2.177,98.202
2026-06-16 02:00:00,M02,0.0,74.912,2.248,98.361
2026-06-16 03:00:00,M02,0.0,73.529,2.271,98.232
2026-06-16 04:00:00,M02,0.0,72.845,2.184,97.015
2026-06-16 05:00:00,M02,0.0,73.628,2.264,100.511
2026-06-16 06:00:00,M02,0.0,74.349,2.268,97.948
2026-06-16 07:00:00,M02,0.0,74.332,2.23,101.497
2026-06-16 08:00:00,M02,0.0,75.479,2.276,98.62
2026-06-16 09:00:00,M02,0.0,75.189,2.171,98.469
2026-06-16 10:00:00,M02,0.0,73.261,2.291,100.7
2026-06-16 11:00:00,M02,0.0,72.745,2.317,102.826
2026-06-16 12:00:00,M02,0.0,72.733,2.094,99.892
2026-06-16 13:00:00,M02,0.0,73.534,2.202,98.6
2026-06-16 14:00:00,M02,0.0,73.826,2.185,99.444
2026-06-16 15:00:00,M02,0.0,73.151,2.105,98.049
2026-06-16 16:00:00,M02,0.0,71.757,2.033,102.03
2026-06-16 17:00:00,M02,0.0,69.5,2.059,99.792
2026-06-16 18:00:00,M02,0.0,72.435,2.154,98.417
2026-06-16 19:00:00,M02,0.0,73.655,2.009,104.047
2026-06-16 20:00:00,M02,0.0,72.932,2.095,99.866
2026-06-16 21:00:00,M02,0.0,71.923,2.12,100.899
2026-06-16 22:00:00,M02,0.0,70.637,2.083,99.312
2026-06-16 23:00:00,M02,0.0,72.348,2.059,100.444
2026-06-17 00:00:00,M02,0.0,73.808,2.202,99.286
2026-06-17 01:00:00,M02,0.0,73.624,2.129,99.289
2026-06-17 02:00:00,M02,0.0,73.621,2.382,99.673
2026-06-17 03:00:00,M02,0.0,72.803,2.266,97.77
2026-06-17 04:00:00,M02,0.0,74.205,2.342,99.147
2026-06-17 05:00:00,M02,0.0,75.443,2.361,96.467
2026-06-17 06:00:00,M02,0.0,74.958,2.194,96.546
2026-06-17 07:00:00,M02,0.0,76.356,2.277,99.372
2026-06-17 08:00:00,M02,0.0,75.512,2.325,103.975
2026-06-17 09:00:00,M02,0.0,72.744,2.249,97.802
2026-06-17 10:00:00,M02,0.0,74.592,2.146,99.788
2026-06-17 11:00:00,M02,0.0,74.032,2.143,100.705
2026-06-17 12:00:00,M02,0.0,72.935,2.246,98.373
2026-06-17 13:00:00,M02,0.0,74.933,2.147,102.125
2026-06-17 14:00:00,M02,0.0,71.865,2.251,100.173
2026-06-17 15:00:00,M02,0.0,73.725,2.014,101.285
2026-06-17 16:00:00,M02,0.0,69.935,2.024,102.99
2026-06-17 17:00:00,M02,0.0,70.398,2.105,100.745
2026-06-17 18:00:00,M02,0.0,73.486,1.997,102.06
2026-06-17 19:00:00,M02,0.0,73.416,2.003,100.955
2026-06-17 20:00:00,M02,0.0,72.158,2.079,101.739
2026-06-17 21:00:00,M02,0.0,72.73,2.934,99.368
2026-06-17 22:00:00,M02,0.0,72.502,2.178,97.855
2026-06-17 23:00:00,M02,0.0,73.207,2.239,99.694
2026-06-18 00:00:00,M02,0.0,74.285,2.236,98.394
2026-06-18 01:00:00,M02,0.0,73.293,2.294,101.098
2026-06-18 02:00:00,M02,0.0,73.156,2.222,97.88
2026-06-18 03:00:00,M02,0.0,73.967,2.159,100.219
2026-06-18 04:00:00,M02,0.0,74.282,2.221,98.342
2026-06-18 05:00:00,M02,0.0,75.53,2.351,100.762
2026-06-18 06:00:00,M02,0.0,74.479,2.397,98.191
2026-06-18 07:00:00,M02,0.0,76.717,2.37,97.667
2026-06-18 08:00:00,M02,0.0,74.955,2.24,98.577
2026-06-18 09:00:00,M02,0.0,73.85,2.192,101.16
2026-06-18 10:00:00,M02,0.0,73.38,2.392,99.044
2026-06-18 11:00:00,M02,0.0,73.541,2.177,98.584
2026-06-18 12:00:00,M02,0.0,72.275,2.099,102.657
2026-06-18 13:00:00,M02,0.0,72.264,2.134,97.967
2026-06-18 14:00:00,M02,0.0,71.635,2.045,100.658
2026-06-18 15:00:00,M02,0.0,71.83,2.162,102.981
2026-06-18 16:00:00,M02,0.0,71.722,2.098,103.683
2026-06-18 17:00:00,M02,0.0,71.294,2.034,100.62
2026-06-18 18:00:00,M02,0.0,72.272,2.098,100.8
2026-06-18 19:00:00,M02,0.0,71.119,2.04,99.942
2026-06-18 20:00:00,M02,0.0,71.701,2.065,101.096
2026-06-18 21:00:00,M02,0.0,72.898,2.041,102.24
2026-06-18 22:00:00,M02,0.0,71.534,2.109,102.81
2026-06-18 23:00:00,M02,0.0,73.955,2.493,102.037
2026-06-19 00:00:00,M02,0.0,73.822,2.116,98.454
2026-06-19 01:00:00,M02,0.0,70.71,2.172,99.73
2026-06-19 02:00:00,M02,0.0,75.058,2.239,99.416
2026-06-19 03:00:00,M02,0.0,73.011,2.163,95.848
2026-06-19 04:00:00,M02,0.0,74.324,2.246,96.762
2026-06-19 05:00:00,M02,0.0,73.834,2.273,101.854
2026-06-19 06:00:00,M02,0.0,72.971,2.31,99.604
2026-06-19 07:00:00,M02,0.0,74.727,2.258,100.382
2026-06-19 08:00:00,M02,0.0,74.364,2.188,100.248
2026-06-19 09:00:00,M02,0.0,75.869,2.182,100.232
2026-06-19 10:00:00,M02,0.0,75.61,2.367,99.168
2026-06-19 11:00:00,M02,0.0,73.601,2.174,99.768
2026-06-19 12:00:00,M02,0.0,73.488,2.092,100.399
2026-06-19 13:00:00,M02,0.0,71.438,2.354,102.608
2026-06-19 14:00:00,M02,0.0,71.947,2.144,98.901
2026-06-19 15:00:00,M02,0.0,71.988,2.145,99.104
2026-06-19 16:00:00,M02,0.0,72.003,2.211,101.35
2026-06-19 17:00:00,M02,0.0,72.578,2.126,99.137
2026-06-19 18:00:00,M02,0.0,73.007,2.089,100.402
2026-06-19 19:00:00,M02,0.0,72.283,2.04,101.756
2026-06-19 20:00:00,M02,0.0,72.176,2.171,101.052
2026-06-19 21:00:00,M02,0.0,71.109,2.07,101.698
2026-06-19 22:00:00,M02,0.0,71.454,2.079,103.027
2026-06-19 23:00:00,M02,0.0,72.109,2.196,98.643
2026-06-20 00:00:00,M02,0.0,73.804,2.318,100.92
2026-06-20 01:00:00,M02,0.0,74.259,2.149,99.16
2026-06-20 02:00:00,M02,0.0,73.135,2.181,101.246
2026-06-20 03:00:00,M02,0.0,75.412,2.188,101.943
2026-06-20 04:00:00,M02,0.0,74.447,2.415,98.557
2026-06-20 05:00:00,M02,0.0,73.074,2.19,101.228
2026-06-20 06:00:00,M02,0.0,75.087,2.239,101.962
2026-06-20 07:00:00,M02,0.0,72.906,2.278,101.518
2026-06-20 08:00:00,M02,0.0,73.232,2.284,98.001
2026-06-20 09:00:00,M02,0.0,75.326,2.251,98.038
2026-06-20 10:00:00,M02,0.0,73.46,2.161,98.74
2026-06-20 11:00:00,M02,0.0,76.347,2.152,100.546
2026-06-20 12:00:00,M02,0.0,71.248,2.13,100.627
2026-06-20 13:00:00,M02,0.0,74.28,2.092,98.48
2026-06-20 14:00:00,M02,0.0,72.328,2.121,100.095
2026-06-20 15:00:00,M02,0.0,72.671,2.162,97.729
2026-06-20 16:00:00,M02,0.0,73.315,2.068,99.735
2026-06-20 17:00:00,M02,0.0,72.152,2.207,102.929
2026-06-20 18:00:00,M02,0.0,73.294,2.091,105.196
2026-06-20 19:00:00,M02,0.0,74.033,2.09,101.893
2026-06-20 20:00:00,M02,0.0,69.605,2.381,101.639
2026-06-20 21:00:00,M02,0.0,72.514,2.211,99.585
2026-06-20 22:00:00,M02,0.0,71.765,2.121,103.012
2026-06-20 23:00:00,M02,0.0,71.148,2.186,100.819
2026-06-21 00:00:00,M02,0.0,74.72,2.187,101.02
2026-06-21 01:00:00,M02,0.0,74.303,2.114,99.234
2026-06-21 02:00:00,M02,0.0,74.225,2.503,98.901
2026-06-21 03:00:00,M02,0.0,74.212,2.188,103.563
2026-06-21 04:00:00,M02,0.0,73.188,2.532,99.682
2026-06-21 05:00:00,M02,0.0,73.372,2.206,97.559
2026-06-21 06:00:00,M02,0.0,74.584,2.157,101.395
2026-06-21 07:00:00,M02,0.0,73.131,2.352,100.703
2026-06-21 08:00:00,M02,0.0,77.092,2.328,98.555
2026-06-21 09:00:00,M02,0.0,74.079,2.162,98.533
2026-06-21 10:00:00,M02,0.0,75.34,2.323,96.572
2026-06-21 11:00:00,M02,0.0,74.252,2.199,98.516
2026-06-21 12:00:00,M02,0.0,73.844,2.201,97.554
2026-06-21 13:00:00,M02,0.0,73.263,2.095,101.758
2026-06-21 14:00:00,M02,0.0,73.657,2.158,99.055
2026-06-21 15:00:00,M02,0.0,74.879,2.21,99.442
2026-06-21 16:00:00,M02,0.0,72.231,2.119,98.133
2026-06-21 17:00:00,M02,0.0,71.299,2.069,98.206
2026-06-21 18:00:00,M02,0.0,72.454,2.127,99.656
2026-06-21 19:00:00,M02,0.0,72.367,1.989,101.15
2026-06-21 20:00:00,M02,0.0,73.874,2.014,100.159
2026-06-21 21:00:00,M02,0.0,72.405,2.046,100.99
2026-06-21 22:00:00,M02,0.0,72.036,2.16,101.305
2026-06-21 23:00:00,M02,0.0,74.485,2.125,98.602
2026-06-22 00:00:00,M02,0.0,72.757,2.17,98.779
2026-06-22 01:00:00,M02,0.0,73.456,2.143,99.783
2026-06-22 02:00:00,M02,0.0,74.543,2.22,98.443
2026-06-22 03:00:00,M02,0.0,76.317,2.161,98.933
2026-06-22 04:00:00,M02,0.0,73.24,2.27,96.485
2026-06-22 05:00:00,M02,0.0,74.778,2.252,98.302
2026-06-22 06:00:00,M02,0.0,75.131,2.19,99.254
2026-06-22 07:00:00,M02,0.0,75.686,2.298,100.629
2026-06-22 08:00:00,M02,0.0,74.776,2.407,100.655
2026-06-22 09:00:00,M02,0.0,72.119,2.158,99.564
2026-06-22 10:00:00,M02,0.0,73.842,2.151,101.996
2026-06-22 11:00:00,M02,0.0,75.166,2.165,99.403
2026-06-22 12:00:00,M02,0.0,73.8,2.152,100.966
2026-06-22 13:00:00,M02,0.0,72.09,2.173,98.628
2026-06-22 14:00:00,M02,0.0,72.673,2.118,99.297
2026-06-22 15:00:00,M02,0.0,72.041,2.102,99.609
2026-06-22 16:00:00,M02,0.0,70.236,2.023,101.803
2026-06-22 17:00:00,M02,0.0,72.865,1.98,102.936
2026-06-22 18:00:00,M02,0.0,71.415,2.011,102.718
2026-06-22 19:00:00,M02,0.0,71.873,2.004,101.543
2026-06-22 20:00:00,M02,0.0,71.873,2.191,101.028
2026-06-22 21:00:00,M02,0.0,73.418,2.049,101.169
2026-06-22 22:00:00,M02,0.0,72.909,2.15,100.69
2026-06-22 23:00:00,M02,0.0,74.217,2.207,99.94
2026-06-23 00:00:00,M02,0.0,74.014,2.272,99.847
2026-06-23 01:00:00,M02,0.0,74.865,2.215,99.648
2026-06-23 02:00:00,M02,0.0,72.653,3.104,100.322
2026-06-23 03:00:00,M02,0.0,73.049,2.167,99.035
2026-06-23 04:00:00,M02,0.0,74.555,2.416,99.104
2026-06-23 05:00:00,M02,0.0,75.116,2.333,99.268
2026-06-23 06:00:00,M02,0.0,76.666,2.243,98.035
2026-06-23 07:00:00,M02,0.0,73.646,2.338,100.755
2026-06-23 08:00:00,M02,0.0,75.331,2.338,99.289
2026-06-23 09:00:00,M02,0.0,75.217,2.235,99.174
2026-06-23 10:00:00,M02,0.0,74.151,2.162,97.988
2026-06-23 11:00:00,M02,0.0,73.835,2.125,102.069
2026-06-23 12:00:00,M02,0.0,72.961,2.223,100.005
2026-06-23 13:00:00,M02,0.0,71.724,2.308,100.923
2026-06-23 14:00:00,M02,0.0,70.934,2.165,103.384
2026-06-23 15:00:00,M02,0.0,74.703,2.026,104.977
2026-06-23 16:00:00,M02,0.0,72.828,2.116,100.924
2026-06-23 17:00:00,M02,0.0,71.044,2.125,100.847
2026-06-23 18:00:00,M02,0.0,71.69,2.085,101.705
2026-06-23 19:00:00,M02,0.0,72.575,2.133,103.228
2026-06-23 20:00:00,M02,0.0,71.138,2.13,100.691
2026-06-23 21:00:00,M02,0.0,72.753,2.248,104.161
2026-06-23 22:00:00,M02,0.0,71.118,2.1,100.775
2026-06-23 23:00:00,M02,0.0,70.455,2.103,99.886
2026-06-24 00:00:00,M02,0.0,72.014,2.207,100.185
2026-06-24 01:00:00,M02,0.0,73.766,2.216,101.11
2026-06-24 02:00:00,M02,0.0,75.668,2.33,101.357
2026-06-24 03:00:00,M02,0.0,74.859,2.192,99.228
2026-06-24 04:00:00,M02,0.0,75.244,2.226,99.341
2026-06-24 05:00:00,M02,0.0,77.515,2.272,98.195
2026-06-24 06:00:00,M02,0.0,74.778,2.305,100.567
2026-06-24 07:00:00,M02,0.0,74.121,2.166,100.461
2026-06-24 08:00:00,M02,0.0,73.999,2.332,101.698
2026-06-24 09:00:00,M02,0.0,73.293,2.258,101.694
2026-06-24 10:00:00,M02,0.0,73.464,2.253,96.465
2026-06-24 11:00:00,M02,0.0,72.812,2.22,100.932
2026-06-24 12:00:00,M02,0.0,73.617,2.246,99.652
2026-06-24 13:00:00,M02,0.0,73.219,2.135,99.68
2026-06-24 14:00:00,M02,0.0,71.221,2.149,99.596
2026-06-24 15:00:00,M02,0.0,74.01,2.141,100.555
2026-06-24 16:00:00,M02,0.0,71.602,2.03,100.206
2026-06-24 17:00:00,M02,0.0,71.054,2.011,100.242
2026-06-24 18:00:00,M02,0.0,70.744,2.17,99.057
2026-06-24 19:00:00,M02,0.0,71.779,2.069,102.275
2026-06-24 20:00:00,M02,0.0,72.042,2.098,100.937
2026-06-24 21:00:00,M02,0.0,71.132,2.358,102.335
2026-06-24 22:00:00,M02,0.0,70.564,2.223,98.924
2026-06-24 23:00:00,M02,0.0,72.294,2.121,100.475
2026-06-25 00:00:00,M02,0.0,72.826,2.775,101.193
2026-06-25 01:00:00,M02,0.0,76.914,2.261,101.429
2026-06-25 02:00:00,M02,0.0,72.952,2.162,100.5
2026-06-25 03:00:00,M02,0.0,74.31,2.284,99.646
2026-06-25 04:00:00,M02,0.0,74.352,2.19,98.532
2026-06-25 05:00:00,M02,0.0,73.175,2.279,99.222
2026-06-25 06:00:00,M02,0.0,73.86,2.293,101.308
2026-06-25 07:00:00,M02,0.0,75.172,2.179,100.879
2026-06-25 08:00:00,M02,0.0001,76.651,2.206,100.38
2026-06-25 09:00:00,M02,0.0,73.638,2.166,100.354
2026-06-25 10:00:00,M02,0.0001,74.759,2.242,102.582
2026-06-25 11:00:00,M02,0.0,73.546,2.12,97.911
2026-06-25 12:00:00,M02,0.0,74.719,2.202,98.548
2026-06-25 13:00:00,M02,0.0,72.021,2.207,100.531
2026-06-25 14:00:00,M02,0.0,71.866,2.03,98.506
2026-06-25 15:00:00,M02,0.0,71.529,2.121,99.214
2026-06-25 16:00:00,M02,0.0001,72.964,2.105,98.932
2026-06-25 17:00:00,M02,0.0,71.572,2.101,99.979
2026-06-25 18:00:00,M02,0.0,72.754,2.066,101.597
2026-06-25 19:00:00,M02,0.0,74.674,2.094,102.58
2026-06-25 20:00:00,M02,0.0,71.702,2.166,99.999
2026-06-25 21:00:00,M02,0.0,72.926,2.158,100.006
2026-06-25 22:00:00,M02,0.0,71.93,2.212,101.511
2026-06-25 23:00:00,M02,0.0,73.274,2.133,101.322
2026-06-26 00:00:00,M02,0.0,71.929,2.107,101.057
2026-06-26 01:00:00,M02,0.0,71.669,2.225,101.333
2026-06-26 02:00:00,M02,0.0,72.236,2.274,98.816
2026-06-26 03:00:00,M02,0.0,73.086,2.161,99.503
2026-06-26 04:00:00,M02,0.0,75.089,2.305,98.929
2026-06-26 05:00:00,M02,0.0,75.534,2.195,100.623
2026-06-26 06:00:00,M02,0.0,76.191,2.227,98.493
2026-06-26 07:00:00,M02,0.0,73.281,2.365,101.052
2026-06-26 08:00:00,M02,0.0,74.675,2.267,103.231
2026-06-26 09:00:00,M02,0.0,74.197,2.399,100.978
2026-06-26 10:00:00,M02,0.0,73.087,2.412,100.473
2026-06-26 11:00:00,M02,0.0,73.248,2.174,98.597
2026-06-26 12:00:00,M02,0.0,72.846,2.098,97.18
2026-06-26 13:00:00,M02,0.0,73.844,2.11,98.849
2026-06-26 14:00:00,M02,0.0,73.247,2.133,101.29
2026-06-26 15:00:00,M02,0.0,71.743,2.108,98.42
2026-06-26 16:00:00,M02,0.0,71.633,2.003,102.088
2026-06-26 17:00:00,M02,0.0,71.24,2.003,101.53
2026-06-26 18:00:00,M02,0.0,74.09,2.012,98.766
2026-06-26 19:00:00,M02,0.0,72.744,2.103,101.644
2026-06-26 20:00:00,M02,0.0,72.507,1.999,101.632
2026-06-26 21:00:00,M02,0.0,71.673,2.271,98.896
2026-06-26 22:00:00,M02,0.0,71.924,2.092,103.239
2026-06-26 23:00:00,M02,0.0,73.263,2.131,104.321
2026-06-27 00:00:00,M02,0.0,72.802,2.234,102.41
2026-06-27 01:00:00,M02,0.0,70.877,2.148,98.758
2026-06-27 02:00:00,M02,0.0,74.911,2.259,95.778
2026-06-27 03:00:00,M02,0.0,73.055,2.356,99.666
2026-06-27 04:00:00,M02,0.0,73.776,2.287,100.195
2026-06-27 05:00:00,M02,0.0001,73.868,2.278,102.378
2026-06-27 06:00:00,M02,0.0,74.713,2.203,100.57
2026-06-27 07:00:00,M02,0.0001,75.265,2.241,99.82
2026-06-27 08:00:00,M02,0.0,72.281,2.16,99.82
2026-06-27 09:00:00,M02,0.0,73.753,2.228,100.203
2026-06-27 10:00:00,M02,0.0,73.803,2.327,101.613
2026-06-27 11:00:00,M02,0.0,72.852,2.126,98.431
2026-06-27 12:00:00,M02,0.0,74.488,2.183,98.179
2026-06-27 13:00:00,M02,0.0,72.272,2.143,98.956
2026-06-27 14:00:00,M02,0.0001,76.766,2.113,99.576
2026-06-27 15:00:00,M02,0.0,71.439,2.097,101.996
2026-06-27 16:00:00,M02,0.0001,71.473,2.266,102.201
2026-06-27 17:00:00,M02,0.0,70.774,2.009,103.311
2026-06-27 18:00:00,M02,0.0,71.161,1.995,100.301
2026-06-27 19:00:00,M02,0.0,69.301,2.056,100.346
2026-06-27 20:00:00,M02,0.0,72.012,2.131,101.888
2026-06-27 21:00:00,M02,0.0,71.23,2.307,100.928
2026-06-27 22:00:00,M02,0.0,71.845,2.112,99.283
2026-06-27 23:00:00,M02,0.0001,71.0,2.047,99.62
2026-06-28 00:00:00,M02,0.0002,71.897,2.246,100.465
2026-06-28 01:00:00,M02,0.0002,71.765,2.147,99.69
2026-06-28 02:00:00,M02,0.0002,74.871,2.171,98.657
2026-06-28 03:00:00,M02,0.0007,76.681,2.158,102.568
2026-06-28 04:00:00,M02,0.0006,74.109,2.308,97.818
2026-06-28 05:00:00,M02,0.0006,75.98,2.291,99.099
2026-06-28 06:00:00,M02,0.0008,76.403,2.371,100.534
2026-06-28 07:00:00,M02,0.0006,75.43,2.169,99.348
2026-06-28 08:00:00,M02,0.0006,74.198,2.176,98.897
2026-06-28 09:00:00,M02,0.0006,74.576,2.254,99.059
2026-06-28 10:00:00,M02,0.0005,75.167,2.154,98.378
2026-06-28 11:00:00,M02,0.0005,71.685,2.243,97.972
2026-06-28 12:00:00,M02,0.0004,73.099,2.163,100.697
2026-06-28 13:00:00,M02,0.0004,73.189,2.096,99.717
2026-06-28 14:00:00,M02,0.0004,73.09,2.221,103.411
2026-06-28 15:00:00,M02,0.0003,73.367,2.184,100.854
2026-06-28 16:00:00,M02,0.0003,72.909,2.049,99.259
2026-06-28 17:00:00,M02,0.0002,71.961,2.058,102.193
2026-06-28 18:00:00,M02,0.0002,71.248,2.137,102.027
2026-06-28 19:00:00,M02,0.0001,75.916,2.025,102.252
2026-06-28 20:00:00,M02,0.0001,71.62,2.012,100.026
2026-06-28 21:00:00,M02,0.0001,69.997,2.136,99.862
2026-06-28 22:00:00,M02,0.0001,73.41,2.061,97.828
2026-06-28 23:00:00,M02,0.0002,74.07,2.085,98.253
2026-06-29 00:00:00,M02,0.0001,71.724,2.093,98.52
2026-06-29 01:00:00,M02,0.0001,73.524,2.263,98.642
2026-06-29 02:00:00,M02,0.0001,75.556,2.216,100.941
2026-06-29 03:00:00,M02,0.0002,73.562,2.252,98.654
2026-06-29 04:00:00,M02,0.0004,74.524,2.47,98.985
2026-06-29 05:00:00,M02,0.0003,73.323,2.356,101.422
2026-06-29 06:00:00,M02,0.0001,73.847,2.427,96.91
2026-06-29 07:00:00,M02,0.0001,71.918,2.238,98.619
2026-06-29 08:00:00,M02,0.0001,72.433,2.215,99.791
2026-06-29 09:00:00,M02,0.0001,74.451,2.348,101.914
2026-06-29 10:00:00,M02,0.0001,75.12,2.272,100.637
2026-06-29 11:00:00,M02,0.0001,73.078,2.143,99.076
2026-06-29 12:00:00,M02,0.0001,72.94,2.096,99.354
2026-06-29 13:00:00,M02,0.0001,74.442,2.135,102.141
2026-06-29 14:00:00,M02,0.0002,72.226,2.026,100.38
2026-06-29 15:00:00,M02,0.0002,71.437,2.178,97.367
2026-06-29 16:00:00,M02,0.0001,73.321,2.08,101.594
2026-06-29 17:00:00,M02,0.0001,71.901,2.033,101.643
2026-06-29 18:00:00,M02,0.0001,70.748,2.141,103.114
2026-06-29 19:00:00,M02,0.0,73.894,2.029,103.083
2026-06-29 20:00:00,M02,0.0,71.237,2.071,101.487
2026-06-29 21:00:00,M02,0.0001,73.496,2.069,98.951
2026-06-29 22:00:00,M02,0.0001,69.993,2.236,102.238
2026-06-29 23:00:00,M02,0.0001,74.013,2.156,99.311
2026-06-15 23:00:00,M03,0.0,72.238,2.436,94.167
2026-06-16 00:00:00,M03,0.0,70.72,2.318,95.691
2026-06-16 01:00:00,M03,0.0,74.409,2.39,95.31
2026-06-16 02:00:00,M03,0.0,73.656,2.41,92.976
2026-06-16 03:00:00,M03,0.0,76.775,2.483,92.749
2026-06-16 04:00:00,M03,0.0,75.391,2.455,90.188
2026-06-16 05:00:00,M03,0.0,72.914,2.481,93.771
2026-06-16 06:00:00,M03,0.0,73.577,2.517,92.496
2026-06-16 07:00:00,M03,0.0,74.071,2.521,92.721
2026-06-16 08:00:00,M03,0.0,76.887,2.429,92.139
2026-06-16 09:00:00,M03,0.0,77.108,2.431,94.064
2026-06-16 10:00:00,M03,0.0,74.501,2.372,93.255
2026-06-16 11:00:00,M03,0.0,74.187,2.423,95.206
2026-06-16 12:00:00,M03,0.0,72.127,2.346,94.513
2026-06-16 13:00:00,M03,0.0,71.09,2.364,95.079
2026-06-16 14:00:00,M03,0.0,72.337,2.423,94.732
2026-06-16 15:00:00,M03,0.0,72.101,2.368,96.292
2026-06-16 16:00:00,M03,0.0,70.629,2.21,95.06
2026-06-16 17:00:00,M03,0.0,72.396,2.392,96.037
2026-06-16 18:00:00,M03,0.0,73.69,2.417,95.13
2026-06-16 19:00:00,M03,0.0,69.701,2.287,93.547
2026-06-16 20:00:00,M03,0.0,71.253,2.428,95.654
2026-06-16 21:00:00,M03,0.0,73.488,2.281,95.291
2026-06-16 22:00:00,M03,0.0,73.642,2.322,94.526
2026-06-16 23:00:00,M03,0.0,72.731,2.369,95.958
2026-06-17 00:00:00,M03,0.0,74.755,2.429,93.563
2026-06-17 01:00:00,M03,0.0,72.619,2.475,93.691
2026-06-17 02:00:00,M03,0.0,74.023,2.542,94.443
2026-06-17 03:00:00,M03,0.0,72.568,2.414,94.136
2026-06-17 04:00:00,M03,0.0,75.241,2.579,94.914
2026-06-17 05:00:00,M03,0.0,73.709,2.447,96.466
2026-06-17 06:00:00,M03,0.0,74.839,2.609,91.557
2026-06-17 07:00:00,M03,0.0,75.268,2.475,93.43
2026-06-17 08:00:00,M03,0.0,72.986,2.518,91.995
2026-06-17 09:00:00,M03,0.0,74.897,2.481,93.431
2026-06-17 10:00:00,M03,0.0,74.861,2.608,92.755
2026-06-17 11:00:00,M03,0.0,74.086,2.44,93.359
2026-06-17 12:00:00,M03,0.0,73.206,2.463,93.966
2026-06-17 13:00:00,M03,0.0,68.954,2.264,94.665
2026-06-17 14:00:00,M03,0.0,72.601,2.34,95.531
2026-06-17 15:00:00,M03,0.0,69.968,2.332,92.702
2026-06-17 16:00:00,M03,0.0,71.139,2.347,95.941
2026-06-17 17:00:00,M03,0.0,71.959,2.291,93.379
2026-06-17 18:00:00,M03,0.0,70.502,2.223,93.815
2026-06-17 19:00:00,M03,0.0,72.728,2.313,95.134
2026-06-17 20:00:00,M03,0.0,71.039,2.395,95.858
2026-06-17 21:00:00,M03,0.0,72.391,2.349,98.175
2026-06-17 22:00:00,M03,0.0,74.408,2.332,96.263
2026-06-17 23:00:00,M03,0.0,71.703,2.367,94.753
2026-06-18 00:00:00,M03,0.0001,72.097,2.399,94.998
2026-06-18 01:00:00,M03,0.0001,72.808,2.368,94.171
2026-06-18 02:00:00,M03,0.0001,73.76,2.412,96.537
2026-06-18 03:00:00,M03,0.0001,73.161,2.555,91.81
2026-06-18 04:00:00,M03,0.0001,75.188,2.59,97.724
2026-06-18 05:00:00,M03,0.0,76.448,2.541,94.303
2026-06-18 06:00:00,M03,0.0,73.162,2.54,94.363
2026-06-18 07:00:00,M03,0.0001,75.038,2.533,95.446
2026-06-18 08:00:00,M03,0.0001,75.634,2.56,93.7
2026-06-18 09:00:00,M03,0.0001,73.742,2.649,94.416
2026-06-18 10:00:00,M03,0.0001,72.481,2.453,97.411
2026-06-18 11:00:00,M03,0.0,74.108,2.424,97.722
2026-06-18 12:00:00,M03,0.0,74.727,2.529,95.448
2026-06-18 13:00:00,M03,0.0,71.991,2.298,96.946
2026-06-18 14:00:00,M03,0.0,71.923,2.451,95.922
2026-06-18 15:00:00,M03,0.0,71.423,2.315,93.837
2026-06-18 16:00:00,M03,0.0,70.654,2.378,94.068
2026-06-18 17:00:00,M03,0.0,71.764,2.359,94.592
2026-06-18 18:00:00,M03,0.0,70.975,2.425,94.653
2026-06-18 19:00:00,M03,0.0,69.889,2.315,93.709
2026-06-18 20:00:00,M03,0.0,71.514,2.337,93.07
2026-06-18 21:00:00,M03,0.0,71.93,2.303,94.958
2026-06-18 22:00:00,M03,0.0,72.275,2.639,95.585
2026-06-18 23:00:00,M03,0.0,74.656,2.402,96.834
2026-06-19 00:00:00,M03,0.0001,75.289,2.827,98.166
2026-06-19 01:00:00,M03,0.0001,76.415,2.59,95.77
2026-06-19 02:00:00,M03,0.0001,72.499,2.474,96.343
2026-06-19 03:00:00,M03,0.0001,74.65,2.512,94.212
2026-06-19 04:00:00,M03,0.0001,74.38,2.61,94.313
2026-06-19 05:00:00,M03,0.0001,72.706,2.508,96.029
2026-06-19 06:00:00,M03,0.0001,75.998,2.489,93.915
2026-06-19 07:00:00,M03,0.0001,73.395,2.668,93.502
2026-06-19 08:00:00,M03,0.0001,74.567,2.422,94.108
2026-06-19 09:00:00,M03,0.0001,72.959,2.584,93.876
2026-06-19 10:00:00,M03,0.0001,71.371,2.458,95.294
2026-06-19 11:00:00,M03,0.0,72.963,2.348,95.304
2026-06-19 12:00:00,M03,0.0,71.573,2.317,95.758
2026-06-19 13:00:00,M03,0.0,73.982,2.333,94.687
2026-06-19 14:00:00,M03,0.0,71.947,2.36,95.315
2026-06-19 15:00:00,M03,0.0001,75.296,2.434,90.684
2026-06-19 16:00:00,M03,0.0,72.713,2.206,94.983
2026-06-19 17:00:00,M03,0.0001,71.844,2.361,94.231
2026-06-19 18:00:00,M03,0.0001,72.537,2.307,96.129
2026-06-19 19:00:00,M03,0.0001,73.626,2.298,94.078
2026-06-19 20:00:00,M03,0.0001,71.176,2.385,94.335
2026-06-19 21:00:00,M03,0.0,72.029,2.261,94.051
2026-06-19 22:00:00,M03,0.0,73.356,2.318,96.815
2026-06-19 23:00:00,M03,0.0,71.687,2.373,92.68
2026-06-20 00:00:00,M03,0.0001,73.448,2.364,93.552
2026-06-20 01:00:00,M03,0.0,72.488,2.436,95.801
2026-06-20 02:00:00,M03,0.0,73.735,2.5,93.113
2026-06-20 03:00:00,M03,0.0,75.778,2.498,92.53
2026-06-20 04:00:00,M03,0.0,72.942,2.406,94.67
2026-06-20 05:00:00,M03,0.0,74.075,2.407,95.393
2026-06-20 06:00:00,M03,0.0,75.603,2.527,93.571
2026-06-20 07:00:00,M03,0.0,73.277,2.547,96.113
2026-06-20 08:00:00,M03,0.0001,74.4,2.437,93.262
2026-06-20 09:00:00,M03,0.0,73.757,2.487,91.706
2026-06-20 10:00:00,M03,0.0,73.757,2.417,92.126
2026-06-20 11:00:00,M03,0.0,73.577,2.524,95.1
2026-06-20 12:00:00,M03,0.0,71.989,2.439,94.536
2026-06-20 13:00:00,M03,0.0,70.885,2.352,92.04
2026-06-20 14:00:00,M03,0.0,71.82,2.289,94.114
2026-06-20 15:00:00,M03,0.0,71.954,2.261,91.752
2026-06-20 16:00:00,M03,0.0001,71.287,2.371,93.121
2026-06-20 17:00:00,M03,0.0001,71.516,2.312,94.838
2026-06-20 18:00:00,M03,0.0001,70.667,2.213,93.126
2026-06-20 19:00:00,M03,0.0001,71.705,2.409,97.794
2026-06-20 20:00:00,M03,0.0001,70.471,2.294,97.357
2026-06-20 21:00:00,M03,0.0,70.28,2.396,93.755
2026-06-20 22:00:00,M03,0.0,71.83,2.314,94.589
2026-06-20 23:00:00,M03,0.0005,73.977,2.506,96.984
2026-06-21 00:00:00,M03,0.0004,74.471,2.409,95.335
2026-06-21 01:00:00,M03,0.0007,73.577,2.416,94.048
2026-06-21 02:00:00,M03,0.0004,73.32,2.46,96.06
2026-06-21 03:00:00,M03,0.0006,72.711,2.394,94.067
2026-06-21 04:00:00,M03,0.0006,72.123,2.416,92.688
2026-06-21 05:00:00,M03,0.0007,74.185,2.501,94.56
2026-06-21 06:00:00,M03,0.0001,74.445,2.556,93.066
2026-06-21 07:00:00,M03,0.0006,76.031,2.511,92.84
2026-06-21 08:00:00,M03,0.0006,74.315,2.503,92.3
2026-06-21 09:00:00,M03,0.0013,74.955,2.548,94.627
2026-06-21 10:00:00,M03,0.008,76.938,2.596,95.177
2026-06-21 11:00:00,M03,0.0036,73.415,2.608,90.85
2026-06-21 12:00:00,M03,0.0025,74.889,2.418,96.614
2026-06-21 13:00:00,M03,0.0013,73.291,2.308,95.634
2026-06-21 14:00:00,M03,0.0019,71.769,2.348,93.736
2026-06-21 15:00:00,M03,0.002,71.61,2.318,95.977
2026-06-21 16:00:00,M03,0.0015,73.325,2.446,94.78
2026-06-21 17:00:00,M03,0.0008,70.442,2.341,97.608
2026-06-21 18:00:00,M03,0.0007,74.412,2.375,93.219
2026-06-21 19:00:00,M03,0.0011,73.137,2.414,93.701
2026-06-21 20:00:00,M03,0.0033,71.815,2.32,95.439
2026-06-21 21:00:00,M03,0.0033,71.401,2.433,93.24
2026-06-21 22:00:00,M03,0.0013,71.749,2.321,92.547
2026-06-21 23:00:00,M03,0.0008,75.687,2.284,98.111
2026-06-22 00:00:00,M03,0.0009,73.631,2.412,96.29
2026-06-22 01:00:00,M03,0.0015,73.565,2.545,91.633
2026-06-22 02:00:00,M03,0.001,74.115,2.325,95.368
2026-06-22 03:00:00,M03,0.0009,72.408,2.438,94.169
2026-06-22 04:00:00,M03,0.0014,75.149,2.477,92.724
2026-06-22 05:00:00,M03,0.0021,73.838,2.501,91.878
2026-06-22 06:00:00,M03,0.002,73.655,2.493,91.126
2026-06-22 07:00:00,M03,0.0015,73.247,2.625,93.437
2026-06-22 08:00:00,M03,0.0061,74.124,2.85,95.178
2026-06-22 09:00:00,M03,0.0012,73.75,2.434,95.667
2026-06-22 10:00:00,M03,0.0025,75.312,2.508,94.152
2026-06-22 11:00:00,M03,0.0022,72.576,2.499,96.745
2026-06-22 12:00:00,M03,0.0019,73.16,2.436,93.899
2026-06-22 13:00:00,M03,0.0068,70.451,2.398,93.734
2026-06-22 14:00:00,M03,0.0048,70.298,2.469,95.898
2026-06-22 15:00:00,M03,0.0044,72.597,2.345,95.322
2026-06-22 16:00:00,M03,0.0021,71.411,2.239,94.555
2026-06-22 17:00:00,M03,0.0679,71.775,2.945,95.922
2026-06-22 18:00:00,M03,0.0028,71.812,2.363,96.272
2026-06-22 19:00:00,M03,0.0025,73.05,2.391,93.397
2026-06-22 20:00:00,M03,0.0011,70.984,2.183,94.179
2026-06-22 21:00:00,M03,0.0018,72.448,2.448,93.471
2026-06-22 22:00:00,M03,0.0014,70.894,2.377,97.749
2026-06-22 23:00:00,M03,0.0004,69.774,2.264,95.72
2026-06-23 00:00:00,M03,0.0004,72.93,2.339,95.916
2026-06-23 01:00:00,M03,0.0008,73.607,2.385,94.199
2026-06-23 02:00:00,M03,0.0017,74.413,2.411,93.765
2026-06-23 03:00:00,M03,0.0015,73.799,2.45,95.827
2026-06-23 04:00:00,M03,0.002,73.98,2.644,93.73
2026-06-23 05:00:00,M03,0.0041,76.188,2.479,94.508
2026-06-23 06:00:00,M03,0.0003,74.298,3.192,94.025
2026-06-23 07:00:00,M03,0.0007,74.815,2.474,95.125
2026-06-23 08:00:00,M03,0.0006,74.127,2.426,96.294
2026-06-23 09:00:00,M03,0.0009,74.262,2.519,94.383
2026-06-23 10:00:00,M03,0.0007,74.018,2.459,97.37
2026-06-23 11:00:00,M03,0.0019,71.737,2.373,93.129
2026-06-23 12:00:00,M03,0.0007,72.875,2.378,95.12
2026-06-23 13:00:00,M03,0.0008,72.819,2.355,95.683
2026-06-23 14:00:00,M03,0.0008,70.601,2.321,95.408
2026-06-23 15:00:00,M03,0.0009,71.052,2.458,95.318
2026-06-23 16:00:00,M03,0.0005,71.947,2.251,94.0
2026-06-23 17:00:00,M03,0.0006,73.646,2.33,95.947
2026-06-23 18:00:00,M03,0.0007,72.615,2.326,96.247
2026-06-23 19:00:00,M03,0.0013,70.147,2.496,92.774
2026-06-23 20:00:00,M03,0.0021,73.074,2.251,98.425
2026-06-23 21:00:00,M03,0.0015,72.647,2.316,95.64
2026-06-23 22:00:00,M03,0.0014,71.961,2.285,95.201
2026-06-23 23:00:00,M03,0.0018,71.619,2.342,97.075
2026-06-24 00:00:00,M03,0.0019,75.408,2.436,94.088
2026-06-24 01:00:00,M03,0.003,74.41,2.57,93.134
2026-06-24 02:00:00,M03,0.002,73.875,2.384,93.936
2026-06-24 03:00:00,M03,0.0025,74.736,2.446,92.768
2026-06-24 04:00:00,M03,0.0028,75.51,2.656,94.467
2026-06-24 05:00:00,M03,0.0019,74.893,2.474,91.242
2026-06-24 06:00:00,M03,0.0008,76.247,2.523,94.63
2026-06-24 07:00:00,M03,0.0014,73.524,2.46,93.103
2026-06-24 08:00:00,M03,0.0017,74.479,2.6,93.957
2026-06-24 09:00:00,M03,0.0009,74.913,2.553,91.471
2026-06-24 10:00:00,M03,0.0009,73.3,2.528,92.991
2026-06-24 11:00:00,M03,0.0009,74.326,2.397,96.591
2026-06-24 12:00:00,M03,0.0008,71.933,2.446,95.376
2026-06-24 13:00:00,M03,0.0006,72.048,2.311,96.654
2026-06-24 14:00:00,M03,0.0007,72.663,2.309,97.39
2026-06-24 15:00:00,M03,0.0005,72.386,2.377,96.044
2026-06-24 16:00:00,M03,0.0004,72.292,2.256,94.534
2026-06-24 17:00:00,M03,0.0001,70.085,2.227,96.561
2026-06-24 18:00:00,M03,0.0001,71.726,2.306,95.591
2026-06-24 19:00:00,M03,0.0001,71.316,2.356,94.527
2026-06-24 20:00:00,M03,0.0001,71.842,2.288,96.302
2026-06-24 21:00:00,M03,0.0002,73.426,2.373,93.68
2026-06-24 22:00:00,M03,0.0002,73.762,2.397,94.919
2026-06-24 23:00:00,M03,0.0004,71.707,2.397,93.618
2026-06-25 00:00:00,M03,0.0003,73.472,2.33,94.121
2026-06-25 01:00:00,M03,0.0004,74.368,2.403,96.711
2026-06-25 02:00:00,M03,0.0004,73.115,2.381,96.692
2026-06-25 03:00:00,M03,0.0005,75.664,2.469,94.146
2026-06-25 04:00:00,M03,0.0003,75.012,2.439,96.8
2026-06-25 05:00:00,M03,0.0006,73.987,2.539,95.345
2026-06-25 06:00:00,M03,0.0006,74.504,2.499,92.93
2026-06-25 07:00:00,M03,0.0012,74.463,2.499,91.349
2026-06-25 08:00:00,M03,0.0011,74.494,2.68,94.425
2026-06-25 09:00:00,M03,0.0008,72.093,2.378,96.322
2026-06-25 10:00:00,M03,0.0024,72.104,2.441,96.444
2026-06-25 11:00:00,M03,0.0032,75.696,2.417,93.942
2026-06-25 12:00:00,M03,0.0024,72.216,2.335,94.966
2026-06-25 13:00:00,M03,0.0028,73.628,2.371,93.468
2026-06-25 14:00:00,M03,0.002,71.38,2.321,94.252
2026-06-25 15:00:00,M03,0.0022,70.808,2.262,94.31
2026-06-25 16:00:00,M03,0.0014,71.099,2.29,95.265
2026-06-25 17:00:00,M03,0.0017,72.654,2.259,94.363
2026-06-25 18:00:00,M03,0.0011,71.472,2.26,93.479
2026-06-25 19:00:00,M03,0.0034,69.006,2.329,96.017
2026-06-25 20:00:00,M03,0.0037,72.204,2.278,96.821
2026-06-25 21:00:00,M03,0.004,72.596,2.334,94.538
2026-06-25 22:00:00,M03,0.0055,70.703,2.31,94.024
2026-06-25 23:00:00,M03,0.0086,71.876,2.331,95.404
2026-06-26 00:00:00,M03,0.0123,71.915,2.372,93.92
2026-06-26 01:00:00,M03,0.008,73.252,2.601,94.878
2026-06-26 02:00:00,M03,0.0179,73.792,2.535,94.503
2026-06-26 03:00:00,M03,0.0176,74.642,2.443,93.138
2026-06-26 04:00:00,M03,0.0127,74.485,2.659,93.52
2026-06-26 05:00:00,M03,0.0282,75.245,2.631,97.17
2026-06-26 06:00:00,M03,0.0107,75.923,2.467,92.198
2026-06-26 07:00:00,M03,0.0034,76.316,2.43,93.083
2026-06-26 08:00:00,M03,0.0054,76.859,2.401,94.185
2026-06-26 09:00:00,M03,0.0058,73.242,2.462,95.436
2026-06-26 10:00:00,M03,0.0058,73.536,2.577,94.765
2026-06-26 11:00:00,M03,0.004,73.536,2.444,92.473
2026-06-26 12:00:00,M03,0.0053,74.039,2.353,94.903
2026-06-26 13:00:00,M03,0.0047,73.141,2.555,93.801
2026-06-26 14:00:00,M03,0.0048,71.882,2.266,97.56
2026-06-26 15:00:00,M03,0.0049,73.714,2.271,96.554
2026-06-26 16:00:00,M03,0.0087,69.658,2.336,96.942
2026-06-26 17:00:00,M03,0.0036,70.733,2.217,96.832
2026-06-26 18:00:00,M03,0.0046,73.362,2.493,96.872
2026-06-26 19:00:00,M03,0.0005,73.637,2.388,99.222
2026-06-26 20:00:00,M03,0.0006,74.236,2.339,93.731
2026-06-26 21:00:00,M03,0.0006,71.014,2.294,95.21
2026-06-26 22:00:00,M03,0.0005,72.082,2.407,95.828
2026-06-26 23:00:00,M03,0.0009,72.172,2.484,93.37
2026-06-27 00:00:00,M03,0.0007,75.481,2.348,91.013
2026-06-27 01:00:00,M03,0.0009,72.651,2.5,94.323
2026-06-27 02:00:00,M03,0.001,74.538,2.383,91.594
2026-06-27 03:00:00,M03,0.0017,74.18,2.549,97.054
2026-06-27 04:00:00,M03,0.0011,71.301,2.47,96.08
2026-06-27 05:00:00,M03,0.0003,74.499,2.54,96.139
2026-06-27 06:00:00,M03,0.0006,76.994,2.467,93.025
2026-06-27 07:00:00,M03,0.0018,75.911,2.614,95.064
2026-06-27 08:00:00,M03,0.0012,74.287,2.52,93.068
2026-06-27 09:00:00,M03,0.0018,74.614,2.538,94.97
2026-06-27 10:00:00,M03,0.0012,73.306,2.666,96.223
2026-06-27 11:00:00,M03,0.0013,72.988,2.444,94.666
2026-06-27 12:00:00,M03,0.0006,74.974,2.449,96.025
2026-06-27 13:00:00,M03,0.0004,72.444,2.432,93.953
2026-06-27 14:00:00,M03,0.0003,71.834,2.348,95.706
2026-06-27 15:00:00,M03,0.0004,71.248,2.298,96.265
2026-06-27 16:00:00,M03,0.0003,74.125,2.56,94.305
2026-06-27 17:00:00,M03,0.0002,71.26,2.317,95.012
2026-06-27 18:00:00,M03,0.0002,72.652,2.402,97.004
2026-06-27 19:00:00,M03,0.0007,71.51,2.302,94.483
2026-06-27 20:00:00,M03,0.0007,73.455,2.328,96.227
2026-06-27 21:00:00,M03,0.0005,72.183,2.43,92.268
2026-06-27 22:00:00,M03,0.0002,71.783,2.272,94.867
2026-06-27 23:00:00,M03,0.0003,72.372,2.422,94.79
2026-06-28 00:00:00,M03,0.0006,73.934,2.39,93.518
2026-06-28 01:00:00,M03,0.0007,70.53,2.454,94.592
2026-06-28 02:00:00,M03,0.0005,74.79,2.425,93.637
2026-06-28 03:00:00,M03,0.0002,73.519,2.405,96.212
2026-06-28 04:00:00,M03,0.0003,74.726,2.412,95.169
2026-06-28 05:00:00,M03,0.0003,75.006,2.724,93.576
2026-06-28 06:00:00,M03,0.0006,72.954,2.44,91.972
2026-06-28 07:00:00,M03,0.0017,75.611,2.54,96.093
2026-06-28 08:00:00,M03,0.0032,74.207,2.636,91.755
2026-06-28 09:00:00,M03,0.0008,73.164,2.419,91.767
2026-06-28 10:00:00,M03,0.0008,73.344,2.434,95.574
2026-06-28 11:00:00,M03,0.0021,73.64,2.372,92.509
2026-06-28 12:00:00,M03,0.0008,71.906,2.447,95.198
2026-06-28 13:00:00,M03,0.0006,71.905,2.437,96.57
2026-06-28 14:00:00,M03,0.0063,69.244,2.349,95.247
2026-06-28 15:00:00,M03,0.006,71.965,2.297,96.01
2026-06-28 16:00:00,M03,0.0125,69.676,2.379,94.428
2026-06-28 17:00:00,M03,0.0165,72.062,2.326,93.724
2026-06-28 18:00:00,M03,0.0099,70.366,2.226,95.321
2026-06-28 19:00:00,M03,0.004,71.91,2.239,97.614
2026-06-28 20:00:00,M03,0.0076,71.84,2.598,95.954
2026-06-28 21:00:00,M03,0.0164,72.153,2.414,95.669
2026-06-28 22:00:00,M03,0.009,72.625,2.397,92.908
2026-06-28 23:00:00,M03,0.0071,72.375,2.404,93.549
2026-06-29 00:00:00,M03,0.0089,73.583,2.392,94.996
2026-06-29 01:00:00,M03,0.0085,73.528,2.414,94.998
2026-06-29 02:00:00,M03,0.0079,73.453,2.471,94.31
2026-06-29 03:00:00,M03,0.0144,74.412,2.724,93.053
2026-06-29 04:00:00,M03,0.0059,74.35,2.513,92.477
2026-06-29 05:00:00,M03,0.0064,74.974,2.652,92.638
2026-06-29 06:00:00,M03,0.0109,74.515,2.439,92.174
2026-06-29 07:00:00,M03,0.0032,74.307,2.521,92.566
2026-06-29 08:00:00,M03,0.0044,73.183,2.562,94.014
2026-06-29 09:00:00,M03,0.0037,73.157,2.402,90.911
2026-06-29 10:00:00,M03,0.0054,72.225,2.523,93.667
2026-06-29 11:00:00,M03,0.0037,73.71,2.424,94.63
2026-06-29 12:00:00,M03,0.0089,74.622,2.476,93.417
2026-06-29 13:00:00,M03,0.0095,72.447,2.569,93.807
2026-06-29 14:00:00,M03,0.0002,72.744,2.35,93.336
2026-06-29 15:00:00,M03,0.0002,71.222,2.292,94.492
2026-06-29 16:00:00,M03,0.0002,70.97,2.379,95.311
2026-06-29 17:00:00,M03,0.0002,71.199,2.477,94.807
2026-06-29 18:00:00,M03,0.0048,69.346,2.316,96.516
2026-06-29 19:00:00,M03,0.0069,71.884,2.329,96.909
2026-06-29 20:00:00,M03,0.0015,72.145,2.431,97.438
2026-06-29 21:00:00,M03,0.0088,69.684,2.322,94.75
2026-06-29 22:00:00,M03,0.0089,71.581,2.308,94.232
2026-06-29 23:00:00,M03,0.0056,71.496,2.445,96.738
2026-06-15 23:00:00,M04,0.0,68.482,2.085,107.293
2026-06-16 00:00:00,M04,0.0,72.038,2.016,107.817
2026-06-16 01:00:00,M04,0.0,72.897,2.057,107.124
2026-06-16 02:00:00,M04,0.0,69.761,2.045,106.397
2026-06-16 03:00:00,M04,0.0,71.72,2.063,105.858
2026-06-16 04:00:00,M04,0.0,70.837,2.317,107.049
2026-06-16 05:00:00,M04,0.0,72.585,2.11,109.185
2026-06-16 06:00:00,M04,0.0,72.744,2.109,107.655
2026-06-16 07:00:00,M04,0.0,71.206,2.139,106.157
2026-06-16 08:00:00,M04,0.0,71.476,2.09,107.393
2026-06-16 09:00:00,M04,0.0,72.782,2.116,107.072
2026-06-16 10:00:00,M04,0.0,72.838,2.269,106.477
2026-06-16 11:00:00,M04,0.0,71.281,2.086,106.895
2026-06-16 12:00:00,M04,0.0,70.036,2.037,106.48
2026-06-16 13:00:00,M04,0.0,70.67,1.968,108.558
2026-06-16 14:00:00,M04,0.0,71.336,1.978,107.156
2026-06-16 15:00:00,M04,0.0,72.725,2.13,106.863
2026-06-16 16:00:00,M04,0.0,68.115,1.998,107.685
2026-06-16 17:00:00,M04,0.0,68.074,1.95,105.689
2026-06-16 18:00:00,M04,0.0,71.906,1.914,107.006
2026-06-16 19:00:00,M04,0.0,67.66,2.015,107.643
2026-06-16 20:00:00,M04,0.0,66.755,1.963,106.344
2026-06-16 21:00:00,M04,0.0,70.379,1.919,106.473
2026-06-16 22:00:00,M04,0.0,69.338,2.059,105.587
2026-06-16 23:00:00,M04,0.0,70.754,2.024,104.153
2026-06-17 00:00:00,M04,0.0,70.378,2.123,109.586
2026-06-17 01:00:00,M04,0.0,72.187,2.102,106.884
2026-06-17 02:00:00,M04,0.0,72.543,2.147,108.113
2026-06-17 03:00:00,M04,0.0,70.335,2.113,105.317
2026-06-17 04:00:00,M04,0.0,70.018,2.142,107.141
2026-06-17 05:00:00,M04,0.0,71.65,2.127,107.141
2026-06-17 06:00:00,M04,0.0,72.573,2.228,106.904
2026-06-17 07:00:00,M04,0.0,71.658,2.142,107.464
2026-06-17 08:00:00,M04,0.0,71.11,2.183,107.195
2026-06-17 09:00:00,M04,0.0,71.223,2.122,106.263
2026-06-17 10:00:00,M04,0.0,70.27,2.018,104.255
2026-06-17 11:00:00,M04,0.0,68.328,2.022,107.243
2026-06-17 12:00:00,M04,0.0,72.664,2.029,107.014
2026-06-17 13:00:00,M04,0.0,70.62,2.164,110.415
2026-06-17 14:00:00,M04,0.0,69.505,1.944,106.309
2026-06-17 15:00:00,M04,0.0,70.359,2.12,108.552
2026-06-17 16:00:00,M04,0.0,67.758,2.048,106.278
2026-06-17 17:00:00,M04,0.0,68.272,1.92,110.011
2026-06-17 18:00:00,M04,0.0,68.123,2.005,110.299
2026-06-17 19:00:00,M04,0.0,68.442,2.032,106.84
2026-06-17 20:00:00,M04,0.0,68.175,1.893,106.407
2026-06-17 21:00:00,M04,0.0,65.479,2.034,109.044
2026-06-17 22:00:00,M04,0.0,67.96,1.991,105.451
2026-06-17 23:00:00,M04,0.0,67.96,2.12,104.639
2026-06-18 00:00:00,M04,0.0,72.348,2.042,104.972
2026-06-18 01:00:00,M04,0.0,72.35,2.071,107.893
2026-06-18 02:00:00,M04,0.0,70.518,2.046,106.917
2026-06-18 03:00:00,M04,0.0,71.35,2.335,104.849
2026-06-18 04:00:00,M04,0.0,72.134,2.118,105.074
2026-06-18 05:00:00,M04,0.0,72.465,2.082,105.096
2026-06-18 06:00:00,M04,0.0,70.639,2.114,105.827
2026-06-18 07:00:00,M04,0.0,74.732,2.22,108.971
2026-06-18 08:00:00,M04,0.0,71.412,2.189,106.29
2026-06-18 09:00:00,M04,0.0,69.847,2.086,104.588
2026-06-18 10:00:00,M04,0.0,70.563,2.316,109.651
2026-06-18 11:00:00,M04,0.0,70.052,2.031,108.041
2026-06-18 12:00:00,M04,0.0,71.431,2.125,107.55
2026-06-18 13:00:00,M04,0.0,69.43,2.058,104.654
2026-06-18 14:00:00,M04,0.0,70.883,1.997,108.609
2026-06-18 15:00:00,M04,0.0,70.155,1.92,108.626
2026-06-18 16:00:00,M04,0.0,69.569,1.93,109.064
2026-06-18 17:00:00,M04,0.0,69.668,1.963,107.217
2026-06-18 18:00:00,M04,0.0,71.743,1.929,111.325
2026-06-18 19:00:00,M04,0.0,68.691,1.939,108.854
2026-06-18 20:00:00,M04,0.0,72.141,2.046,109.012
2026-06-18 21:00:00,M04,0.0,69.232,1.961,103.32
2026-06-18 22:00:00,M04,0.0,68.891,2.168,108.674
2026-06-18 23:00:00,M04,0.0,69.91,2.07,107.796
2026-06-19 00:00:00,M04,0.0,70.118,2.048,105.737
2026-06-19 01:00:00,M04,0.0,72.456,2.121,103.237
2026-06-19 02:00:00,M04,0.0,71.547,2.063,103.343
2026-06-19 03:00:00,M04,0.0,71.19,2.077,106.067
2026-06-19 04:00:00,M04,0.0,70.852,2.086,107.466
2026-06-19 05:00:00,M04,0.0,70.419,2.122,109.059
2026-06-19 06:00:00,M04,0.0,72.564,2.205,104.286
2026-06-19 07:00:00,M04,0.0,69.819,2.213,104.105
2026-06-19 08:00:00,M04,0.0,71.401,2.021,104.472
2026-06-19 09:00:00,M04,0.0,74.359,2.21,105.161
2026-06-19 10:00:00,M04,0.0,71.24,2.041,106.912
2026-06-19 11:00:00,M04,0.0,68.959,2.214,104.191
2026-06-19 12:00:00,M04,0.0,70.799,1.989,104.942
2026-06-19 13:00:00,M04,0.0,71.425,1.978,106.137
2026-06-19 14:00:00,M04,0.0,69.338,2.015,106.644
2026-06-19 15:00:00,M04,0.0,71.506,1.953,106.644
2026-06-19 16:00:00,M04,0.0,69.102,1.995,107.524
2026-06-19 17:00:00,M04,0.0,71.006,1.969,109.871
2026-06-19 18:00:00,M04,0.0,69.468,1.86,109.112
2026-06-19 19:00:00,M04,0.0,69.041,2.032,107.386
2026-06-19 20:00:00,M04,0.0,70.416,1.925,105.972
2026-06-19 21:00:00,M04,0.0,69.39,2.0,106.9
2026-06-19 22:00:00,M04,0.0,69.633,2.035,105.827
2026-06-19 23:00:00,M04,0.0,69.636,2.044,105.361
2026-06-20 00:00:00,M04,0.0,70.101,1.973,107.692
2026-06-20 01:00:00,M04,0.0,72.751,2.281,108.087
2026-06-20 02:00:00,M04,0.0,71.526,2.149,106.392
2026-06-20 03:00:00,M04,0.0,72.124,2.144,104.865
2026-06-20 04:00:00,M04,0.0,73.33,2.066,106.636
2026-06-20 05:00:00,M04,0.0,70.421,2.215,104.147
2026-06-20 06:00:00,M04,0.0,73.982,2.109,104.034
2026-06-20 07:00:00,M04,0.0,72.547,2.194,106.769
2026-06-20 08:00:00,M04,0.0,71.657,2.197,104.768
2026-06-20 09:00:00,M04,0.0,72.146,2.102,107.211
2026-06-20 10:00:00,M04,0.0,71.397,2.184,105.092
2026-06-20 11:00:00,M04,0.0,71.682,2.164,104.863
2026-06-20 12:00:00,M04,0.0,69.93,1.98,105.842
2026-06-20 13:00:00,M04,0.0,68.278,2.193,108.553
2026-06-20 14:00:00,M04,0.0,69.186,2.032,109.226
2026-06-20 15:00:00,M04,0.0,67.784,1.997,107.64
2026-06-20 16:00:00,M04,0.0,69.227,1.994,106.645
2026-06-20 17:00:00,M04,0.0,70.02,2.129,108.312
2026-06-20 18:00:00,M04,0.0,68.056,1.936,105.714
2026-06-20 19:00:00,M04,0.0,70.492,1.959,109.159
2026-06-20 20:00:00,M04,0.0,68.049,2.012,104.821
2026-06-20 21:00:00,M04,0.0,71.295,2.084,109.432
2026-06-20 22:00:00,M04,0.0,69.68,1.995,108.172
2026-06-20 23:00:00,M04,0.0,68.898,1.975,106.765
2026-06-21 00:00:00,M04,0.0,70.747,2.157,108.347
2026-06-21 01:00:00,M04,0.0,72.934,2.207,109.014
2026-06-21 02:00:00,M04,0.0,70.13,2.131,106.414
2026-06-21 03:00:00,M04,0.0,74.857,2.111,106.126
2026-06-21 04:00:00,M04,0.0,71.009,2.156,105.473
2026-06-21 05:00:00,M04,0.0,72.606,2.172,105.72
2026-06-21 06:00:00,M04,0.0,73.361,2.133,106.467
2026-06-21 07:00:00,M04,0.0,73.317,2.142,105.296
2026-06-21 08:00:00,M04,0.0,69.834,2.106,105.733
2026-06-21 09:00:00,M04,0.0,68.67,2.181,103.984
2026-06-21 10:00:00,M04,0.0,70.939,2.103,104.869
2026-06-21 11:00:00,M04,0.0,71.177,2.087,104.694
2026-06-21 12:00:00,M04,0.0,70.328,2.105,108.998
2026-06-21 13:00:00,M04,0.0,69.406,1.955,106.607
2026-06-21 14:00:00,M04,0.0,69.647,2.043,105.691
2026-06-21 15:00:00,M04,0.0,70.408,2.077,105.549
2026-06-21 16:00:00,M04,0.0,70.207,1.93,108.583
2026-06-21 17:00:00,M04,0.0,69.392,1.945,109.849
2026-06-21 18:00:00,M04,0.0,68.902,1.954,106.561
2026-06-21 19:00:00,M04,0.0,70.354,1.901,109.311
2026-06-21 20:00:00,M04,0.0,72.305,1.933,107.422
2026-06-21 21:00:00,M04,0.0,68.749,1.949,106.306
2026-06-21 22:00:00,M04,0.0,69.376,2.002,108.452
2026-06-21 23:00:00,M04,0.0,70.228,2.048,108.118
2026-06-22 00:00:00,M04,0.0,70.817,2.009,108.595
2026-06-22 01:00:00,M04,0.0,70.729,2.118,103.984
2026-06-22 02:00:00,M04,0.0,72.295,2.153,107.021
2026-06-22 03:00:00,M04,0.0,74.01,2.12,106.2
2026-06-22 04:00:00,M04,0.0,73.685,2.196,104.732
2026-06-22 05:00:00,M04,0.0,72.897,2.162,105.505
2026-06-22 06:00:00,M04,0.0,71.293,2.164,105.841
2026-06-22 07:00:00,M04,0.0,71.74,2.186,104.712
2026-06-22 08:00:00,M04,0.0,71.74,2.084,107.33
2026-06-22 09:00:00,M04,0.0,70.871,2.085,107.209
2026-06-22 10:00:00,M04,0.0,70.922,2.19,106.933
2026-06-22 11:00:00,M04,0.0,72.325,2.214,108.347
2026-06-22 12:00:00,M04,0.0,70.395,2.095,109.38
2026-06-22 13:00:00,M04,0.0,69.468,1.985,106.939
2026-06-22 14:00:00,M04,0.0,69.309,1.991,107.31
2026-06-22 15:00:00,M04,0.0,69.871,2.244,107.078
2026-06-22 16:00:00,M04,0.0,67.868,1.88,106.17
2026-06-22 17:00:00,M04,0.0,71.061,2.052,105.141
2026-06-22 18:00:00,M04,0.0,68.18,1.928,107.271
2026-06-22 19:00:00,M04,0.0,69.92,1.943,108.994
2026-06-22 20:00:00,M04,0.0,68.902,1.943,108.58
2026-06-22 21:00:00,M04,0.0,70.923,1.999,106.896
2026-06-22 22:00:00,M04,0.0,71.441,1.973,107.359
2026-06-22 23:00:00,M04,0.0,69.437,2.149,109.413
2026-06-23 00:00:00,M04,0.0,68.898,1.983,107.334
2026-06-23 01:00:00,M04,0.0,70.431,2.092,106.713
2026-06-23 02:00:00,M04,0.0,69.45,2.143,107.741
2026-06-23 03:00:00,M04,0.0,71.049,2.05,105.951
2026-06-23 04:00:00,M04,0.0,71.803,2.139,105.919
2026-06-23 05:00:00,M04,0.0,71.57,2.135,106.511
2026-06-23 06:00:00,M04,0.0,73.335,2.255,107.606
2026-06-23 07:00:00,M04,0.0,71.814,2.086,105.147
2026-06-23 08:00:00,M04,0.0,70.242,2.154,105.41
2026-06-23 09:00:00,M04,0.0,73.0,2.165,107.159
2026-06-23 10:00:00,M04,0.0,71.625,2.265,108.251
2026-06-23 11:00:00,M04,0.0,70.819,2.085,106.307
2026-06-23 12:00:00,M04,0.0,71.515,2.233,109.713
2026-06-23 13:00:00,M04,0.0,68.626,2.038,108.021
2026-06-23 14:00:00,M04,0.0,72.578,2.096,108.419
2026-06-23 15:00:00,M04,0.0,69.793,2.583,108.893
2026-06-23 16:00:00,M04,0.0,69.566,2.261,107.587
2026-06-23 17:00:00,M04,0.0,70.535,1.967,107.906
2026-06-23 18:00:00,M04,0.0,69.49,1.895,107.545
2026-06-23 19:00:00,M04,0.0,67.048,1.9,105.293
2026-06-23 20:00:00,M04,0.0,70.312,2.202,107.94
2026-06-23 21:00:00,M04,0.0,70.996,1.918,110.154
2026-06-23 22:00:00,M04,0.0,70.269,1.935,109.632
2026-06-23 23:00:00,M04,0.0,70.404,2.037,108.201
2026-06-24 00:00:00,M04,0.0,68.827,1.959,108.924
2026-06-24 01:00:00,M04,0.0,71.021,2.146,105.048
2026-06-24 02:00:00,M04,0.0,71.741,2.07,107.057
2026-06-24 03:00:00,M04,0.0,73.351,2.056,105.091
2026-06-24 04:00:00,M04,0.0,73.824,2.158,106.311
2026-06-24 05:00:00,M04,0.0,71.845,2.234,102.896
2026-06-24 06:00:00,M04,0.0,72.595,2.154,105.567
2026-06-24 07:00:00,M04,0.0,71.582,2.216,107.189
2026-06-24 08:00:00,M04,0.0,69.117,2.15,103.359
2026-06-24 09:00:00,M04,0.0,71.214,2.114,104.395
2026-06-24 10:00:00,M04,0.0,71.165,2.22,103.989
2026-06-24 11:00:00,M04,0.0,73.18,2.019,106.915
2026-06-24 12:00:00,M04,0.0,70.593,1.991,107.742
2026-06-24 13:00:00,M04,0.0,70.186,2.02,109.697
2026-06-24 14:00:00,M04,0.0,70.296,2.035,108.741
2026-06-24 15:00:00,M04,0.0,68.577,1.954,108.755
2026-06-24 16:00:00,M04,0.0,67.695,1.948,109.548
2026-06-24 17:00:00,M04,0.0,70.113,2.016,108.549
2026-06-24 18:00:00,M04,0.0,69.307,1.948,109.448
2026-06-24 19:00:00,M04,0.0,69.924,1.868,110.67
2026-06-24 20:00:00,M04,0.0,69.691,2.089,109.856
2026-06-24 21:00:00,M04,0.0,68.694,1.965,106.81
2026-06-24 22:00:00,M04,0.0,69.565,1.896,108.166
2026-06-24 23:00:00,M04,0.0,70.638,2.042,105.736
2026-06-25 00:00:00,M04,0.0,70.658,2.252,104.756
2026-06-25 01:00:00,M04,0.0,72.088,2.047,106.006
2026-06-25 02:00:00,M04,0.0,71.943,2.053,108.156
2026-06-25 03:00:00,M04,0.0,70.326,2.222,105.904
2026-06-25 04:00:00,M04,0.0,68.126,2.348,106.549
2026-06-25 05:00:00,M04,0.0,72.807,2.195,106.015
2026-06-25 06:00:00,M04,0.0,73.374,2.107,105.358
2026-06-25 07:00:00,M04,0.0,72.611,2.14,104.554
2026-06-25 08:00:00,M04,0.0,72.13,2.058,104.192
2026-06-25 09:00:00,M04,0.0,70.441,2.067,105.874
2026-06-25 10:00:00,M04,0.0,69.6,2.227,109.211
2026-06-25 11:00:00,M04,0.0,70.566,2.033,104.981
2026-06-25 12:00:00,M04,0.0,71.841,2.046,105.674
2026-06-25 13:00:00,M04,0.0,69.436,1.962,110.525
2026-06-25 14:00:00,M04,0.0,70.502,2.15,105.024
2026-06-25 15:00:00,M04,0.0,70.709,2.061,108.582
2026-06-25 16:00:00,M04,0.0,67.48,2.013,107.683
2026-06-25 17:00:00,M04,0.0,69.861,2.086,110.124
2026-06-25 18:00:00,M04,0.0,70.013,2.185,105.095
2026-06-25 19:00:00,M04,0.0,69.852,2.015,109.922
2026-06-25 20:00:00,M04,0.0,69.499,2.202,108.204
2026-06-25 21:00:00,M04,0.0,68.133,1.953,108.405
2026-06-25 22:00:00,M04,0.0,70.465,1.999,105.352
2026-06-25 23:00:00,M04,0.0,70.954,2.027,108.407
2026-06-26 00:00:00,M04,0.0,71.189,2.06,109.408
2026-06-26 01:00:00,M04,0.0,71.469,2.303,108.449
2026-06-26 02:00:00,M04,0.0,69.653,2.131,103.898
2026-06-26 03:00:00,M04,0.0,70.515,2.154,107.814
2026-06-26 04:00:00,M04,0.0,72.659,2.099,105.186
2026-06-26 05:00:00,M04,0.0,70.061,2.04,105.061
2026-06-26 06:00:00,M04,0.0,70.888,2.075,106.342
2026-06-26 07:00:00,M04,0.0,71.034,2.119,106.891
2026-06-26 08:00:00,M04,0.0,73.079,2.062,106.416
2026-06-26 09:00:00,M04,0.0,72.622,2.041,106.347
2026-06-26 10:00:00,M04,0.0,70.925,2.089,109.084
2026-06-26 11:00:00,M04,0.0,71.703,2.237,104.67
2026-06-26 12:00:00,M04,0.0,72.051,2.03,107.256
2026-06-26 13:00:00,M04,0.0,69.739,2.092,107.112
2026-06-26 14:00:00,M04,0.0,70.967,1.981,106.269
2026-06-26 15:00:00,M04,0.0,70.431,1.959,109.511
2026-06-26 16:00:00,M04,0.0,68.78,1.977,107.025
2026-06-26 17:00:00,M04,0.0,69.318,1.917,110.442
2026-06-26 18:00:00,M04,0.0,70.921,1.982,106.001
2026-06-26 19:00:00,M04,0.0,68.871,1.946,108.761
2026-06-26 20:00:00,M04,0.0,69.411,1.904,107.285
2026-06-26 21:00:00,M04,0.0,68.479,1.977,107.337
2026-06-26 22:00:00,M04,0.0,72.209,1.934,105.442
2026-06-26 23:00:00,M04,0.0,68.697,2.059,106.619
2026-06-27 00:00:00,M04,0.0,70.421,2.197,106.937
2026-06-27 01:00:00,M04,0.0,70.21,2.165,107.905
2026-06-27 02:00:00,M04,0.0,70.895,2.194,106.619
2026-06-27 03:00:00,M04,0.0,68.672,2.085,105.564
2026-06-27 04:00:00,M04,0.0,69.968,2.178,108.72
2026-06-27 05:00:00,M04,0.0,72.889,2.109,109.345
2026-06-27 06:00:00,M04,0.0,70.601,2.225,106.539
2026-06-27 07:00:00,M04,0.0,72.176,2.232,106.174
2026-06-27 08:00:00,M04,0.0,73.549,2.142,109.595
2026-06-27 09:00:00,M04,0.0,71.127,2.046,106.275
2026-06-27 10:00:00,M04,0.0,70.258,2.135,106.021
2026-06-27 11:00:00,M04,0.0,70.598,2.083,106.044
2026-06-27 12:00:00,M04,0.0,71.566,2.008,106.544
2026-06-27 13:00:00,M04,0.0,69.503,2.013,109.302
2026-06-27 14:00:00,M04,0.0,69.409,1.891,110.783
2026-06-27 15:00:00,M04,0.0,71.231,1.964,108.135
2026-06-27 16:00:00,M04,0.0,74.553,1.931,106.859
2026-06-27 17:00:00,M04,0.0,69.352,1.987,112.554
2026-06-27 18:00:00,M04,0.0,68.984,1.978,107.174
2026-06-27 19:00:00,M04,0.0,70.932,1.91,110.207
2026-06-27 20:00:00,M04,0.0,67.039,2.094,105.591
2026-06-27 21:00:00,M04,0.0,68.523,2.138,108.367
2026-06-27 22:00:00,M04,0.0,71.377,1.932,111.82
2026-06-27 23:00:00,M04,0.0,70.125,2.11,106.446
2026-06-28 00:00:00,M04,0.0,71.653,2.038,109.282
2026-06-28 01:00:00,M04,0.0,70.056,2.125,107.232
2026-06-28 02:00:00,M04,0.0,71.415,2.207,108.576
2026-06-28 03:00:00,M04,0.0,71.67,2.087,106.537
2026-06-28 04:00:00,M04,0.0,72.667,2.241,105.06
2026-06-28 05:00:00,M04,0.0,71.442,2.163,102.195
2026-06-28 06:00:00,M04,0.0,73.166,2.128,105.567
2026-06-28 07:00:00,M04,0.0,72.084,2.13,106.487
2026-06-28 08:00:00,M04,0.0,71.267,2.265,104.427
2026-06-28 09:00:00,M04,0.0,72.459,2.2,105.532
2026-06-28 10:00:00,M04,0.0,71.124,2.063,107.518
2026-06-28 11:00:00,M04,0.0,68.507,2.034,105.608
2026-06-28 12:00:00,M04,0.0,71.839,2.138,108.671
2026-06-28 13:00:00,M04,0.0,69.282,2.079,107.252
2026-06-28 14:00:00,M04,0.0,69.762,2.056,109.134
2026-06-28 15:00:00,M04,0.0,71.804,1.998,107.624
2026-06-28 16:00:00,M04,0.0,72.304,1.907,108.064
2026-06-28 17:00:00,M04,0.0,68.004,1.903,107.62
2026-06-28 18:00:00,M04,0.0,69.695,1.907,107.4
2026-06-28 19:00:00,M04,0.0,68.019,1.907,109.858
2026-06-28 20:00:00,M04,0.0,69.742,1.984,108.257
2026-06-28 21:00:00,M04,0.0,68.477,1.969,107.667
2026-06-28 22:00:00,M04,0.0,69.422,2.03,107.326
2026-06-28 23:00:00,M04,0.0,69.422,1.979,106.729
2026-06-29 00:00:00,M04,0.0,71.755,2.13,102.72
2026-06-29 01:00:00,M04,0.0,71.856,2.168,105.272
2026-06-29 02:00:00,M04,0.0,70.793,2.124,106.157
2026-06-29 03:00:00,M04,0.0,70.841,2.112,103.818
2026-06-29 04:00:00,M04,0.0,72.773,2.197,107.571
2026-06-29 05:00:00,M04,0.0,69.841,2.084,105.153
2026-06-29 06:00:00,M04,0.0,72.644,2.115,106.092
2026-06-29 07:00:00,M04,0.0,70.876,2.089,108.366
2026-06-29 08:00:00,M04,0.0,71.615,2.137,105.555
2026-06-29 09:00:00,M04,0.0,72.763,2.154,106.104
2026-06-29 10:00:00,M04,0.0,71.027,2.164,106.547
2026-06-29 11:00:00,M04,0.0,69.175,2.009,107.481
2026-06-29 12:00:00,M04,0.0,70.783,2.25,105.98
2026-06-29 13:00:00,M04,0.0,69.428,2.23,107.109
2026-06-29 14:00:00,M04,0.0,69.18,2.127,109.049
2026-06-29 15:00:00,M04,0.0,69.908,2.016,106.489
2026-06-29 16:00:00,M04,0.0,69.027,1.909,111.131
2026-06-29 17:00:00,M04,0.0,69.484,1.932,107.049
2026-06-29 18:00:00,M04,0.0,67.691,2.029,104.643
2026-06-29 19:00:00,M04,0.0,67.966,2.045,109.318
2026-06-29 20:00:00,M04,0.0,70.66,2.113,108.033
2026-06-29 21:00:00,M04,0.0,71.501,1.944,109.003
2026-06-29 22:00:00,M04,0.0,67.989,1.956,110.61
2026-06-29 23:00:00,M04,0.0,71.208,2.1,106.858
2026-06-15 23:00:00,M05,0.0002,70.987,2.522,97.05
2026-06-16 00:00:00,M05,0.0001,69.956,2.462,99.948
2026-06-16 01:00:00,M05,0.0006,72.502,2.703,99.411
2026-06-16 02:00:00,M05,0.0004,71.836,2.51,100.55
2026-06-16 03:00:00,M05,0.0005,72.203,2.645,97.404
2026-06-16 04:00:00,M05,0.001,73.717,2.62,99.518
2026-06-16 05:00:00,M05,0.0005,71.893,2.611,100.911
2026-06-16 06:00:00,M05,0.0007,71.302,2.609,96.988
2026-06-16 07:00:00,M05,0.0014,74.279,2.63,100.57
2026-06-16 08:00:00,M05,0.0012,70.954,2.529,99.28
2026-06-16 09:00:00,M05,0.0012,70.991,2.662,100.894
2026-06-16 10:00:00,M05,0.002,71.398,2.569,99.344
2026-06-16 11:00:00,M05,0.0015,70.503,2.506,102.719
2026-06-16 12:00:00,M05,0.0006,70.272,2.558,102.107
2026-06-16 13:00:00,M05,0.0004,70.868,2.523,99.442
2026-06-16 14:00:00,M05,0.0005,71.033,2.514,95.078
2026-06-16 15:00:00,M05,0.0003,71.725,2.534,102.068
2026-06-16 16:00:00,M05,0.0003,70.7,2.393,99.776
2026-06-16 17:00:00,M05,0.0002,69.922,2.535,100.614
2026-06-16 18:00:00,M05,0.0001,71.354,2.435,100.42
2026-06-16 19:00:00,M05,0.0001,69.339,2.38,101.358
2026-06-16 20:00:00,M05,0.0001,70.104,2.442,100.471
2026-06-16 21:00:00,M05,0.0001,70.108,2.634,99.744
2026-06-16 22:00:00,M05,0.0001,69.459,2.459,98.653
2026-06-16 23:00:00,M05,0.0002,71.052,2.42,100.44
2026-06-17 00:00:00,M05,0.0002,69.235,2.55,99.23
2026-06-17 01:00:00,M05,0.0002,69.168,2.554,102.276
2026-06-17 02:00:00,M05,0.0003,72.525,2.537,97.451
2026-06-17 03:00:00,M05,0.0002,73.208,2.755,100.451
2026-06-17 04:00:00,M05,0.0002,73.121,2.533,100.31
2026-06-17 05:00:00,M05,0.0003,71.901,2.644,99.79
2026-06-17 06:00:00,M05,0.0014,73.54,2.612,97.353
2026-06-17 07:00:00,M05,0.0004,72.202,2.877,102.663
2026-06-17 08:00:00,M05,0.0003,73.217,2.572,100.122
2026-06-17 09:00:00,M05,0.0003,71.934,2.529,97.192
2026-06-17 10:00:00,M05,0.0009,73.276,2.559,98.76
2026-06-17 11:00:00,M05,0.0007,72.967,2.483,99.656
2026-06-17 12:00:00,M05,0.0018,70.211,2.565,100.315
2026-06-17 13:00:00,M05,0.0024,71.664,2.451,99.983
2026-06-17 14:00:00,M05,0.0028,69.215,2.579,98.905
2026-06-17 15:00:00,M05,0.0012,70.187,2.444,100.14
2026-06-17 16:00:00,M05,0.0006,68.037,2.492,100.89
2026-06-17 17:00:00,M05,0.0007,70.655,2.483,100.89
2026-06-17 18:00:00,M05,0.0004,68.912,2.375,98.919
2026-06-17 19:00:00,M05,0.0008,69.102,2.606,100.269
2026-06-17 20:00:00,M05,0.0004,70.033,2.317,99.286
2026-06-17 21:00:00,M05,0.0004,69.505,2.405,99.914
2026-06-17 22:00:00,M05,0.0003,70.346,2.54,99.81
2026-06-17 23:00:00,M05,0.001,71.366,2.407,100.6
2026-06-18 00:00:00,M05,0.0012,71.339,2.553,101.102
2026-06-18 01:00:00,M05,0.0008,68.712,2.6,98.378
2026-06-18 02:00:00,M05,0.0013,72.587,2.674,99.016
2026-06-18 03:00:00,M05,0.0023,74.521,2.507,96.393
2026-06-18 04:00:00,M05,0.0031,71.173,2.544,98.198
2026-06-18 05:00:00,M05,0.0021,74.672,2.566,98.47
2026-06-18 06:00:00,M05,0.0017,72.943,2.591,100.331
2026-06-18 07:00:00,M05,0.0015,71.723,2.65,100.261
2026-06-18 08:00:00,M05,0.0015,71.763,2.543,98.363
2026-06-18 09:00:00,M05,0.002,71.973,2.509,99.131
2026-06-18 10:00:00,M05,0.0019,71.325,2.559,99.916
2026-06-18 11:00:00,M05,0.0018,73.065,2.652,99.013
2026-06-18 12:00:00,M05,0.0016,72.299,2.501,100.93
2026-06-18 13:00:00,M05,0.0018,71.681,2.551,100.091
2026-06-18 14:00:00,M05,0.0018,73.073,2.541,98.446
2026-06-18 15:00:00,M05,0.0016,73.073,2.406,100.204
2026-06-18 16:00:00,M05,0.0014,68.769,2.399,98.551
2026-06-18 17:00:00,M05,0.0013,72.237,2.364,99.273
2026-06-18 18:00:00,M05,0.0014,69.579,2.379,100.857
2026-06-18 19:00:00,M05,0.0013,69.673,2.442,102.033
2026-06-18 20:00:00,M05,0.0014,68.925,2.333,102.227
2026-06-18 21:00:00,M05,0.002,70.015,2.415,101.132
2026-06-18 22:00:00,M05,0.0019,70.191,2.61,100.774
2026-06-18 23:00:00,M05,0.0016,71.701,2.416,99.262
2026-06-19 00:00:00,M05,0.0017,69.863,2.463,99.769
2026-06-19 01:00:00,M05,0.0026,68.722,2.473,99.601
2026-06-19 02:00:00,M05,0.0037,74.034,2.621,98.901
2026-06-19 03:00:00,M05,0.0015,71.969,2.597,98.013
2026-06-19 04:00:00,M05,0.0015,69.871,2.579,98.208
2026-06-19 05:00:00,M05,0.0018,72.446,2.581,97.727
2026-06-19 06:00:00,M05,0.0016,73.93,2.704,100.235
2026-06-19 07:00:00,M05,0.0019,72.404,2.613,97.727
2026-06-19 08:00:00,M05,0.0015,71.675,2.777,99.448
2026-06-19 09:00:00,M05,0.0034,73.68,2.658,96.652
2026-06-19 10:00:00,M05,0.004,71.581,2.653,98.914
2026-06-19 11:00:00,M05,0.0042,71.231,2.696,98.854
2026-06-19 12:00:00,M05,0.0037,71.778,2.602,100.118
2026-06-19 13:00:00,M05,0.0036,70.79,2.639,98.949
2026-06-19 14:00:00,M05,0.0039,71.387,2.651,98.677
2026-06-19 15:00:00,M05,0.0047,69.352,2.68,100.368
2026-06-19 16:00:00,M05,0.0024,70.812,2.663,99.704
2026-06-19 17:00:00,M05,0.0094,70.215,2.728,99.737
2026-06-19 18:00:00,M05,0.0087,71.775,2.805,98.616
2026-06-19 19:00:00,M05,0.0026,69.363,2.752,98.401
2026-06-19 20:00:00,M05,0.0061,71.88,2.879,99.898
2026-06-19 21:00:00,M05,0.0046,74.035,2.953,98.484
2026-06-19 22:00:00,M05,0.0071,74.648,2.944,98.87
2026-06-19 23:00:00,M05,0.0069,74.456,2.944,97.928
2026-06-20 00:00:00,M05,0.0029,76.214,3.005,100.913
2026-06-20 01:00:00,M05,0.0022,75.176,3.003,99.304
2026-06-20 02:00:00,M05,0.0014,75.348,3.082,96.326
2026-06-20 03:00:00,M05,0.0007,76.259,3.239,96.696
2026-06-20 04:00:00,M05,0.0006,76.143,3.207,98.128
2026-06-20 05:00:00,M05,0.0008,76.992,3.335,95.303
2026-06-20 06:00:00,M05,0.0035,78.39,3.429,96.606
2026-06-20 07:00:00,M05,0.0009,78.541,3.398,95.906
2026-06-20 08:00:00,M05,0.0015,78.743,3.412,96.72
2026-06-20 09:00:00,M05,0.0051,77.211,3.569,95.726
2026-06-20 10:00:00,M05,0.0377,80.441,3.563,94.026
2026-06-20 11:00:00,M05,0.0031,78.042,3.526,97.652
2026-06-20 12:00:00,M05,0.1937,82.521,3.464,97.723
2026-06-20 13:00:00,M05,0.0319,76.444,3.561,97.677
2026-06-20 14:00:00,M05,0.4801,79.438,3.618,95.838
2026-06-20 15:00:00,M05,0.003,76.959,3.525,95.219
2026-06-20 16:00:00,M05,0.2543,79.833,3.673,95.962
2026-06-20 17:00:00,M05,0.1213,79.987,3.577,95.014
2026-06-20 18:00:00,M05,0.0563,79.855,3.757,95.376
2026-06-20 19:00:00,M05,0.0119,79.054,3.648,93.897
2026-06-20 20:00:00,M05,0.0054,79.413,3.747,96.963
2026-06-20 21:00:00,M05,0.0004,80.459,3.797,92.667
2026-06-20 22:00:00,M05,0.0005,79.914,3.825,93.576
2026-06-20 23:00:00,M05,0.0322,81.121,4.013,93.707
2026-06-21 00:00:00,M05,0.0574,80.759,4.107,89.697
2026-06-21 01:00:00,M05,0.453,83.275,4.203,92.434
2026-06-21 02:00:00,M05,0.4476,83.383,4.167,92.603
2026-06-21 03:00:00,M05,0.5295,85.516,4.182,91.832
2026-06-21 04:00:00,M05,0.999,86.831,4.311,89.648
2026-06-21 05:00:00,M05,0.9996,87.567,4.435,88.249
2026-06-21 06:00:00,M05,0.9997,87.452,4.641,90.278
2026-06-21 07:00:00,M05,0.9996,84.444,4.468,92.637
2026-06-21 08:00:00,M05,1.0,85.702,4.558,90.539
2026-06-21 09:00:00,M05,1.0,85.383,4.507,90.363
2026-06-21 10:00:00,M05,1.0,85.868,4.705,89.376
2026-06-21 11:00:00,M05,1.0,87.659,4.832,88.803
2026-06-21 12:00:00,M05,1.0,87.451,4.709,89.736
2026-06-21 13:00:00,M05,1.0,85.401,4.75,89.811
2026-06-21 14:00:00,M05,1.0,87.515,4.817,91.227
2026-06-21 15:00:00,M05,1.0,86.909,4.735,89.206
2026-06-21 16:00:00,M05,1.0,87.391,4.859,88.992
2026-06-21 17:00:00,M05,1.0,88.036,4.897,89.903
2026-06-21 18:00:00,M05,1.0,86.93,4.989,87.966
2026-06-21 19:00:00,M05,1.0,88.818,5.174,88.842
2026-06-21 20:00:00,M05,1.0,87.006,5.061,87.82
2026-06-21 21:00:00,M05,1.0,88.647,5.065,85.556
2026-06-21 22:00:00,M05,1.0,89.996,5.196,85.629
2026-06-21 23:00:00,M05,1.0,90.939,5.222,86.59
2026-06-22 00:00:00,M05,1.0,92.408,5.398,86.453
2026-06-22 01:00:00,M05,1.0,91.828,5.634,85.968
2026-06-22 14:00:00,M05,0.0,69.049,2.504,97.518
2026-06-22 15:00:00,M05,0.0,71.025,2.446,99.758
2026-06-22 16:00:00,M05,0.0,69.423,2.502,99.446
2026-06-22 17:00:00,M05,0.0,67.926,2.498,102.054
2026-06-22 18:00:00,M05,0.0,69.251,2.364,100.777
2026-06-22 19:00:00,M05,0.0,70.154,2.489,98.262
2026-06-22 20:00:00,M05,0.0,70.16,2.425,98.831
2026-06-22 21:00:00,M05,0.0,73.047,2.572,100.998
2026-06-22 22:00:00,M05,0.0,67.955,2.541,98.785
2026-06-22 23:00:00,M05,0.0,70.352,2.461,98.695
2026-06-23 00:00:00,M05,0.0,71.334,2.501,99.409
2026-06-23 01:00:00,M05,0.0,67.994,2.491,98.681
2026-06-23 02:00:00,M05,0.0,69.674,2.568,98.951
2026-06-23 03:00:00,M05,0.0,72.832,2.733,98.031
2026-06-23 04:00:00,M05,0.0,72.967,2.574,97.387
2026-06-23 05:00:00,M05,0.0,71.113,2.666,97.636
2026-06-23 06:00:00,M05,0.0,71.72,2.552,98.961
2026-06-23 07:00:00,M05,0.0,71.332,2.553,98.396
2026-06-23 08:00:00,M05,0.0,73.359,2.526,99.004
2026-06-23 09:00:00,M05,0.0,70.263,2.523,99.034
2026-06-23 10:00:00,M05,0.0,71.875,2.71,98.242
2026-06-23 11:00:00,M05,0.0,70.333,2.532,98.458
2026-06-23 12:00:00,M05,0.0,70.847,2.441,98.039
2026-06-23 13:00:00,M05,0.0,70.717,2.566,98.809
2026-06-23 14:00:00,M05,0.0,68.852,2.566,100.469
2026-06-23 15:00:00,M05,0.0,67.252,2.406,100.221
2026-06-23 16:00:00,M05,0.0,70.665,2.367,98.654
2026-06-23 17:00:00,M05,0.0,69.515,2.401,100.537
2026-06-23 18:00:00,M05,0.0,70.278,2.482,100.656
2026-06-23 19:00:00,M05,0.0,70.356,2.375,99.543
2026-06-23 20:00:00,M05,0.0,70.338,2.442,100.328
2026-06-23 21:00:00,M05,0.0,68.433,2.478,100.601
2026-06-23 22:00:00,M05,0.0,71.558,2.478,98.33
2026-06-23 23:00:00,M05,0.0,69.511,2.613,97.495
2026-06-24 00:00:00,M05,0.0,71.113,2.511,100.854
2026-06-24 01:00:00,M05,0.0,73.32,2.524,100.549
2026-06-24 02:00:00,M05,0.0,69.529,2.693,100.155
2026-06-24 03:00:00,M05,0.0,73.619,2.555,99.734
2026-06-24 04:00:00,M05,0.0,73.232,2.516,100.12
2026-06-24 05:00:00,M05,0.0,72.559,2.681,99.708
2026-06-24 06:00:00,M05,0.0,72.153,2.6,101.38
2026-06-24 07:00:00,M05,0.0,73.334,2.67,100.188
2026-06-24 08:00:00,M05,0.0,73.487,2.708,101.501
2026-06-24 09:00:00,M05,0.0,72.891,2.641,101.246
2026-06-24 10:00:00,M05,0.0,71.143,2.622,99.505
2026-06-24 11:00:00,M05,0.0,73.788,2.621,98.375
2026-06-24 12:00:00,M05,0.0,72.073,2.484,101.691
2026-06-24 13:00:00,M05,0.0,70.984,2.433,100.026
2026-06-24 14:00:00,M05,0.0,72.338,2.387,101.961
2026-06-24 15:00:00,M05,0.0,69.296,2.425,101.937
2026-06-24 16:00:00,M05,0.0,71.285,2.329,99.628
2026-06-24 17:00:00,M05,0.0,71.273,2.582,102.016
2026-06-24 18:00:00,M05,0.0,67.936,2.45,101.076
2026-06-24 19:00:00,M05,0.0,68.664,2.639,101.398
2026-06-24 20:00:00,M05,0.0,70.444,3.125,100.305
2026-06-24 21:00:00,M05,0.0,68.966,2.453,99.408
2026-06-24 22:00:00,M05,0.0,69.224,2.518,101.916
2026-06-24 23:00:00,M05,0.0,69.004,2.436,102.242
2026-06-25 00:00:00,M05,0.0,71.731,2.52,98.231
2026-06-25 01:00:00,M05,0.0,72.901,2.482,99.674
2026-06-25 02:00:00,M05,0.0,73.146,3.085,99.665
2026-06-25 03:00:00,M05,0.0,70.717,2.6,98.423
2026-06-25 04:00:00,M05,0.0,73.452,2.594,98.862
2026-06-25 05:00:00,M05,0.0,71.071,2.553,97.91
2026-06-25 06:00:00,M05,0.0,72.444,2.547,98.186
2026-06-25 07:00:00,M05,0.0,71.828,2.617,99.184
2026-06-25 08:00:00,M05,0.0,73.203,2.576,100.55
2026-06-25 09:00:00,M05,0.0,71.683,2.54,102.478
2026-06-25 10:00:00,M05,0.0,73.349,2.581,98.405
2026-06-25 11:00:00,M05,0.0,71.608,2.739,99.349
2026-06-25 12:00:00,M05,0.0,71.382,2.645,98.891
2026-06-25 13:00:00,M05,0.0,68.622,2.507,101.95
2026-06-25 14:00:00,M05,0.0,71.031,2.406,99.719
2026-06-25 15:00:00,M05,0.0,70.356,2.409,100.221
2026-06-25 16:00:00,M05,0.0,68.813,2.556,100.158
2026-06-25 17:00:00,M05,0.0,67.951,2.37,100.429
2026-06-25 18:00:00,M05,0.0,69.821,2.331,103.819
2026-06-25 19:00:00,M05,0.0,67.729,2.423,100.765
2026-06-25 20:00:00,M05,0.0,71.106,2.493,99.987
2026-06-25 21:00:00,M05,0.0,69.536,2.512,98.745
2026-06-25 22:00:00,M05,0.0,70.534,2.505,100.363
2026-06-25 23:00:00,M05,0.0,68.661,2.418,97.847
2026-06-26 00:00:00,M05,0.0,73.282,2.494,99.655
2026-06-26 01:00:00,M05,0.0,68.55,2.616,100.103
2026-06-26 02:00:00,M05,0.0,71.214,2.549,96.412
2026-06-26 03:00:00,M05,0.0,73.183,2.665,97.565
2026-06-26 04:00:00,M05,0.0,70.829,2.543,99.047
2026-06-26 05:00:00,M05,0.0,72.801,2.715,99.194
2026-06-26 06:00:00,M05,0.0,73.472,2.577,98.311
2026-06-26 07:00:00,M05,0.0,72.372,2.7,98.776
2026-06-26 08:00:00,M05,0.0,73.864,2.669,97.48
2026-06-26 09:00:00,M05,0.0,71.79,2.641,97.143
2026-06-26 10:00:00,M05,0.0,72.843,2.942,102.667
2026-06-26 11:00:00,M05,0.0,71.988,2.529,100.375
2026-06-26 12:00:00,M05,0.0,72.471,2.479,101.947
2026-06-26 13:00:00,M05,0.0,72.972,2.533,100.805
2026-06-26 14:00:00,M05,0.0,69.525,2.45,98.151
2026-06-26 15:00:00,M05,0.0,69.133,2.485,101.139
2026-06-26 16:00:00,M05,0.0,71.78,2.424,101.655
2026-06-26 17:00:00,M05,0.0,66.247,2.383,100.127
2026-06-26 18:00:00,M05,0.0,69.958,2.321,102.523
2026-06-26 19:00:00,M05,0.0,71.657,2.365,98.837
2026-06-26 20:00:00,M05,0.0,68.175,2.441,100.576
2026-06-26 21:00:00,M05,0.0,71.272,2.359,99.137
2026-06-26 22:00:00,M05,0.0,71.275,2.437,98.959
2026-06-26 23:00:00,M05,0.0,70.524,2.578,100.663
2026-06-27 00:00:00,M05,0.0,71.743,2.525,101.054
2026-06-27 01:00:00,M05,0.0,71.294,2.503,95.892
2026-06-27 02:00:00,M05,0.0,71.735,2.473,99.902
2026-06-27 03:00:00,M05,0.0,71.87,2.519,98.637
2026-06-27 04:00:00,M05,0.0,71.868,2.645,99.084
2026-06-27 05:00:00,M05,0.0,71.265,2.54,99.759
2026-06-27 06:00:00,M05,0.0,72.55,2.578,98.211
2026-06-27 07:00:00,M05,0.0,73.064,2.786,100.471
2026-06-27 08:00:00,M05,0.0,71.044,2.53,100.135
2026-06-27 09:00:00,M05,0.0,71.152,2.56,96.997
2026-06-27 10:00:00,M05,0.0,73.329,2.509,100.371
2026-06-27 11:00:00,M05,0.0,71.537,2.543,99.726
2026-06-27 12:00:00,M05,0.0,72.303,2.484,97.027
2026-06-27 13:00:00,M05,0.0,70.744,2.753,98.176
2026-06-27 14:00:00,M05,0.0,70.744,2.544,98.17
2026-06-27 15:00:00,M05,0.0,70.074,2.49,99.733
2026-06-27 16:00:00,M05,0.0,70.099,2.527,101.354
2026-06-27 17:00:00,M05,0.0,71.488,2.44,103.229
2026-06-27 18:00:00,M05,0.0,68.877,2.381,102.35
2026-06-27 19:00:00,M05,0.0,68.456,2.438,100.204
2026-06-27 20:00:00,M05,0.0,69.823,2.376,99.651
2026-06-27 21:00:00,M05,0.0,68.135,2.408,99.627
2026-06-27 22:00:00,M05,0.0,69.137,2.479,99.275
2026-06-27 23:00:00,M05,0.0,70.682,2.507,98.786
2026-06-28 00:00:00,M05,0.0,72.201,2.531,99.218
2026-06-28 01:00:00,M05,0.0,71.358,2.554,101.374
2026-06-28 02:00:00,M05,0.0,73.571,2.611,99.76
2026-06-28 03:00:00,M05,0.0,72.891,2.559,97.409
2026-06-28 04:00:00,M05,0.0,72.245,2.778,97.728
2026-06-28 05:00:00,M05,0.0,73.618,2.766,100.06
2026-06-28 06:00:00,M05,0.0,71.822,2.549,100.045
2026-06-28 07:00:00,M05,0.0,74.23,2.765,99.425
2026-06-28 08:00:00,M05,0.0,70.787,2.534,98.554
2026-06-28 09:00:00,M05,0.0,70.942,2.512,97.439
2026-06-28 10:00:00,M05,0.0,71.978,2.567,101.116
2026-06-28 11:00:00,M05,0.0,72.791,2.5,102.531
2026-06-28 12:00:00,M05,0.0,71.955,2.602,100.137
2026-06-28 13:00:00,M05,0.0,71.868,2.428,99.234
2026-06-28 14:00:00,M05,0.0,69.672,2.425,97.332
2026-06-28 15:00:00,M05,0.0,68.059,2.403,101.318
2026-06-28 16:00:00,M05,0.0,70.424,2.362,100.829
2026-06-28 17:00:00,M05,0.0,72.037,2.355,99.692
2026-06-28 18:00:00,M05,0.0,69.185,2.42,100.095
2026-06-28 19:00:00,M05,0.0,70.286,2.476,99.817
2026-06-28 20:00:00,M05,0.0,69.594,2.533,98.635
2026-06-28 21:00:00,M05,0.0,68.216,2.609,100.38
2026-06-28 22:00:00,M05,0.0,70.165,2.465,100.431
2026-06-28 23:00:00,M05,0.0,73.025,2.465,101.143
2026-06-29 00:00:00,M05,0.0,70.911,2.471,99.794
2026-06-29 01:00:00,M05,0.0,72.481,2.734,99.854
2026-06-29 02:00:00,M05,0.0,72.24,2.479,97.963
2026-06-29 03:00:00,M05,0.0,73.41,3.26,101.866
2026-06-29 04:00:00,M05,0.0,73.109,2.713,98.896
2026-06-29 05:00:00,M05,0.0,72.88,2.546,99.269
2026-06-29 06:00:00,M05,0.0,71.747,2.589,99.393
2026-06-29 07:00:00,M05,0.0,71.855,2.541,100.162
2026-06-29 08:00:00,M05,0.0,71.346,2.59,97.865
2026-06-29 09:00:00,M05,0.0,71.102,2.552,99.828
2026-06-29 10:00:00,M05,0.0,72.365,2.53,98.946
2026-06-29 11:00:00,M05,0.0,70.574,2.524,98.175
2026-06-29 12:00:00,M05,0.0,70.258,2.46,104.402
2026-06-29 13:00:00,M05,0.0,72.489,2.416,99.137
2026-06-29 14:00:00,M05,0.0,70.773,2.462,102.421
2026-06-29 15:00:00,M05,0.0,70.228,2.372,101.983
2026-06-29 16:00:00,M05,0.0,70.847,3.098,99.452
2026-06-29 17:00:00,M05,0.0,69.017,2.358,101.874
2026-06-29 18:00:00,M05,0.0,69.711,2.355,99.758
2026-06-29 19:00:00,M05,0.0,68.658,2.633,99.381
2026-06-29 20:00:00,M05,0.0,68.875,2.617,101.839
2026-06-29 21:00:00,M05,0.0,67.998,2.601,101.473
2026-06-29 22:00:00,M05,0.0,69.115,2.414,99.299
2026-06-29 23:00:00,M05,0.0,71.082,2.595,98.43
2026-06-15 23:00:00,M06,0.0003,71.949,2.615,95.909
2026-06-16 00:00:00,M06,0.0002,70.685,2.456,95.692
2026-06-16 01:00:00,M06,0.0001,70.732,2.456,94.834
2026-06-16 02:00:00,M06,0.0002,73.603,2.637,96.0
2026-06-16 03:00:00,M06,0.0002,75.798,2.551,97.754
2026-06-16 04:00:00,M06,0.0004,72.957,2.675,97.754
2026-06-16 05:00:00,M06,0.0003,73.533,2.632,92.842
2026-06-16 06:00:00,M06,0.0051,74.413,3.032,93.314
2026-06-16 07:00:00,M06,0.0005,74.015,2.628,94.064
2026-06-16 08:00:00,M06,0.0005,72.362,2.562,95.275
2026-06-16 09:00:00,M06,0.0004,73.339,2.66,94.268
2026-06-16 10:00:00,M06,0.0005,71.836,2.473,97.007
2026-06-16 11:00:00,M06,0.0006,71.73,2.579,92.738
2026-06-16 12:00:00,M06,0.0004,71.931,2.454,93.017
2026-06-16 13:00:00,M06,0.0002,72.193,2.413,97.039
2026-06-16 14:00:00,M06,0.0003,72.027,2.61,96.377
2026-06-16 15:00:00,M06,0.0002,72.248,2.506,95.58
2026-06-16 16:00:00,M06,0.0001,71.021,2.394,95.827
2026-06-16 17:00:00,M06,0.0001,70.19,2.418,94.736
2026-06-16 18:00:00,M06,0.0001,70.849,2.361,96.136
2026-06-16 19:00:00,M06,0.0001,72.564,2.397,96.324
2026-06-16 20:00:00,M06,0.0001,72.949,2.458,95.4
2026-06-16 21:00:00,M06,0.0001,72.455,2.58,95.4
2026-06-16 22:00:00,M06,0.0,71.411,2.378,95.803
2026-06-16 23:00:00,M06,0.0,73.386,2.48,96.195
2026-06-17 00:00:00,M06,0.0,74.283,2.45,94.498
2026-06-17 01:00:00,M06,0.0,73.148,2.505,93.87
2026-06-17 02:00:00,M06,0.0001,73.722,2.615,96.227
2026-06-17 03:00:00,M06,0.0001,73.634,2.669,93.205
2026-06-17 04:00:00,M06,0.0001,74.391,2.609,96.176
2026-06-17 05:00:00,M06,0.0001,74.08,2.637,92.645
2026-06-17 06:00:00,M06,0.0003,72.306,2.557,91.902
2026-06-17 07:00:00,M06,0.0003,74.115,2.676,92.6
2026-06-17 08:00:00,M06,0.0003,72.936,2.564,94.284
2026-06-17 09:00:00,M06,0.0003,72.686,2.484,97.037
2026-06-17 10:00:00,M06,0.0004,71.215,2.516,95.323
2026-06-17 11:00:00,M06,0.0004,72.73,2.476,94.34
2026-06-17 12:00:00,M06,0.0003,72.687,2.468,96.602
2026-06-17 13:00:00,M06,0.0002,73.071,2.526,98.61
2026-06-17 14:00:00,M06,0.0002,70.021,2.543,95.289
2026-06-17 15:00:00,M06,0.0001,69.761,2.43,96.009
2026-06-17 16:00:00,M06,0.0002,69.851,2.368,95.086
2026-06-17 17:00:00,M06,0.0003,69.851,2.471,96.307
2026-06-17 18:00:00,M06,0.0003,71.982,2.437,94.858
2026-06-17 19:00:00,M06,0.0003,71.99,2.378,95.92
2026-06-17 20:00:00,M06,0.0003,70.239,2.345,96.277
2026-06-17 21:00:00,M06,0.0003,69.249,2.396,93.089
2026-06-17 22:00:00,M06,0.0002,71.319,2.493,98.852
2026-06-17 23:00:00,M06,0.0002,70.358,2.445,94.967
2026-06-18 00:00:00,M06,0.0004,71.941,2.76,94.193
2026-06-18 01:00:00,M06,0.0002,74.544,2.483,94.204
2026-06-18 02:00:00,M06,0.0003,72.439,2.526,94.571
2026-06-18 03:00:00,M06,0.0004,73.755,2.566,92.233
2026-06-18 04:00:00,M06,0.0004,72.605,2.582,92.787
2026-06-18 05:00:00,M06,0.0005,72.195,2.55,95.668
2026-06-18 06:00:00,M06,0.0007,75.81,2.629,93.845
2026-06-18 07:00:00,M06,0.0009,73.123,2.534,93.922
2026-06-18 08:00:00,M06,0.0007,71.513,2.628,92.653
2026-06-18 09:00:00,M06,0.0009,71.883,2.547,93.926
2026-06-18 10:00:00,M06,0.0008,73.465,2.496,93.694
2026-06-18 11:00:00,M06,0.0008,73.638,2.521,93.929
2026-06-18 12:00:00,M06,0.0019,72.489,2.536,95.731
2026-06-18 13:00:00,M06,0.0016,72.331,2.482,93.466
2026-06-18 14:00:00,M06,0.0013,72.194,2.584,96.547
2026-06-18 15:00:00,M06,0.0033,70.106,2.613,94.534
2026-06-18 16:00:00,M06,0.0028,72.25,2.439,97.413
2026-06-18 17:00:00,M06,0.0006,68.654,2.519,93.829
2026-06-18 18:00:00,M06,0.0001,69.519,2.373,99.82
2026-06-18 19:00:00,M06,0.0001,68.996,2.399,96.15
2026-06-18 20:00:00,M06,0.0001,73.539,2.553,94.966
2026-06-18 21:00:00,M06,0.0001,71.769,2.404,93.193
2026-06-18 22:00:00,M06,0.0002,73.882,2.448,94.623
2026-06-18 23:00:00,M06,0.0001,73.35,2.467,97.198
2026-06-19 00:00:00,M06,0.0001,73.449,2.481,97.593
2026-06-19 01:00:00,M06,0.0001,72.448,2.495,93.208
2026-06-19 02:00:00,M06,0.0001,71.883,2.642,96.888
2026-06-19 03:00:00,M06,0.0001,74.958,2.521,98.509
2026-06-19 04:00:00,M06,0.0002,74.118,2.68,90.796
2026-06-19 05:00:00,M06,0.0003,73.534,2.696,91.957
2026-06-19 06:00:00,M06,0.0005,72.109,2.654,91.362
2026-06-19 07:00:00,M06,0.0006,74.059,2.572,93.984
2026-06-19 08:00:00,M06,0.0005,74.274,2.728,94.343
2026-06-19 09:00:00,M06,0.0006,74.517,2.611,95.975
2026-06-19 10:00:00,M06,0.0003,73.371,2.499,95.56
2026-06-19 11:00:00,M06,0.0004,69.83,2.512,91.709
2026-06-19 12:00:00,M06,0.0003,72.979,2.561,96.812
2026-06-19 13:00:00,M06,0.0002,72.827,2.412,95.076
2026-06-19 14:00:00,M06,0.0002,72.163,2.43,95.182
2026-06-19 15:00:00,M06,0.0001,71.93,2.396,93.761
2026-06-19 16:00:00,M06,0.0001,71.987,2.381,95.285
2026-06-19 17:00:00,M06,0.0001,70.788,2.512,94.963
2026-06-19 18:00:00,M06,0.0002,71.622,2.379,94.533
2026-06-19 19:00:00,M06,0.0001,71.057,2.591,95.055
2026-06-19 20:00:00,M06,0.0001,72.169,2.674,93.258
2026-06-19 21:00:00,M06,0.0001,70.527,2.612,94.725
2026-06-19 22:00:00,M06,0.0001,71.792,2.501,95.242
2026-06-19 23:00:00,M06,0.0001,73.551,2.582,95.534
2026-06-20 00:00:00,M06,0.0001,73.625,2.454,95.74
2026-06-20 01:00:00,M06,0.0001,71.18,2.527,94.667
2026-06-20 02:00:00,M06,0.0001,73.236,2.473,94.73
2026-06-20 03:00:00,M06,0.0002,74.727,2.527,94.632
2026-06-20 04:00:00,M06,0.0001,73.322,2.542,95.657
2026-06-20 05:00:00,M06,0.0001,74.131,2.903,93.767
2026-06-20 06:00:00,M06,0.0002,72.991,2.783,92.105
2026-06-20 07:00:00,M06,0.0001,72.442,2.703,93.793
2026-06-20 08:00:00,M06,0.0002,74.247,2.498,94.058
2026-06-20 09:00:00,M06,0.0001,72.32,2.496,93.721
2026-06-20 10:00:00,M06,0.0002,74.694,2.65,93.317
2026-06-20 11:00:00,M06,0.0002,74.027,2.546,94.327
2026-06-20 12:00:00,M06,0.0002,71.894,2.605,94.073
2026-06-20 13:00:00,M06,0.0002,73.416,2.5,94.237
2026-06-20 14:00:00,M06,0.0002,71.872,2.385,92.411
2026-06-20 15:00:00,M06,0.0001,70.458,2.369,94.927
2026-06-20 16:00:00,M06,0.0001,71.797,2.447,95.807
2026-06-20 17:00:00,M06,0.0001,70.724,2.43,96.038
2026-06-20 18:00:00,M06,0.0004,69.74,2.49,94.965
2026-06-20 19:00:00,M06,0.0003,71.629,2.494,93.847
2026-06-20 20:00:00,M06,0.0002,70.808,2.654,94.73
2026-06-20 21:00:00,M06,0.0002,73.816,2.458,95.094
2026-06-20 22:00:00,M06,0.0003,71.785,2.465,94.844
2026-06-20 23:00:00,M06,0.0003,71.473,2.481,95.545
2026-06-21 00:00:00,M06,0.0004,73.39,2.525,97.478
2026-06-21 01:00:00,M06,0.0005,75.053,2.538,93.805
2026-06-21 02:00:00,M06,0.1727,75.433,3.251,93.612
2026-06-21 03:00:00,M06,0.0009,72.88,2.575,92.606
2026-06-21 04:00:00,M06,0.001,74.118,2.55,95.288
2026-06-21 05:00:00,M06,0.0012,74.945,2.786,95.184
2026-06-21 06:00:00,M06,0.0006,73.956,2.779,93.642
2026-06-21 07:00:00,M06,0.0004,71.085,2.554,94.011
2026-06-21 08:00:00,M06,0.0006,70.464,2.621,94.323
2026-06-21 09:00:00,M06,0.0006,71.128,2.65,94.057
2026-06-21 10:00:00,M06,0.0006,72.611,2.516,95.062
2026-06-21 11:00:00,M06,0.0005,74.4,2.625,96.565
2026-06-21 12:00:00,M06,0.0005,71.739,2.542,95.322
2026-06-21 13:00:00,M06,0.0005,72.274,2.448,95.377
2026-06-21 14:00:00,M06,0.001,71.543,2.479,93.937
2026-06-21 15:00:00,M06,0.0006,72.161,2.511,96.093
2026-06-21 16:00:00,M06,0.0004,71.587,2.401,93.831
2026-06-21 17:00:00,M06,0.0003,72.051,2.448,98.225
2026-06-21 18:00:00,M06,0.0003,72.127,2.409,94.918
2026-06-21 19:00:00,M06,0.0005,69.44,2.361,94.877
2026-06-21 20:00:00,M06,0.0005,71.651,2.386,95.903
2026-06-21 21:00:00,M06,0.0007,71.024,2.506,93.761
2026-06-21 22:00:00,M06,0.0007,70.983,2.543,94.024
2026-06-21 23:00:00,M06,0.0008,74.524,2.7,97.751
2026-06-22 00:00:00,M06,0.0015,73.449,2.521,93.933
2026-06-22 01:00:00,M06,0.0014,72.472,2.59,94.647
2026-06-22 02:00:00,M06,0.002,74.067,2.482,92.629
2026-06-22 03:00:00,M06,0.0016,73.955,2.747,95.264
2026-06-22 04:00:00,M06,0.0013,74.162,2.568,93.373
2026-06-22 05:00:00,M06,0.0003,72.072,2.608,93.136
2026-06-22 06:00:00,M06,0.0004,72.336,2.699,93.211
2026-06-22 07:00:00,M06,0.0006,74.567,2.597,91.437
2026-06-22 08:00:00,M06,0.0007,74.151,2.586,94.142
2026-06-22 09:00:00,M06,0.0024,76.462,2.768,95.808
2026-06-22 10:00:00,M06,0.0022,73.124,2.565,94.079
2026-06-22 11:00:00,M06,0.0025,72.754,2.768,93.966
2026-06-22 12:00:00,M06,0.0022,71.55,2.475,94.117
2026-06-22 13:00:00,M06,0.0027,73.792,2.654,96.711
2026-06-22 14:00:00,M06,0.0019,71.339,2.462,93.539
2026-06-22 15:00:00,M06,0.0023,72.438,2.464,96.666
2026-06-22 16:00:00,M06,0.0023,71.575,2.452,96.095
2026-06-22 17:00:00,M06,0.0011,72.478,2.394,96.308
2026-06-22 18:00:00,M06,0.0005,70.377,2.415,98.367
2026-06-22 19:00:00,M06,0.0002,69.635,2.354,97.52
2026-06-22 20:00:00,M06,0.0001,69.676,2.391,96.314
2026-06-22 21:00:00,M06,0.0001,71.355,2.429,96.908
2026-06-22 22:00:00,M06,0.0,70.919,2.479,95.645
2026-06-22 23:00:00,M06,0.0001,73.041,2.474,95.988
2026-06-23 00:00:00,M06,0.0001,72.366,2.524,93.446
2026-06-23 01:00:00,M06,0.0001,73.24,2.542,94.176
2026-06-23 02:00:00,M06,0.0003,74.074,2.525,93.297
2026-06-23 03:00:00,M06,0.0002,73.791,2.525,92.745
2026-06-23 04:00:00,M06,0.0003,74.931,2.611,94.212
2026-06-23 05:00:00,M06,0.0006,71.626,2.663,96.137
2026-06-23 06:00:00,M06,0.0003,73.618,2.545,91.684
2026-06-23 07:00:00,M06,0.0005,75.981,2.756,91.623
2026-06-23 08:00:00,M06,0.0003,72.091,2.578,95.271
2026-06-23 09:00:00,M06,0.0003,75.821,2.597,92.856
2026-06-23 10:00:00,M06,0.0002,72.078,2.525,94.684
2026-06-23 11:00:00,M06,0.0002,72.186,2.601,94.831
2026-06-23 12:00:00,M06,0.0002,71.999,2.61,93.18
2026-06-23 13:00:00,M06,0.0003,69.753,2.471,94.124
2026-06-23 14:00:00,M06,0.0003,71.629,2.443,93.595
2026-06-23 15:00:00,M06,0.0002,72.479,2.492,94.647
2026-06-23 16:00:00,M06,0.0003,71.128,2.603,93.411
2026-06-23 17:00:00,M06,0.0004,72.276,2.393,94.22
2026-06-23 18:00:00,M06,0.0004,70.989,2.554,96.233
2026-06-23 19:00:00,M06,0.0006,69.437,2.382,96.532
2026-06-23 20:00:00,M06,0.0009,71.759,2.432,95.651
2026-06-23 21:00:00,M06,0.0012,72.586,2.378,94.851
2026-06-23 22:00:00,M06,0.0009,70.458,2.375,95.2
2026-06-23 23:00:00,M06,0.0007,75.091,2.454,94.939
2026-06-24 00:00:00,M06,0.0008,71.537,2.494,95.779
2026-06-24 01:00:00,M06,0.0009,73.176,2.578,96.429
2026-06-24 02:00:00,M06,0.0009,72.62,2.654,94.004
2026-06-24 03:00:00,M06,0.0015,72.709,2.574,91.993
2026-06-24 04:00:00,M06,0.0053,74.07,2.602,91.788
2026-06-24 05:00:00,M06,0.0055,74.989,2.715,92.485
2026-06-24 06:00:00,M06,0.0053,73.599,2.58,94.173
2026-06-24 07:00:00,M06,0.0035,72.186,2.592,93.123
2026-06-24 08:00:00,M06,0.0054,75.14,2.608,91.94
2026-06-24 09:00:00,M06,0.0081,73.149,2.584,94.257
2026-06-24 10:00:00,M06,0.0103,75.038,2.632,93.879
2026-06-24 11:00:00,M06,0.0113,74.284,2.53,91.459
2026-06-24 12:00:00,M06,0.0087,71.872,2.425,95.526
2026-06-24 13:00:00,M06,0.0102,70.661,2.55,95.628
2026-06-24 14:00:00,M06,0.0086,72.319,2.477,94.775
2026-06-24 15:00:00,M06,0.0053,73.861,2.511,96.287
2026-06-24 16:00:00,M06,0.0049,72.101,2.536,94.377
2026-06-24 17:00:00,M06,0.0038,73.711,2.368,95.084
2026-06-24 18:00:00,M06,0.0059,71.289,2.541,94.576
2026-06-24 19:00:00,M06,0.0013,70.81,2.341,95.379
2026-06-24 20:00:00,M06,0.0002,73.08,2.383,98.601
2026-06-24 21:00:00,M06,0.0003,72.225,2.503,94.185
2026-06-24 22:00:00,M06,0.0003,71.157,2.554,92.417
2026-06-24 23:00:00,M06,0.0001,71.548,2.42,95.637
2026-06-25 00:00:00,M06,0.0001,71.376,2.507,95.767
2026-06-25 01:00:00,M06,0.0002,71.85,2.686,94.758
2026-06-25 02:00:00,M06,0.0015,74.322,2.595,94.198
2026-06-25 03:00:00,M06,0.005,72.43,2.529,93.74
2026-06-25 04:00:00,M06,0.0006,77.49,2.647,93.247
2026-06-25 05:00:00,M06,0.0005,75.36,2.569,93.264
2026-06-25 06:00:00,M06,0.0014,74.821,2.615,95.123
2026-06-25 07:00:00,M06,0.0018,75.323,2.721,93.951
2026-06-25 08:00:00,M06,0.0014,72.801,2.571,96.188
2026-06-25 09:00:00,M06,0.0015,73.714,2.541,92.767
2026-06-25 10:00:00,M06,0.0015,73.419,2.498,96.287
2026-06-25 11:00:00,M06,0.001,73.174,2.49,96.579
2026-06-25 12:00:00,M06,0.0013,72.926,2.602,94.555
2026-06-25 13:00:00,M06,0.0005,73.594,2.442,93.215
2026-06-25 14:00:00,M06,0.0005,72.453,2.484,95.592
2026-06-25 15:00:00,M06,0.0003,71.703,2.391,94.657
2026-06-25 16:00:00,M06,0.0004,70.928,2.376,97.187
2026-06-25 17:00:00,M06,0.0009,70.815,2.58,93.874
2026-06-25 18:00:00,M06,0.0004,71.517,2.443,95.961
2026-06-25 19:00:00,M06,0.001,69.669,2.513,93.97
2026-06-25 20:00:00,M06,0.0037,68.442,2.374,97.748
2026-06-25 21:00:00,M06,0.0033,74.307,2.435,95.432
2026-06-25 22:00:00,M06,0.0016,70.299,2.377,94.18
2026-06-25 23:00:00,M06,0.0029,71.271,2.455,94.363
2026-06-26 00:00:00,M06,0.0023,72.546,2.501,94.893
2026-06-26 01:00:00,M06,0.0025,72.572,2.565,94.424
2026-06-26 02:00:00,M06,0.0031,72.369,2.537,93.103
2026-06-26 03:00:00,M06,0.0028,71.972,2.475,97.221
2026-06-26 04:00:00,M06,0.0043,73.074,2.572,93.786
2026-06-26 05:00:00,M06,0.0074,76.776,2.716,92.616
2026-06-26 06:00:00,M06,0.0071,71.434,2.631,94.424
2026-06-26 07:00:00,M06,0.0076,72.512,2.554,94.096
2026-06-26 08:00:00,M06,0.0132,73.362,2.592,91.991
2026-06-26 09:00:00,M06,0.0109,73.702,2.678,91.563
2026-06-26 10:00:00,M06,0.0149,73.405,2.474,95.71
2026-06-26 11:00:00,M06,0.0259,74.909,2.631,95.891
2026-06-26 12:00:00,M06,0.025,75.04,2.512,94.855
2026-06-26 13:00:00,M06,0.0181,71.387,2.418,94.488
2026-06-26 14:00:00,M06,0.0144,72.691,2.639,96.98
2026-06-26 15:00:00,M06,0.0086,69.559,2.475,94.462
2026-06-26 16:00:00,M06,0.0077,70.91,2.383,96.981
2026-06-26 17:00:00,M06,0.0046,70.249,2.316,95.548
2026-06-26 18:00:00,M06,0.0054,69.892,2.485,92.765
2026-06-26 19:00:00,M06,0.0026,70.058,2.397,96.697
2026-06-26 20:00:00,M06,0.0016,73.344,2.418,95.864
2026-06-26 21:00:00,M06,0.0073,69.233,2.408,93.854
2026-06-26 22:00:00,M06,0.0128,71.245,2.51,94.17
2026-06-26 23:00:00,M06,0.0168,73.936,2.465,95.27
2026-06-27 00:00:00,M06,0.0143,72.03,2.53,96.162
2026-06-27 01:00:00,M06,0.0117,70.782,2.525,96.519
2026-06-27 02:00:00,M06,0.0197,72.792,2.55,93.809
2026-06-27 03:00:00,M06,0.0398,71.933,2.598,94.703
2026-06-27 04:00:00,M06,0.034,72.251,2.769,94.568
2026-06-27 05:00:00,M06,0.0209,74.294,2.561,96.463
2026-06-27 06:00:00,M06,0.0221,72.259,2.62,94.837
2026-06-27 07:00:00,M06,0.0186,73.938,2.646,94.537
2026-06-27 08:00:00,M06,0.018,74.166,2.544,92.192
2026-06-27 09:00:00,M06,0.0202,71.993,2.653,96.562
2026-06-27 10:00:00,M06,0.022,72.651,2.522,94.696
2026-06-27 11:00:00,M06,0.0215,70.313,2.61,98.386
2026-06-27 12:00:00,M06,0.0388,72.487,2.491,94.388
2026-06-27 13:00:00,M06,0.071,73.11,2.611,94.627
2026-06-27 14:00:00,M06,0.0395,71.216,2.551,94.709
2026-06-27 15:00:00,M06,0.0164,71.979,2.666,90.429
2026-06-27 16:00:00,M06,0.0516,73.276,2.537,94.703
2026-06-27 17:00:00,M06,0.0409,71.759,2.658,94.728
2026-06-27 18:00:00,M06,0.0179,74.904,2.811,97.125
2026-06-27 19:00:00,M06,0.0048,72.238,2.647,94.989
2026-06-27 20:00:00,M06,0.0055,73.645,2.731,93.254
2026-06-27 21:00:00,M06,0.0009,71.972,2.665,95.915
2026-06-27 22:00:00,M06,0.0033,73.068,2.847,95.859
2026-06-27 23:00:00,M06,0.0011,73.471,2.764,94.091
2026-06-28 00:00:00,M06,0.0004,74.055,2.854,93.011
2026-06-28 01:00:00,M06,0.001,76.47,2.982,93.38
2026-06-28 02:00:00,M06,0.0014,76.457,3.191,94.023
2026-06-28 03:00:00,M06,0.0052,76.788,2.95,90.384
2026-06-28 04:00:00,M06,0.0502,77.809,3.199,90.924
2026-06-28 05:00:00,M06,0.0101,78.059,3.193,90.123
2026-06-28 06:00:00,M06,0.001,77.283,3.297,93.373
2026-06-28 07:00:00,M06,0.0091,81.64,3.142,91.434
2026-06-28 08:00:00,M06,0.0006,76.505,3.172,89.355
2026-06-28 09:00:00,M06,0.0019,79.534,3.293,92.423
2026-06-28 10:00:00,M06,0.0013,77.467,3.324,93.396
2026-06-28 11:00:00,M06,0.0121,79.12,3.413,88.936
2026-06-28 12:00:00,M06,0.0065,77.861,3.401,93.212
2026-06-28 13:00:00,M06,0.0181,79.79,3.55,90.26
2026-06-28 14:00:00,M06,0.0036,79.897,3.375,91.827
2026-06-28 15:00:00,M06,0.0022,77.996,3.436,91.18
2026-06-28 16:00:00,M06,0.0015,78.069,3.342,91.39
2026-06-28 17:00:00,M06,0.0022,80.137,3.355,92.878
2026-06-28 18:00:00,M06,0.0017,79.748,3.46,88.427
2026-06-28 19:00:00,M06,0.0035,78.419,3.62,89.405
2026-06-28 20:00:00,M06,0.0394,80.385,3.643,89.602
2026-06-28 21:00:00,M06,0.0451,80.87,3.726,91.609
2026-06-28 22:00:00,M06,0.0014,81.505,3.656,90.722
2026-06-28 23:00:00,M06,0.001,80.131,3.71,90.535
2026-06-29 00:00:00,M06,0.0037,82.942,3.892,86.946
2026-06-29 01:00:00,M06,0.0425,84.905,4.031,86.604
2026-06-29 02:00:00,M06,0.0043,82.555,4.004,85.635
2026-06-29 03:00:00,M06,0.1916,84.293,3.991,86.804
2026-06-29 04:00:00,M06,0.7304,84.709,4.131,88.943
2026-06-29 05:00:00,M06,0.8686,86.42,4.291,86.544
2026-06-29 06:00:00,M06,0.9258,83.273,4.299,84.333
2026-06-29 07:00:00,M06,0.9958,85.3,4.239,86.146
2026-06-29 08:00:00,M06,0.9988,85.641,4.271,88.183
2026-06-29 09:00:00,M06,0.9987,85.415,4.362,83.354
2026-06-29 10:00:00,M06,0.9994,86.837,4.372,85.341
2026-06-29 11:00:00,M06,0.9979,86.531,4.396,87.1
2026-06-29 12:00:00,M06,0.9993,85.411,4.396,87.144
2026-06-29 13:00:00,M06,1.0,87.04,4.575,86.989
2026-06-29 14:00:00,M06,1.0,86.782,4.508,88.058
2026-06-29 15:00:00,M06,1.0,86.573,4.702,87.504
2026-06-29 16:00:00,M06,1.0,86.964,4.679,85.005
2026-06-29 17:00:00,M06,1.0,88.574,4.716,83.989
2026-06-29 18:00:00,M06,1.0,88.139,4.636,85.284
2026-06-29 19:00:00,M06,1.0,88.7,4.704,85.644
2026-06-29 20:00:00,M06,1.0,87.557,4.841,83.201
2026-06-29 21:00:00,M06,1.0,88.961,4.989,82.344
2026-06-29 22:00:00,M06,1.0,86.92,5.001,82.181
2026-06-29 23:00:00,M06,1.0,89.776,5.019,82.948
2026-06-15 23:00:00,M07,0.0,76.143,2.034,93.909
2026-06-16 00:00:00,M07,0.0,76.154,2.063,93.909
2026-06-16 01:00:00,M07,0.0,78.126,2.044,93.574
2026-06-16 02:00:00,M07,0.0,78.326,1.915,96.314
2026-06-16 03:00:00,M07,0.0,77.468,2.001,95.359
2026-06-16 04:00:00,M07,0.0,77.61,2.136,92.818
2026-06-16 05:00:00,M07,0.0,77.974,2.215,97.347
2026-06-16 06:00:00,M07,0.0,77.831,2.009,97.586
2026-06-16 07:00:00,M07,0.0,78.403,2.025,92.267
2026-06-16 08:00:00,M07,0.0,79.468,2.017,93.715
2026-06-16 09:00:00,M07,0.0,78.501,1.966,92.43
2026-06-16 10:00:00,M07,0.0,77.489,1.947,96.071
2026-06-16 11:00:00,M07,0.0,73.909,1.895,93.422
2026-06-16 12:00:00,M07,0.0,77.004,1.919,93.533
2026-06-16 13:00:00,M07,0.0,76.06,1.934,93.612
2026-06-16 14:00:00,M07,0.0,73.798,1.832,97.203
2026-06-16 15:00:00,M07,0.0,74.518,1.859,94.441
2026-06-16 16:00:00,M07,0.0,75.224,1.892,94.907
2026-06-16 17:00:00,M07,0.0,74.734,1.903,99.113
2026-06-16 18:00:00,M07,0.0,76.226,1.769,95.464
2026-06-16 19:00:00,M07,0.0,73.276,1.882,94.84
2026-06-16 20:00:00,M07,0.0,77.077,1.888,94.099
2026-06-16 21:00:00,M07,0.0,74.985,1.887,96.237
2026-06-16 22:00:00,M07,0.0,76.28,1.963,97.536
2026-06-16 23:00:00,M07,0.0,76.448,1.919,94.204
2026-06-17 00:00:00,M07,0.0,76.115,1.897,92.564
2026-06-17 01:00:00,M07,0.0,78.524,2.057,95.198
2026-06-17 02:00:00,M07,0.0,78.132,2.003,96.087
2026-06-17 03:00:00,M07,0.0,76.641,2.02,97.634
2026-06-17 04:00:00,M07,0.0,76.47,2.108,96.824
2026-06-17 05:00:00,M07,0.0,77.7,2.08,94.953
2026-06-17 06:00:00,M07,0.0,77.971,2.013,94.89
2026-06-17 07:00:00,M07,0.0,76.358,2.11,95.351
2026-06-17 08:00:00,M07,0.0,78.761,2.051,96.332
2026-06-17 09:00:00,M07,0.0,78.245,2.01,94.083
2026-06-17 10:00:00,M07,0.0,78.537,1.991,97.931
2026-06-17 11:00:00,M07,0.0,78.001,1.991,93.737
2026-06-17 12:00:00,M07,0.0,76.025,1.948,93.892
2026-06-17 13:00:00,M07,0.0,76.722,1.852,94.833
2026-06-17 14:00:00,M07,0.0,74.809,1.839,95.396
2026-06-17 15:00:00,M07,0.0,75.086,1.948,94.772
2026-06-17 16:00:00,M07,0.0,75.188,1.848,97.276
2026-06-17 17:00:00,M07,0.0,76.539,1.798,95.821
2026-06-17 18:00:00,M07,0.0,73.744,1.876,95.857
2026-06-17 19:00:00,M07,0.0,74.352,1.859,94.901
2026-06-17 20:00:00,M07,0.0,73.574,1.88,101.686
2026-06-17 21:00:00,M07,0.0,74.495,1.822,96.301
2026-06-17 22:00:00,M07,0.0,75.937,1.939,96.047
2026-06-17 23:00:00,M07,0.0,78.116,2.062,95.398
2026-06-18 00:00:00,M07,0.0,77.658,1.883,95.14
2026-06-18 01:00:00,M07,0.0,77.453,1.993,95.862
2026-06-18 02:00:00,M07,0.0,77.731,1.946,94.951
2026-06-18 03:00:00,M07,0.0,79.782,2.005,94.094
2026-06-18 04:00:00,M07,0.0,76.56,2.04,94.094
2026-06-18 05:00:00,M07,0.0,81.045,1.966,95.44
2026-06-18 06:00:00,M07,0.0,78.264,2.017,92.01
2026-06-18 07:00:00,M07,0.0,77.276,2.045,92.966
2026-06-18 08:00:00,M07,0.0,78.854,1.958,96.073
2026-06-18 09:00:00,M07,0.0,79.308,2.023,98.138
2026-06-18 10:00:00,M07,0.0,77.562,1.936,95.998
2026-06-18 11:00:00,M07,0.0,76.33,1.906,94.696
2026-06-18 12:00:00,M07,0.0,77.655,1.98,95.605
2026-06-18 13:00:00,M07,0.0,77.916,2.004,96.039
2026-06-18 14:00:00,M07,0.0,76.817,1.894,97.363
2026-06-18 15:00:00,M07,0.0,77.861,1.831,95.477
2026-06-18 16:00:00,M07,0.0,76.124,1.869,96.525
2026-06-18 17:00:00,M07,0.0,74.367,1.75,97.476
2026-06-18 18:00:00,M07,0.0,73.249,1.773,100.0
2026-06-18 19:00:00,M07,0.0,74.156,1.885,95.14
2026-06-18 20:00:00,M07,0.0,73.594,1.914,95.811
2026-06-18 21:00:00,M07,0.0,73.468,1.887,95.149
2026-06-18 22:00:00,M07,0.0,74.423,2.006,96.497
2026-06-18 23:00:00,M07,0.0,75.194,1.868,96.46
2026-06-19 00:00:00,M07,0.0,76.166,1.878,95.989
2026-06-19 01:00:00,M07,0.0,79.889,1.957,95.445
2026-06-19 02:00:00,M07,0.0,75.589,1.943,94.736
2026-06-19 03:00:00,M07,0.0,79.114,2.135,95.066
2026-06-19 04:00:00,M07,0.0,77.037,1.96,95.087
2026-06-19 05:00:00,M07,0.0,76.38,2.061,93.209
2026-06-19 06:00:00,M07,0.0,78.569,2.15,93.222
2026-06-19 07:00:00,M07,0.0,78.956,1.985,97.306
2026-06-19 08:00:00,M07,0.0,77.143,2.095,95.531
2026-06-19 09:00:00,M07,0.0,79.316,2.008,93.925
2026-06-19 10:00:00,M07,0.0,75.235,1.969,97.855
2026-06-19 11:00:00,M07,0.0,76.235,1.883,97.638
2026-06-19 12:00:00,M07,0.0,77.004,1.855,93.059
2026-06-19 13:00:00,M07,0.0,77.357,2.025,94.445
2026-06-19 14:00:00,M07,0.0,78.285,1.952,99.427
2026-06-19 15:00:00,M07,0.0,76.279,1.886,97.224
2026-06-19 16:00:00,M07,0.0,77.507,2.008,96.654
2026-06-19 17:00:00,M07,0.0,76.383,1.749,96.12
2026-06-19 18:00:00,M07,0.0,72.51,1.817,96.021
2026-06-19 19:00:00,M07,0.0,76.701,1.831,97.872
2026-06-19 20:00:00,M07,0.0,78.281,2.036,97.377
2026-06-19 21:00:00,M07,0.0,75.765,1.904,94.719
2026-06-19 22:00:00,M07,0.0,77.845,2.039,96.112
2026-06-19 23:00:00,M07,0.0,76.987,1.913,95.043
2026-06-20 00:00:00,M07,0.0,78.071,1.883,97.039
2026-06-20 01:00:00,M07,0.0,77.452,2.039,98.327
2026-06-20 02:00:00,M07,0.0,77.614,1.929,95.215
2026-06-20 03:00:00,M07,0.0,78.458,1.982,95.844
2026-06-20 04:00:00,M07,0.0,77.944,2.168,93.027
2026-06-20 05:00:00,M07,0.0,77.218,1.993,92.732
2026-06-20 06:00:00,M07,0.0,75.43,2.117,93.975
2026-06-20 07:00:00,M07,0.0,77.26,2.138,93.878
2026-06-20 08:00:00,M07,0.0,77.996,2.006,93.672
2026-06-20 09:00:00,M07,0.0,77.911,2.096,95.953
2026-06-20 10:00:00,M07,0.0,78.767,1.956,93.545
2026-06-20 11:00:00,M07,0.0,77.849,1.935,94.961
2026-06-20 12:00:00,M07,0.0,78.542,1.983,96.602
2026-06-20 13:00:00,M07,0.0,76.801,1.932,94.008
2026-06-20 14:00:00,M07,0.0,76.35,1.928,95.467
2026-06-20 15:00:00,M07,0.0,76.35,1.914,93.525
2026-06-20 16:00:00,M07,0.0,76.884,1.765,94.136
2026-06-20 17:00:00,M07,0.0,76.16,1.903,94.381
2026-06-20 18:00:00,M07,0.0,74.655,1.773,95.523
2026-06-20 19:00:00,M07,0.0,74.248,1.903,97.992
2026-06-20 20:00:00,M07,0.0,75.401,1.851,95.851
2026-06-20 21:00:00,M07,0.0,74.418,1.846,95.636
2026-06-20 22:00:00,M07,0.0,75.274,1.863,98.819
2026-06-20 23:00:00,M07,0.0,75.365,1.924,94.606
2026-06-21 00:00:00,M07,0.0,76.483,1.853,96.333
2026-06-21 01:00:00,M07,0.0,75.381,1.918,95.213
2026-06-21 02:00:00,M07,0.0,77.382,1.908,96.333
2026-06-21 03:00:00,M07,0.0,78.663,1.9,96.334
2026-06-21 04:00:00,M07,0.0,79.467,2.193,94.35
2026-06-21 05:00:00,M07,0.0,75.122,2.118,96.232
2026-06-21 06:00:00,M07,0.0,76.238,2.002,89.379
2026-06-21 07:00:00,M07,0.0,77.12,2.121,94.264
2026-06-21 08:00:00,M07,0.0,75.436,2.055,96.401
2026-06-21 09:00:00,M07,0.0,76.594,1.987,93.501
2026-06-21 10:00:00,M07,0.0,78.573,2.099,94.824
2026-06-21 11:00:00,M07,0.0,75.641,2.045,92.312
2026-06-21 12:00:00,M07,0.0,78.358,1.907,92.413
2026-06-21 13:00:00,M07,0.0,76.691,1.843,96.349
2026-06-21 14:00:00,M07,0.0,75.305,2.001,94.592
2026-06-21 15:00:00,M07,0.0,75.361,2.106,96.507
2026-06-21 16:00:00,M07,0.0,72.961,1.752,97.065
2026-06-21 17:00:00,M07,0.0,73.007,1.73,95.809
2026-06-21 18:00:00,M07,0.0,76.108,1.988,97.868
2026-06-21 19:00:00,M07,0.0,72.819,1.833,95.627
2026-06-21 20:00:00,M07,0.0,75.77,1.82,93.115
2026-06-21 21:00:00,M07,0.0,74.833,1.883,96.925
2026-06-21 22:00:00,M07,0.0,74.389,1.98,94.654
2026-06-21 23:00:00,M07,0.0,76.114,1.8,94.978
2026-06-22 00:00:00,M07,0.0,77.52,1.942,93.647
2026-06-22 01:00:00,M07,0.0,76.319,1.9,93.844
2026-06-22 02:00:00,M07,0.0,77.69,1.976,96.993
2026-06-22 03:00:00,M07,0.0,78.274,1.955,94.74
2026-06-22 04:00:00,M07,0.0,77.646,2.065,94.673
2026-06-22 05:00:00,M07,0.0,79.521,1.958,95.129
2026-06-22 06:00:00,M07,0.0,78.216,1.928,93.205
2026-06-22 07:00:00,M07,0.0,75.534,1.98,95.817
2026-06-22 08:00:00,M07,0.0,75.846,2.017,93.442
2026-06-22 09:00:00,M07,0.0,76.714,2.147,93.674
2026-06-22 10:00:00,M07,0.0,79.144,1.892,94.827
2026-06-22 11:00:00,M07,0.0,76.001,1.995,95.204
2026-06-22 12:00:00,M07,0.0,75.667,1.92,95.267
2026-06-22 13:00:00,M07,0.0,75.525,1.865,92.416
2026-06-22 14:00:00,M07,0.0,75.337,1.828,94.025
2026-06-22 15:00:00,M07,0.0,74.168,1.861,94.435
2026-06-22 16:00:00,M07,0.0,75.899,1.993,94.709
2026-06-22 17:00:00,M07,0.0,74.474,1.795,95.58
2026-06-22 18:00:00,M07,0.0,74.75,1.787,96.38
2026-06-22 19:00:00,M07,0.0,74.896,1.799,98.914
2026-06-22 20:00:00,M07,0.0,73.7,1.827,94.544
2026-06-22 21:00:00,M07,0.0,74.93,1.855,96.69
2026-06-22 22:00:00,M07,0.0,74.457,1.859,94.169
2026-06-22 23:00:00,M07,0.0,76.076,1.847,93.671
2026-06-23 00:00:00,M07,0.0,77.282,1.862,93.613
2026-06-23 01:00:00,M07,0.0,76.155,1.945,96.497
2026-06-23 02:00:00,M07,0.0,75.787,2.105,96.513
2026-06-23 03:00:00,M07,0.0,77.66,2.084,95.929
2026-06-23 04:00:00,M07,0.0,76.407,2.02,94.085
2026-06-23 05:00:00,M07,0.0,78.87,2.008,95.186
2026-06-23 06:00:00,M07,0.0,77.059,1.972,94.352
2026-06-23 07:00:00,M07,0.0,77.875,2.11,94.606
2026-06-23 08:00:00,M07,0.0,78.648,2.024,92.316
2026-06-23 09:00:00,M07,0.0,77.167,1.949,92.786
2026-06-23 10:00:00,M07,0.0,76.678,1.907,94.844
2026-06-23 11:00:00,M07,0.0,76.095,1.902,96.199
2026-06-23 12:00:00,M07,0.0,77.033,2.063,94.577
2026-06-23 13:00:00,M07,0.0,74.58,1.909,96.505
2026-06-23 14:00:00,M07,0.0,77.241,1.801,94.307
2026-06-23 15:00:00,M07,0.0,74.742,1.854,93.603
2026-06-23 16:00:00,M07,0.0,76.375,1.832,97.545
2026-06-23 17:00:00,M07,0.0,74.004,1.835,95.217
2026-06-23 18:00:00,M07,0.0,74.079,1.756,97.127
2026-06-23 19:00:00,M07,0.0,76.123,1.802,96.985
2026-06-23 20:00:00,M07,0.0,74.114,1.796,96.005
2026-06-23 21:00:00,M07,0.0,73.558,1.813,97.311
2026-06-23 22:00:00,M07,0.0,73.807,1.846,98.931
2026-06-23 23:00:00,M07,0.0,74.424,1.902,94.75
2026-06-24 00:00:00,M07,0.0,75.83,2.076,97.256
2026-06-24 01:00:00,M07,0.0,77.387,1.901,95.188
2026-06-24 02:00:00,M07,0.0,76.964,1.946,94.648
2026-06-24 03:00:00,M07,0.0,77.342,2.038,95.266
2026-06-24 04:00:00,M07,0.0,78.108,2.0,96.963
2026-06-24 05:00:00,M07,0.0,75.941,1.947,97.145
2026-06-24 06:00:00,M07,0.0,78.567,2.013,92.274
2026-06-24 07:00:00,M07,0.0,76.443,2.166,94.275
2026-06-24 08:00:00,M07,0.0,77.107,2.182,93.283
2026-06-24 09:00:00,M07,0.0,76.922,2.012,95.721
2026-06-24 10:00:00,M07,0.0,77.118,1.937,96.047
2026-06-24 11:00:00,M07,0.0,76.915,1.899,97.513
2026-06-24 12:00:00,M07,0.0,76.25,1.92,96.098
2026-06-24 13:00:00,M07,0.0,75.617,1.854,93.74
2026-06-24 14:00:00,M07,0.0,75.526,1.846,98.465
2026-06-24 15:00:00,M07,0.0,74.121,1.931,96.741
2026-06-24 16:00:00,M07,0.0,75.69,1.784,95.552
2026-06-24 17:00:00,M07,0.0,74.495,1.815,96.407
2026-06-24 18:00:00,M07,0.0,76.598,1.897,95.349
2026-06-24 19:00:00,M07,0.0,75.16,1.875,97.161
2026-06-24 20:00:00,M07,0.0,73.881,1.915,95.259
2026-06-24 21:00:00,M07,0.0,74.234,1.792,97.307
2026-06-24 22:00:00,M07,0.0,77.449,1.882,95.212
2026-06-24 23:00:00,M07,0.0,76.527,1.852,97.684
2026-06-25 00:00:00,M07,0.0,74.842,1.846,96.783
2026-06-25 01:00:00,M07,0.0,74.903,1.846,93.809
2026-06-25 02:00:00,M07,0.0,74.003,1.89,96.388
2026-06-25 03:00:00,M07,0.0,75.329,1.936,93.242
2026-06-25 04:00:00,M07,0.0,79.011,1.961,96.056
2026-06-25 05:00:00,M07,0.0,76.538,2.138,93.704
2026-06-25 06:00:00,M07,0.0,78.871,2.02,93.431
2026-06-25 07:00:00,M07,0.0,77.959,2.092,96.21
2026-06-25 08:00:00,M07,0.0,78.757,1.969,93.31
2026-06-25 09:00:00,M07,0.0,78.317,1.945,93.664
2026-06-25 10:00:00,M07,0.0,76.434,1.989,97.845
2026-06-25 11:00:00,M07,0.0,76.142,1.96,94.787
2026-06-25 12:00:00,M07,0.0,77.918,1.9,97.307
2026-06-25 13:00:00,M07,0.0,76.539,1.867,96.091
2026-06-25 14:00:00,M07,0.0,74.523,1.993,97.206
2026-06-25 15:00:00,M07,0.0,74.176,2.026,97.715
2026-06-25 16:00:00,M07,0.0,72.948,1.818,94.587
2026-06-25 17:00:00,M07,0.0,74.167,1.809,96.714
2026-06-25 18:00:00,M07,0.0,75.505,1.981,94.912
2026-06-25 19:00:00,M07,0.0,75.057,1.844,96.62
2026-06-25 20:00:00,M07,0.0001,72.399,1.775,94.691
2026-06-25 21:00:00,M07,0.0001,77.937,1.818,98.391
2026-06-25 22:00:00,M07,0.0,76.282,1.818,96.833
2026-06-25 23:00:00,M07,0.0,75.461,2.08,93.113
2026-06-26 00:00:00,M07,0.0001,76.035,2.005,94.504
2026-06-26 01:00:00,M07,0.0003,74.33,2.198,95.553
2026-06-26 02:00:00,M07,0.0002,78.098,1.966,95.82
2026-06-26 03:00:00,M07,0.0003,76.806,2.07,95.991
2026-06-26 04:00:00,M07,0.0003,77.046,1.997,95.789
2026-06-26 05:00:00,M07,0.0003,77.345,2.121,94.189
2026-06-26 06:00:00,M07,0.0001,78.092,2.069,99.921
2026-06-26 07:00:00,M07,0.0001,78.789,1.966,96.112
2026-06-26 08:00:00,M07,0.0002,78.127,2.026,94.576
2026-06-26 09:00:00,M07,0.0003,76.508,2.011,96.1
2026-06-26 10:00:00,M07,0.0003,75.871,1.937,93.923
2026-06-26 11:00:00,M07,0.0003,75.111,1.997,96.407
2026-06-26 12:00:00,M07,0.0003,75.291,1.871,94.341
2026-06-26 13:00:00,M07,0.0003,75.187,1.944,96.959
2026-06-26 14:00:00,M07,0.0002,75.187,1.94,97.414
2026-06-26 15:00:00,M07,0.0001,74.9,1.785,98.468
2026-06-26 16:00:00,M07,0.0001,73.796,2.082,93.685
2026-06-26 17:00:00,M07,0.0,74.219,2.003,98.395
2026-06-26 18:00:00,M07,0.0,74.277,1.936,97.79
2026-06-26 19:00:00,M07,0.0,72.859,1.847,94.743
2026-06-26 20:00:00,M07,0.0,74.357,1.871,94.597
2026-06-26 21:00:00,M07,0.0,74.765,1.901,95.609
2026-06-26 22:00:00,M07,0.0,76.425,1.884,95.636
2026-06-26 23:00:00,M07,0.0,76.293,1.881,96.172
2026-06-27 00:00:00,M07,0.0,75.681,1.885,96.644
2026-06-27 01:00:00,M07,0.0,75.749,1.95,96.136
2026-06-27 02:00:00,M07,0.0,75.871,1.898,95.943
2026-06-27 03:00:00,M07,0.0,76.996,1.964,94.88
2026-06-27 04:00:00,M07,0.0,78.971,1.96,95.431
2026-06-27 05:00:00,M07,0.0,75.497,2.144,93.827
2026-06-27 06:00:00,M07,0.0,77.072,1.966,95.02
2026-06-27 07:00:00,M07,0.0,79.08,1.99,93.856
2026-06-27 08:00:00,M07,0.0,76.318,2.222,96.526
2026-06-27 09:00:00,M07,0.0,79.796,2.059,93.868
2026-06-27 10:00:00,M07,0.0001,76.253,2.185,95.491
2026-06-27 11:00:00,M07,0.0001,76.16,2.067,92.137
2026-06-27 12:00:00,M07,0.0001,76.597,2.021,93.619
2026-06-27 13:00:00,M07,0.0001,77.373,1.876,94.284
2026-06-27 14:00:00,M07,0.0001,77.053,1.831,95.72
2026-06-27 15:00:00,M07,0.0001,73.953,1.802,96.895
2026-06-27 16:00:00,M07,0.0001,73.95,1.797,95.021
2026-06-27 17:00:00,M07,0.0,75.632,1.868,96.747
2026-06-27 18:00:00,M07,0.0,74.55,1.94,92.952
2026-06-27 19:00:00,M07,0.0,74.798,1.786,98.998
2026-06-27 20:00:00,M07,0.0,74.726,1.808,96.536
2026-06-27 21:00:00,M07,0.0,74.551,1.806,97.193
2026-06-27 22:00:00,M07,0.0,75.893,1.954,96.972
2026-06-27 23:00:00,M07,0.0,78.181,1.916,95.984
2026-06-28 00:00:00,M07,0.0001,75.79,2.247,95.864
2026-06-28 01:00:00,M07,0.0,77.734,1.954,97.012
2026-06-28 02:00:00,M07,0.0,78.664,1.948,93.108
2026-06-28 03:00:00,M07,0.0,76.889,2.073,97.294
2026-06-28 04:00:00,M07,0.0,77.363,1.962,94.43
2026-06-28 05:00:00,M07,0.0,77.387,2.005,94.056
2026-06-28 06:00:00,M07,0.0,76.528,2.004,94.162
2026-06-28 07:00:00,M07,0.0001,75.09,2.019,95.093
2026-06-28 08:00:00,M07,0.0,78.549,2.028,94.747
2026-06-28 09:00:00,M07,0.0,78.042,1.887,97.193
2026-06-28 10:00:00,M07,0.0,76.734,1.917,95.7
2026-06-28 11:00:00,M07,0.0,77.407,2.022,95.614
2026-06-28 12:00:00,M07,0.0,76.991,1.918,93.875
2026-06-28 13:00:00,M07,0.0,75.586,1.872,96.167
2026-06-28 14:00:00,M07,0.0001,73.971,1.946,93.92
2026-06-28 15:00:00,M07,0.0,73.747,1.768,92.781
2026-06-28 16:00:00,M07,0.0002,72.323,1.791,96.185
2026-06-28 17:00:00,M07,0.0001,78.76,1.788,97.118
2026-06-28 18:00:00,M07,0.0003,74.332,1.816,95.689
2026-06-28 19:00:00,M07,0.0002,77.795,1.946,96.36
2026-06-28 20:00:00,M07,0.0002,76.228,1.783,93.428
2026-06-28 21:00:00,M07,0.0001,75.313,1.925,94.866
2026-06-28 22:00:00,M07,0.0002,75.916,1.866,94.222
2026-06-28 23:00:00,M07,0.0002,76.077,1.935,94.793
2026-06-29 00:00:00,M07,0.0002,77.346,1.948,96.013
2026-06-29 01:00:00,M07,0.0002,76.301,1.933,97.399
2026-06-29 02:00:00,M07,0.0002,76.807,1.957,95.456
2026-06-29 03:00:00,M07,0.0001,77.62,2.108,97.942
2026-06-29 04:00:00,M07,0.0001,78.669,2.004,93.822
2026-06-29 05:00:00,M07,0.0001,77.948,1.998,95.248
2026-06-29 06:00:00,M07,0.0001,76.081,1.964,93.115
2026-06-29 07:00:00,M07,0.0001,78.809,2.101,95.09
2026-06-29 08:00:00,M07,0.0001,77.302,1.956,94.486
2026-06-29 09:00:00,M07,0.0002,76.642,2.03,94.896
2026-06-29 10:00:00,M07,0.0001,75.245,1.923,95.759
2026-06-29 11:00:00,M07,0.0001,75.245,2.051,95.478
2026-06-29 12:00:00,M07,0.0001,79.17,1.92,94.602
2026-06-29 13:00:00,M07,0.0001,76.203,2.024,94.612
2026-06-29 14:00:00,M07,0.0001,77.486,1.793,93.7
2026-06-29 15:00:00,M07,0.0001,75.251,1.875,94.387
2026-06-29 16:00:00,M07,0.0,74.378,1.844,96.818
2026-06-29 17:00:00,M07,0.0,75.432,1.817,97.895
2026-06-29 18:00:00,M07,0.0,74.584,1.807,94.108
2026-06-29 19:00:00,M07,0.0,76.445,1.794,95.822
2026-06-29 20:00:00,M07,0.0,74.583,1.774,96.411
2026-06-29 21:00:00,M07,0.0,75.531,2.292,96.033
2026-06-29 22:00:00,M07,0.0,75.619,1.944,93.59
2026-06-29 23:00:00,M07,0.0,75.937,1.931,92.786
2026-06-15 23:00:00,M08,0.0,72.244,2.346,95.309
2026-06-16 00:00:00,M08,0.0,72.934,2.531,96.406
2026-06-16 01:00:00,M08,0.0,73.49,2.49,95.883
2026-06-16 02:00:00,M08,0.0,72.921,2.382,93.57
2026-06-16 03:00:00,M08,0.0,73.978,2.431,94.316
2026-06-16 04:00:00,M08,0.0,72.686,2.535,94.836
2026-06-16 05:00:00,M08,0.0,72.519,2.506,96.225
2026-06-16 06:00:00,M08,0.0,74.693,2.473,93.603
2026-06-16 07:00:00,M08,0.0,73.324,2.492,95.406
2026-06-16 08:00:00,M08,0.0,73.077,2.631,96.825
2026-06-16 09:00:00,M08,0.0,73.676,2.467,96.853
2026-06-16 10:00:00,M08,0.0,72.138,2.427,95.793
2026-06-16 11:00:00,M08,0.0,71.571,2.444,96.013
2026-06-16 12:00:00,M08,0.0,72.493,2.358,96.858
2026-06-16 13:00:00,M08,0.0,72.275,2.359,96.39
2026-06-16 14:00:00,M08,0.0,71.654,2.353,92.205
2026-06-16 15:00:00,M08,0.0,71.479,2.409,91.673
2026-06-16 16:00:00,M08,0.0,71.479,2.297,96.208
2026-06-16 17:00:00,M08,0.0,68.559,2.403,94.936
2026-06-16 18:00:00,M08,0.0,71.184,2.224,98.094
2026-06-16 19:00:00,M08,0.0,72.426,2.41,94.759
2026-06-16 20:00:00,M08,0.0,70.293,2.228,98.033
2026-06-16 21:00:00,M08,0.0,71.227,2.353,96.567
2026-06-16 22:00:00,M08,0.0,72.912,2.263,92.89
2026-06-16 23:00:00,M08,0.0,69.231,2.657,96.006
2026-06-17 00:00:00,M08,0.0,71.01,2.521,94.389
2026-06-17 01:00:00,M08,0.0,70.566,2.388,96.594
2026-06-17 02:00:00,M08,0.0,72.262,2.475,95.769
2026-06-17 03:00:00,M08,0.0,70.739,2.558,94.34
2026-06-17 04:00:00,M08,0.0,72.282,2.461,96.052
2026-06-17 05:00:00,M08,0.0,73.949,2.544,97.317
2026-06-17 06:00:00,M08,0.0,73.778,2.524,90.174
2026-06-17 07:00:00,M08,0.0,74.11,2.71,96.09
2026-06-17 08:00:00,M08,0.0,73.352,2.423,94.401
2026-06-17 09:00:00,M08,0.0,73.774,2.479,95.981
2026-06-17 10:00:00,M08,0.0,73.774,2.443,93.196
2026-06-17 11:00:00,M08,0.0,75.338,2.52,95.346
2026-06-17 12:00:00,M08,0.0001,71.942,2.428,93.503
2026-06-17 13:00:00,M08,0.0001,69.778,2.34,94.405
2026-06-17 14:00:00,M08,0.0,69.654,2.26,97.079
2026-06-17 15:00:00,M08,0.0,72.28,2.28,95.315
2026-06-17 16:00:00,M08,0.0,69.647,2.475,96.284
2026-06-17 17:00:00,M08,0.0,71.053,2.253,94.988
2026-06-17 18:00:00,M08,0.0,69.364,2.365,96.131
2026-06-17 19:00:00,M08,0.0,68.819,2.272,97.349
2026-06-17 20:00:00,M08,0.0,68.136,2.248,94.316
2026-06-17 21:00:00,M08,0.0,70.893,2.245,94.321
2026-06-17 22:00:00,M08,0.0,70.171,2.33,95.568
2026-06-17 23:00:00,M08,0.0,70.133,2.364,96.811
2026-06-18 00:00:00,M08,0.0,71.19,2.512,92.226
2026-06-18 01:00:00,M08,0.0,71.24,2.394,95.277
2026-06-18 02:00:00,M08,0.0,73.101,2.405,94.128
2026-06-18 03:00:00,M08,0.0,73.853,2.58,91.615
2026-06-18 04:00:00,M08,0.0,73.57,2.406,95.203
2026-06-18 05:00:00,M08,0.0,71.292,2.411,93.225
2026-06-18 06:00:00,M08,0.0,72.096,2.4,94.957
2026-06-18 07:00:00,M08,0.0,72.38,2.502,92.511
2026-06-18 08:00:00,M08,0.0,73.063,2.44,94.9
2026-06-18 09:00:00,M08,0.0,74.28,2.416,92.995
2026-06-18 10:00:00,M08,0.0,73.1,2.512,95.142
2026-06-18 11:00:00,M08,0.0,73.434,2.381,94.237
2026-06-18 12:00:00,M08,0.0,71.795,2.344,95.831
2026-06-18 13:00:00,M08,0.0,70.993,2.299,94.591
2026-06-18 14:00:00,M08,0.0,69.671,2.389,96.698
2026-06-18 15:00:00,M08,0.0001,70.004,2.754,95.733
2026-06-18 16:00:00,M08,0.0,69.265,2.257,96.997
2026-06-18 17:00:00,M08,0.0,70.722,2.359,96.498
2026-06-18 18:00:00,M08,0.0,67.183,2.334,98.599
2026-06-18 19:00:00,M08,0.0,70.894,2.343,96.565
2026-06-18 20:00:00,M08,0.0,69.806,2.37,95.672
2026-06-18 21:00:00,M08,0.0,71.709,2.294,98.688
2026-06-18 22:00:00,M08,0.0,71.14,2.324,95.741
2026-06-18 23:00:00,M08,0.0,70.958,2.327,96.77
2026-06-19 00:00:00,M08,0.0,71.385,2.295,98.078
2026-06-19 01:00:00,M08,0.0,71.456,2.289,97.367
2026-06-19 02:00:00,M08,0.0,71.719,2.446,95.479
2026-06-19 03:00:00,M08,0.0,73.068,2.582,97.31
2026-06-19 04:00:00,M08,0.0,73.396,2.4,94.2
2026-06-19 05:00:00,M08,0.0001,73.978,2.462,95.687
2026-06-19 06:00:00,M08,0.0001,73.607,2.506,93.296
2026-06-19 07:00:00,M08,0.0001,71.984,2.689,95.157
2026-06-19 08:00:00,M08,0.0,69.313,2.395,95.188
2026-06-19 09:00:00,M08,0.0001,75.445,2.408,93.737
2026-06-19 10:00:00,M08,0.0001,72.976,2.408,95.158
2026-06-19 11:00:00,M08,0.0001,70.874,2.445,96.343
2026-06-19 12:00:00,M08,0.0001,71.272,2.432,97.146
2026-06-19 13:00:00,M08,0.0001,71.272,2.36,95.717
2026-06-19 14:00:00,M08,0.0001,69.577,2.506,93.844
2026-06-19 15:00:00,M08,0.0001,71.617,2.311,94.09
2026-06-19 16:00:00,M08,0.0001,70.089,2.246,96.069
2026-06-19 17:00:00,M08,0.0,70.933,2.33,96.394
2026-06-19 18:00:00,M08,0.0001,70.6,2.384,96.059
2026-06-19 19:00:00,M08,0.0001,70.939,2.288,97.395
2026-06-19 20:00:00,M08,0.0,68.363,2.233,97.493
2026-06-19 21:00:00,M08,0.0,71.533,2.283,96.38
2026-06-19 22:00:00,M08,0.0,70.842,2.333,97.567
2026-06-19 23:00:00,M08,0.0001,71.496,2.384,91.752
2026-06-20 00:00:00,M08,0.0001,70.84,2.375,96.351
2026-06-20 01:00:00,M08,0.0,70.315,2.354,93.536
2026-06-20 02:00:00,M08,0.0001,71.949,2.561,94.324
2026-06-20 03:00:00,M08,0.0001,73.34,2.397,98.548
2026-06-20 04:00:00,M08,0.0002,73.648,2.503,94.747
2026-06-20 05:00:00,M08,0.0002,74.419,2.577,95.183
2026-06-20 06:00:00,M08,0.0002,73.214,2.546,95.183
2026-06-20 07:00:00,M08,0.0001,70.851,2.481,94.049
2026-06-20 08:00:00,M08,0.0002,72.841,2.601,93.807
2026-06-20 09:00:00,M08,0.0,70.625,2.483,92.778
2026-06-20 10:00:00,M08,0.0,73.22,2.373,95.213
2026-06-20 11:00:00,M08,0.0001,71.304,2.504,94.38
2026-06-20 12:00:00,M08,0.0001,70.997,2.403,95.727
2026-06-20 13:00:00,M08,0.0001,71.439,2.285,96.019
2026-06-20 14:00:00,M08,0.0,70.114,2.272,95.26
2026-06-20 15:00:00,M08,0.0002,69.532,2.231,94.683
2026-06-20 16:00:00,M08,0.0,69.775,2.348,99.061
2026-06-20 17:00:00,M08,0.0,71.092,2.276,95.415
2026-06-20 18:00:00,M08,0.0,70.071,2.27,97.732
2026-06-20 19:00:00,M08,0.0,70.441,2.357,95.643
2026-06-20 20:00:00,M08,0.0,71.039,2.36,96.198
2026-06-20 21:00:00,M08,0.0,70.256,2.316,96.149
2026-06-20 22:00:00,M08,0.0,71.985,2.355,96.147
2026-06-20 23:00:00,M08,0.0001,72.351,2.348,94.817
2026-06-21 00:00:00,M08,0.0001,72.383,2.398,97.723
2026-06-21 01:00:00,M08,0.0001,73.183,2.319,94.867
2026-06-21 02:00:00,M08,0.0004,73.258,2.373,94.317
2026-06-21 03:00:00,M08,0.0004,73.04,2.479,95.966
2026-06-21 04:00:00,M08,0.0005,73.98,2.486,93.131
2026-06-21 05:00:00,M08,0.0001,72.251,2.627,95.105
2026-06-21 06:00:00,M08,0.0002,74.248,2.595,96.134
2026-06-21 07:00:00,M08,0.0002,72.449,2.403,94.055
2026-06-21 08:00:00,M08,0.0006,71.288,2.634,95.038
2026-06-21 09:00:00,M08,0.0005,72.712,2.488,94.15
2026-06-21 10:00:00,M08,0.0014,74.44,2.344,95.93
2026-06-21 11:00:00,M08,0.0034,74.106,2.544,92.137
2026-06-21 12:00:00,M08,0.0011,71.324,2.375,94.873
2026-06-21 13:00:00,M08,0.0012,71.857,2.374,96.834
2026-06-21 14:00:00,M08,0.0008,70.6,2.398,98.149
2026-06-21 15:00:00,M08,0.0006,73.558,2.274,92.26
2026-06-21 16:00:00,M08,0.0003,71.278,2.294,96.011
2026-06-21 17:00:00,M08,0.0002,71.948,2.418,94.884
2026-06-21 18:00:00,M08,0.0002,69.998,2.311,95.343
2026-06-21 19:00:00,M08,0.0001,71.48,2.266,92.805
2026-06-21 20:00:00,M08,0.0002,68.471,2.203,96.945
2026-06-21 21:00:00,M08,0.0002,70.593,2.298,95.759
2026-06-21 22:00:00,M08,0.0002,70.568,2.547,98.881
2026-06-21 23:00:00,M08,0.0006,73.233,2.605,94.693
2026-06-22 00:00:00,M08,0.0006,72.002,2.32,94.552
2026-06-22 01:00:00,M08,0.0006,74.348,2.334,94.487
2026-06-22 02:00:00,M08,0.0008,73.671,2.379,95.593
2026-06-22 03:00:00,M08,0.0012,74.66,2.628,96.431
2026-06-22 04:00:00,M08,0.0011,73.438,2.498,95.689
2026-06-22 05:00:00,M08,0.0008,72.868,2.431,96.489
2026-06-22 06:00:00,M08,0.0005,74.553,2.492,94.517
2026-06-22 07:00:00,M08,0.0008,73.599,2.479,94.252
2026-06-22 08:00:00,M08,0.0028,74.966,2.645,95.09
2026-06-22 09:00:00,M08,0.0022,74.352,2.46,95.439
2026-06-22 10:00:00,M08,0.0016,70.495,2.411,94.7
2026-06-22 11:00:00,M08,0.0036,72.05,2.304,96.112
2026-06-22 12:00:00,M08,0.0035,71.11,2.381,98.103
2026-06-22 13:00:00,M08,0.0035,71.538,2.313,95.796
2026-06-22 14:00:00,M08,0.0035,72.331,2.33,95.017
2026-06-22 15:00:00,M08,0.0004,70.656,2.314,95.605
2026-06-22 16:00:00,M08,0.0004,70.951,2.384,96.1
2026-06-22 17:00:00,M08,0.0004,68.28,2.195,94.858
2026-06-22 18:00:00,M08,0.0006,70.696,2.247,98.762
2026-06-22 19:00:00,M08,0.0007,72.33,2.297,95.843
2026-06-22 20:00:00,M08,0.0005,69.995,2.297,95.807
2026-06-22 21:00:00,M08,0.0005,70.25,2.443,99.853
2026-06-22 22:00:00,M08,0.0004,71.019,2.45,95.209
2026-06-22 23:00:00,M08,0.0029,72.483,2.493,92.349
2026-06-23 00:00:00,M08,0.0045,72.94,2.517,96.602
2026-06-23 01:00:00,M08,0.0044,71.188,2.457,94.868
2026-06-23 02:00:00,M08,0.0047,72.847,2.568,94.074
2026-06-23 03:00:00,M08,0.0038,73.038,2.618,95.731
2026-06-23 04:00:00,M08,0.0017,71.293,2.428,97.196
2026-06-23 05:00:00,M08,0.001,72.668,2.428,92.73
2026-06-23 06:00:00,M08,0.0017,73.721,2.467,95.152
2026-06-23 07:00:00,M08,0.002,73.607,2.779,95.393
2026-06-23 08:00:00,M08,0.0008,69.875,2.488,93.296
2026-06-23 09:00:00,M08,0.0004,73.633,2.426,92.933
2026-06-23 10:00:00,M08,0.0001,71.756,2.383,96.129
2026-06-23 11:00:00,M08,0.0001,71.062,2.432,94.016
2026-06-23 12:00:00,M08,0.0001,72.435,2.422,93.779
2026-06-23 13:00:00,M08,0.0004,70.807,2.342,93.9
2026-06-23 14:00:00,M08,0.0001,71.676,2.261,95.261
2026-06-23 15:00:00,M08,0.0001,71.048,2.409,98.185
2026-06-23 16:00:00,M08,0.0001,71.061,2.263,96.14
2026-06-23 17:00:00,M08,0.0,72.322,2.32,96.324
2026-06-23 18:00:00,M08,0.0,71.523,2.218,95.086
2026-06-23 19:00:00,M08,0.0,73.34,2.314,94.396
2026-06-23 20:00:00,M08,0.0,70.992,2.281,97.057
2026-06-23 21:00:00,M08,0.0003,70.288,2.392,93.322
2026-06-23 22:00:00,M08,0.0001,72.273,2.342,93.322
2026-06-23 23:00:00,M08,0.0001,70.658,2.313,95.957
2026-06-24 00:00:00,M08,0.0001,70.953,2.44,93.873
2026-06-24 01:00:00,M08,0.0001,72.034,2.449,98.454
2026-06-24 02:00:00,M08,0.0001,73.068,2.594,97.044
2026-06-24 03:00:00,M08,0.0004,74.643,2.836,90.451
2026-06-24 04:00:00,M08,0.9503,77.512,3.54,90.331
2026-06-24 05:00:00,M08,0.97,78.899,3.178,90.203
2026-06-24 06:00:00,M08,0.9992,80.095,3.635,90.695
2026-06-24 07:00:00,M08,0.9995,83.742,3.819,87.526
2026-06-24 08:00:00,M08,1.0,86.768,4.132,88.006
2026-06-24 09:00:00,M08,1.0,89.862,4.593,84.063
2026-06-24 10:00:00,M08,1.0,90.943,5.085,83.659
2026-06-24 22:00:00,M08,0.0,70.515,2.296,97.466
2026-06-24 23:00:00,M08,0.0,69.983,2.33,93.928
2026-06-25 00:00:00,M08,0.0,71.49,2.379,97.2
2026-06-25 01:00:00,M08,0.0,71.844,2.335,96.142
2026-06-25 02:00:00,M08,0.0,70.847,2.358,97.336
2026-06-25 03:00:00,M08,0.0,72.897,2.417,93.738
2026-06-25 04:00:00,M08,0.0,72.661,2.419,95.456
2026-06-25 05:00:00,M08,0.0,74.259,2.514,96.101
2026-06-25 06:00:00,M08,0.0,72.879,2.54,97.307
2026-06-25 07:00:00,M08,0.0,73.313,2.472,93.275
2026-06-25 08:00:00,M08,0.0,72.529,2.536,93.948
2026-06-25 09:00:00,M08,0.0,72.445,2.452,96.956
2026-06-25 10:00:00,M08,0.0,72.556,2.525,96.496
2026-06-25 11:00:00,M08,0.0,71.275,2.31,92.686
2026-06-25 12:00:00,M08,0.0,70.504,2.293,95.776
2026-06-25 13:00:00,M08,0.0,71.183,2.347,95.262
2026-06-25 14:00:00,M08,0.0,70.912,2.347,95.955
2026-06-25 15:00:00,M08,0.0,68.843,2.31,98.724
2026-06-25 16:00:00,M08,0.0,70.128,2.221,95.915
2026-06-25 17:00:00,M08,0.0,70.244,2.395,99.198
2026-06-25 18:00:00,M08,0.0,71.41,2.382,94.458
2026-06-25 19:00:00,M08,0.0,71.153,2.214,96.894
2026-06-25 20:00:00,M08,0.0,66.851,2.182,94.79
2026-06-25 21:00:00,M08,0.0,70.54,2.286,95.288
2026-06-25 22:00:00,M08,0.0,71.042,2.353,96.935
2026-06-25 23:00:00,M08,0.0,71.239,2.593,95.884
2026-06-26 00:00:00,M08,0.0,71.852,2.311,95.807
2026-06-26 01:00:00,M08,0.0,71.104,2.394,96.149
2026-06-26 02:00:00,M08,0.0,71.416,2.338,94.813
2026-06-26 03:00:00,M08,0.0,73.797,2.625,92.29
2026-06-26 04:00:00,M08,0.0,71.284,2.45,96.867
2026-06-26 05:00:00,M08,0.0,73.533,2.485,93.507
2026-06-26 06:00:00,M08,0.0,73.944,2.535,94.966
2026-06-26 07:00:00,M08,0.0,73.109,2.644,94.8
2026-06-26 08:00:00,M08,0.0,76.062,2.401,92.661
2026-06-26 09:00:00,M08,0.0,72.651,2.422,97.173
2026-06-26 10:00:00,M08,0.0,72.442,2.434,95.793
2026-06-26 11:00:00,M08,0.0001,73.974,2.434,96.553
2026-06-26 12:00:00,M08,0.0001,73.774,2.587,97.65
2026-06-26 13:00:00,M08,0.0001,68.402,2.402,95.365
2026-06-26 14:00:00,M08,0.0,71.16,2.341,94.382
2026-06-26 15:00:00,M08,0.0001,70.62,2.281,96.081
2026-06-26 16:00:00,M08,0.0001,71.003,2.351,96.342
2026-06-26 17:00:00,M08,0.0001,71.739,2.236,93.966
2026-06-26 18:00:00,M08,0.0,72.636,2.307,95.378
2026-06-26 19:00:00,M08,0.0,69.207,2.242,93.812
2026-06-26 20:00:00,M08,0.0001,70.831,2.609,94.694
2026-06-26 21:00:00,M08,0.0,69.32,2.228,97.364
2026-06-26 22:00:00,M08,0.0,70.842,2.388,97.374
2026-06-26 23:00:00,M08,0.0,70.842,2.321,98.091
2026-06-27 00:00:00,M08,0.0,71.806,2.423,96.788
2026-06-27 01:00:00,M08,0.0,70.443,2.363,95.889
2026-06-27 02:00:00,M08,0.0,71.866,2.391,93.961
2026-06-27 03:00:00,M08,0.0,74.107,2.614,91.117
2026-06-27 04:00:00,M08,0.0,72.353,2.561,95.531
2026-06-27 05:00:00,M08,0.0,73.44,2.403,96.065
2026-06-27 06:00:00,M08,0.0,72.668,2.52,97.65
2026-06-27 07:00:00,M08,0.0,73.587,2.408,93.647
2026-06-27 08:00:00,M08,0.0,72.373,2.488,95.687
2026-06-27 09:00:00,M08,0.0,72.836,2.402,96.095
2026-06-27 10:00:00,M08,0.0,72.234,2.365,95.685
2026-06-27 11:00:00,M08,0.0,71.321,2.46,95.496
2026-06-27 12:00:00,M08,0.0,70.813,2.375,93.584
2026-06-27 13:00:00,M08,0.0,70.417,2.304,93.645
2026-06-27 14:00:00,M08,0.0,71.95,2.432,94.061
2026-06-27 15:00:00,M08,0.0,71.511,2.258,94.228
2026-06-27 16:00:00,M08,0.0,69.665,2.374,94.228
2026-06-27 17:00:00,M08,0.0,66.818,2.457,95.881
2026-06-27 18:00:00,M08,0.0,68.699,2.238,93.104
2026-06-27 19:00:00,M08,0.0,73.2,2.428,95.538
2026-06-27 20:00:00,M08,0.0,72.023,2.277,96.654
2026-06-27 21:00:00,M08,0.0,70.918,2.326,94.592
2026-06-27 22:00:00,M08,0.0,70.496,2.395,94.294
2026-06-27 23:00:00,M08,0.0,70.496,2.313,95.676
2026-06-28 00:00:00,M08,0.0,73.38,2.38,96.115
2026-06-28 01:00:00,M08,0.0,71.367,2.591,96.487
2026-06-28 02:00:00,M08,0.0,71.886,2.34,95.816
2026-06-28 03:00:00,M08,0.0,71.257,2.378,98.095
2026-06-28 04:00:00,M08,0.0,74.606,2.553,96.076
2026-06-28 05:00:00,M08,0.0,72.799,2.513,97.162
2026-06-28 06:00:00,M08,0.0,72.937,2.676,93.578
2026-06-28 07:00:00,M08,0.0,72.557,2.454,94.702
2026-06-28 08:00:00,M08,0.0,73.446,2.423,92.794
2026-06-28 09:00:00,M08,0.0,72.668,2.465,94.252
2026-06-28 10:00:00,M08,0.0,74.306,2.38,96.124
2026-06-28 11:00:00,M08,0.0,76.483,2.538,94.843
2026-06-28 12:00:00,M08,0.0001,71.966,2.575,98.887
2026-06-28 13:00:00,M08,0.0001,69.702,2.436,96.639
2026-06-28 14:00:00,M08,0.0001,72.864,2.398,94.979
2026-06-28 15:00:00,M08,0.0001,69.484,2.408,96.072
2026-06-28 16:00:00,M08,0.0,67.468,2.299,99.479
2026-06-28 17:00:00,M08,0.0,70.978,2.228,97.659
2026-06-28 18:00:00,M08,0.0,70.457,2.3,93.595
2026-06-28 19:00:00,M08,0.0,69.893,2.3,95.108
2026-06-28 20:00:00,M08,0.0,70.656,2.435,94.156
2026-06-28 21:00:00,M08,0.0,71.559,2.289,94.698
2026-06-28 22:00:00,M08,0.0,70.332,3.031,99.56
2026-06-28 23:00:00,M08,0.0,71.053,2.332,94.174
2026-06-29 00:00:00,M08,0.0,69.502,2.319,96.112
2026-06-29 01:00:00,M08,0.0,72.337,2.334,97.742
2026-06-29 02:00:00,M08,0.0,73.279,2.467,93.745
2026-06-29 03:00:00,M08,0.0001,72.519,2.663,93.946
2026-06-29 04:00:00,M08,0.0,73.25,2.446,94.529
2026-06-29 05:00:00,M08,0.0,75.392,2.556,92.949
2026-06-29 06:00:00,M08,0.0,72.158,2.389,94.111
2026-06-29 07:00:00,M08,0.0,71.355,2.477,92.983
2026-06-29 08:00:00,M08,0.0,71.479,2.403,94.899
2026-06-29 09:00:00,M08,0.0,73.201,2.395,92.532
2026-06-29 10:00:00,M08,0.0,72.838,2.423,96.282
2026-06-29 11:00:00,M08,0.0,72.672,2.353,93.898
2026-06-29 12:00:00,M08,0.0,72.588,2.413,94.394
2026-06-29 13:00:00,M08,0.0,72.375,2.45,95.013
2026-06-29 14:00:00,M08,0.0,71.859,2.315,96.164
2026-06-29 15:00:00,M08,0.0,70.961,2.26,94.389
2026-06-29 16:00:00,M08,0.0,71.301,2.295,95.607
2026-06-29 17:00:00,M08,0.0,72.018,2.339,98.197
2026-06-29 18:00:00,M08,0.0,70.437,2.247,94.393
2026-06-29 19:00:00,M08,0.0,67.699,2.26,95.634
2026-06-29 20:00:00,M08,0.0,69.145,2.215,96.775
2026-06-29 21:00:00,M08,0.0,69.894,2.245,96.218
2026-06-29 22:00:00,M08,0.0,72.685,2.629,96.482
2026-06-29 23:00:00,M08,0.0001,73.975,2.548,95.909
2026-06-15 23:00:00,M09,0.0,73.884,2.333,98.648
2026-06-16 00:00:00,M09,0.0,73.845,2.399,97.052
2026-06-16 01:00:00,M09,0.0161,72.374,3.41,101.599
2026-06-16 02:00:00,M09,0.0008,76.464,2.596,98.197
2026-06-16 03:00:00,M09,0.002,77.198,2.585,97.17
2026-06-16 04:00:00,M09,0.0033,76.77,2.562,97.606
2026-06-16 05:00:00,M09,0.005,77.814,2.615,99.077
2026-06-16 06:00:00,M09,0.0085,77.628,2.76,96.99
2026-06-16 07:00:00,M09,0.0011,78.725,2.86,95.588
2026-06-16 08:00:00,M09,0.0151,80.067,2.997,98.376
2026-06-16 09:00:00,M09,0.0039,79.883,2.822,96.225
2026-06-16 10:00:00,M09,0.0071,79.24,2.914,98.294
2026-06-16 11:00:00,M09,0.0043,80.798,3.027,96.875
2026-06-16 12:00:00,M09,0.2056,80.535,3.047,97.605
2026-06-16 13:00:00,M09,0.2133,79.936,3.148,97.479
2026-06-16 14:00:00,M09,0.9914,80.561,3.374,98.667
2026-06-16 15:00:00,M09,0.4232,77.624,3.091,94.149
2026-06-16 16:00:00,M09,0.9932,80.428,3.132,96.42
2026-06-16 17:00:00,M09,0.9374,81.36,3.176,96.084
2026-06-16 18:00:00,M09,0.9984,80.906,3.287,95.222
2026-06-16 19:00:00,M09,0.9999,80.409,3.441,93.165
2026-06-16 20:00:00,M09,0.999,79.869,3.438,94.809
2026-06-16 21:00:00,M09,0.9582,81.973,3.412,96.68
2026-06-16 22:00:00,M09,0.9962,81.408,3.642,94.221
2026-06-16 23:00:00,M09,0.9986,83.816,3.592,94.044
2026-06-17 00:00:00,M09,0.9969,85.204,3.798,93.028
2026-06-17 01:00:00,M09,0.9882,85.777,3.866,92.951
2026-06-17 02:00:00,M09,1.0,87.62,4.07,89.798
2026-06-17 03:00:00,M09,0.9999,86.48,4.07,92.606
2026-06-17 04:00:00,M09,1.0,89.012,4.105,92.767
2026-06-17 05:00:00,M09,1.0,88.768,4.201,92.401
2026-06-17 06:00:00,M09,1.0,89.556,4.299,92.488
2026-06-17 07:00:00,M09,1.0,90.643,4.541,89.226
2026-06-17 08:00:00,M09,1.0,90.676,4.607,90.591
2026-06-17 09:00:00,M09,1.0,90.613,4.702,87.705
2026-06-17 10:00:00,M09,1.0,90.663,4.839,86.359
2026-06-17 11:00:00,M09,1.0,92.141,4.751,86.543
2026-06-17 12:00:00,M09,1.0,90.965,4.708,88.506
2026-06-17 13:00:00,M09,1.0,93.352,4.79,89.926
2026-06-17 14:00:00,M09,1.0,93.313,5.083,89.122
2026-06-17 15:00:00,M09,1.0,92.96,4.998,87.707
2026-06-17 16:00:00,M09,1.0,93.519,5.016,83.31
2026-06-18 06:00:00,M09,0.0,75.107,2.334,100.218
2026-06-18 07:00:00,M09,0.0,73.637,2.402,100.769
2026-06-18 08:00:00,M09,0.0,72.613,2.294,101.076
2026-06-18 09:00:00,M09,0.0,75.289,2.39,100.358
2026-06-18 10:00:00,M09,0.0,73.984,2.278,100.342
2026-06-18 11:00:00,M09,0.0,72.928,2.266,101.52
2026-06-18 12:00:00,M09,0.0,73.846,2.12,99.98
2026-06-18 13:00:00,M09,0.0,74.036,2.222,100.598
2026-06-18 14:00:00,M09,0.0,71.521,2.258,99.995
2026-06-18 15:00:00,M09,0.0,69.684,2.227,98.902
2026-06-18 16:00:00,M09,0.0,72.127,2.131,100.485
2026-06-18 17:00:00,M09,0.0,73.592,2.22,102.483
2026-06-18 18:00:00,M09,0.0,71.416,2.152,96.227
2026-06-18 19:00:00,M09,0.0,72.868,2.073,101.584
2026-06-18 20:00:00,M09,0.0,72.467,2.086,100.257
2026-06-18 21:00:00,M09,0.0,72.083,2.182,102.497
2026-06-18 22:00:00,M09,0.0,70.958,2.03,100.878
2026-06-18 23:00:00,M09,0.0,74.194,2.131,98.462
2026-06-19 00:00:00,M09,0.0,74.079,2.248,100.025
2026-06-19 01:00:00,M09,0.0,72.118,2.199,100.365
2026-06-19 02:00:00,M09,0.0,75.877,2.281,99.518
2026-06-19 03:00:00,M09,0.0,74.355,2.326,97.813
2026-06-19 04:00:00,M09,0.0,74.119,2.288,98.024
2026-06-19 05:00:00,M09,0.0,77.884,2.597,100.394
2026-06-19 06:00:00,M09,0.0,74.376,2.403,101.433
2026-06-19 07:00:00,M09,0.0,74.592,2.306,100.479
2026-06-19 08:00:00,M09,0.0,72.339,2.249,99.486
2026-06-19 09:00:00,M09,0.0,72.94,2.237,99.321
2026-06-19 10:00:00,M09,0.0,73.986,2.269,99.939
2026-06-19 11:00:00,M09,0.0,75.239,2.245,99.658
2026-06-19 12:00:00,M09,0.0,73.187,2.186,97.555
2026-06-19 13:00:00,M09,0.0,71.921,2.156,101.364
2026-06-19 14:00:00,M09,0.0,72.737,2.24,100.544
2026-06-19 15:00:00,M09,0.0,75.302,2.213,101.177
2026-06-19 16:00:00,M09,0.0,73.589,2.077,99.377
2026-06-19 17:00:00,M09,0.0,72.748,2.085,101.69
2026-06-19 18:00:00,M09,0.0,70.189,2.108,101.762
2026-06-19 19:00:00,M09,0.0,73.396,2.068,97.461
2026-06-19 20:00:00,M09,0.0,71.558,2.066,101.849
2026-06-19 21:00:00,M09,0.0,72.493,2.134,100.836
2026-06-19 22:00:00,M09,0.0,73.54,2.123,101.461
2026-06-19 23:00:00,M09,0.0,71.882,2.273,102.876
2026-06-20 00:00:00,M09,0.0,73.137,2.137,100.251
2026-06-20 01:00:00,M09,0.0,74.823,2.395,99.21
2026-06-20 02:00:00,M09,0.0,74.088,2.281,100.485
2026-06-20 03:00:00,M09,0.0,76.967,2.325,99.968
2026-06-20 04:00:00,M09,0.0,73.407,2.343,100.304
2026-06-20 05:00:00,M09,0.0,73.557,2.381,101.315
2026-06-20 06:00:00,M09,0.0,75.212,2.281,96.891
2026-06-20 07:00:00,M09,0.0,74.831,2.306,100.042
2026-06-20 08:00:00,M09,0.0,74.404,2.332,98.932
2026-06-20 09:00:00,M09,0.0,75.84,2.228,98.33
2026-06-20 10:00:00,M09,0.0,74.641,2.523,100.546
2026-06-20 11:00:00,M09,0.0,73.982,2.308,100.413
2026-06-20 12:00:00,M09,0.0,74.415,2.371,100.269
2026-06-20 13:00:00,M09,0.0,72.33,2.153,99.09
2026-06-20 14:00:00,M09,0.0,70.703,2.219,100.544
2026-06-20 15:00:00,M09,0.0,71.643,2.117,102.957
2026-06-20 16:00:00,M09,0.0,72.565,2.1,100.215
2026-06-20 17:00:00,M09,0.0,71.305,2.082,100.129
2026-06-20 18:00:00,M09,0.0,72.4,2.175,99.246
2026-06-20 19:00:00,M09,0.0,72.547,2.236,99.796
2026-06-20 20:00:00,M09,0.0,71.892,2.179,101.963
2026-06-20 21:00:00,M09,0.0,72.415,2.124,101.404
2026-06-20 22:00:00,M09,0.0,70.273,2.16,100.641
2026-06-20 23:00:00,M09,0.0,71.941,2.222,100.649
2026-06-21 00:00:00,M09,0.0,73.916,2.146,102.948
2026-06-21 01:00:00,M09,0.0,73.633,2.175,101.178
2026-06-21 02:00:00,M09,0.0,73.583,2.344,101.543
2026-06-21 03:00:00,M09,0.0,74.262,2.494,100.603
2026-06-21 04:00:00,M09,0.0,75.416,2.316,99.588
2026-06-21 05:00:00,M09,0.0,74.684,2.41,97.514
2026-06-21 06:00:00,M09,0.0,73.969,2.353,98.805
2026-06-21 07:00:00,M09,0.0,74.134,2.322,99.063
2026-06-21 08:00:00,M09,0.0,75.01,2.427,101.044
2026-06-21 09:00:00,M09,0.0,72.571,2.267,103.368
2026-06-21 10:00:00,M09,0.0,75.124,2.216,99.063
2026-06-21 11:00:00,M09,0.0,74.031,2.206,101.927
2026-06-21 12:00:00,M09,0.0,73.435,2.244,101.533
2026-06-21 13:00:00,M09,0.0,73.303,2.313,99.757
2026-06-21 14:00:00,M09,0.0,71.602,2.363,97.747
2026-06-21 15:00:00,M09,0.0,71.377,2.11,103.158
2026-06-21 16:00:00,M09,0.0,69.33,2.119,101.559
2026-06-21 17:00:00,M09,0.0,70.811,2.093,101.624
2026-06-21 18:00:00,M09,0.0,71.465,2.091,100.665
2026-06-21 19:00:00,M09,0.0,70.222,2.104,99.288
2026-06-21 20:00:00,M09,0.0,73.974,2.242,99.683
2026-06-21 21:00:00,M09,0.0,72.836,2.253,99.884
2026-06-21 22:00:00,M09,0.0,71.509,2.119,101.574
2026-06-21 23:00:00,M09,0.0,71.922,2.189,100.715
2026-06-22 00:00:00,M09,0.0,72.192,2.124,98.255
2026-06-22 01:00:00,M09,0.0,75.065,2.18,98.321
2026-06-22 02:00:00,M09,0.0,74.967,2.274,101.143
2026-06-22 03:00:00,M09,0.0,73.425,2.261,100.108
2026-06-22 04:00:00,M09,0.0,75.319,2.246,97.377
2026-06-22 05:00:00,M09,0.0,74.404,2.301,99.722
2026-06-22 06:00:00,M09,0.0,75.954,2.33,97.063
2026-06-22 07:00:00,M09,0.0,75.222,2.337,102.49
2026-06-22 08:00:00,M09,0.0,73.271,2.345,100.568
2026-06-22 09:00:00,M09,0.0,76.3,2.345,100.006
2026-06-22 10:00:00,M09,0.0,73.077,2.502,99.626
2026-06-22 11:00:00,M09,0.0,74.429,2.37,98.805
2026-06-22 12:00:00,M09,0.0,74.425,2.245,100.019
2026-06-22 13:00:00,M09,0.0,73.715,2.379,100.41
2026-06-22 14:00:00,M09,0.0,71.799,2.185,101.381
2026-06-22 15:00:00,M09,0.0,71.801,2.079,99.847
2026-06-22 16:00:00,M09,0.0,72.39,2.102,102.255
2026-06-22 17:00:00,M09,0.0,75.132,2.146,103.475
2026-06-22 18:00:00,M09,0.0,71.145,2.302,103.579
2026-06-22 19:00:00,M09,0.0,69.426,2.159,101.108
2026-06-22 20:00:00,M09,0.0,70.608,2.162,102.065
2026-06-22 21:00:00,M09,0.0,74.373,2.144,99.882
2026-06-22 22:00:00,M09,0.0,75.535,2.346,100.401
2026-06-22 23:00:00,M09,0.0,74.323,2.343,101.344
2026-06-23 00:00:00,M09,0.0,71.174,2.318,97.482
2026-06-23 01:00:00,M09,0.0,72.916,2.175,100.677
2026-06-23 02:00:00,M09,0.0,72.908,2.193,100.282
2026-06-23 03:00:00,M09,0.0,75.184,2.371,102.592
2026-06-23 04:00:00,M09,0.0,73.81,2.42,97.993
2026-06-23 05:00:00,M09,0.0,77.779,2.363,99.955
2026-06-23 06:00:00,M09,0.0,73.757,2.445,100.781
2026-06-23 07:00:00,M09,0.0,75.173,2.328,98.419
2026-06-23 08:00:00,M09,0.0,75.237,2.234,97.238
2026-06-23 09:00:00,M09,0.0,74.566,2.268,99.74
2026-06-23 10:00:00,M09,0.0,71.739,2.219,102.12
2026-06-23 11:00:00,M09,0.0,73.893,2.259,96.627
2026-06-23 12:00:00,M09,0.0,73.491,2.256,99.396
2026-06-23 13:00:00,M09,0.0,72.653,2.105,100.784
2026-06-23 14:00:00,M09,0.0,74.236,2.224,98.917
2026-06-23 15:00:00,M09,0.0,71.909,2.169,99.62
2026-06-23 16:00:00,M09,0.0,71.472,2.241,99.539
2026-06-23 17:00:00,M09,0.0,71.087,2.139,99.559
2026-06-23 18:00:00,M09,0.0,71.844,2.06,101.014
2026-06-23 19:00:00,M09,0.0,70.808,2.105,102.154
2026-06-23 20:00:00,M09,0.0,71.561,2.164,101.082
2026-06-23 21:00:00,M09,0.0,69.73,2.119,101.109
2026-06-23 22:00:00,M09,0.0,72.24,2.109,100.184
2026-06-23 23:00:00,M09,0.0,73.258,2.198,98.191
2026-06-24 00:00:00,M09,0.0,74.892,2.189,101.082
2026-06-24 01:00:00,M09,0.0,73.756,2.461,98.566
2026-06-24 02:00:00,M09,0.0,73.589,2.347,97.891
2026-06-24 03:00:00,M09,0.0,76.735,2.499,101.662
2026-06-24 04:00:00,M09,0.0,73.114,2.285,99.336
2026-06-24 05:00:00,M09,0.0,75.0,2.301,99.807
2026-06-24 06:00:00,M09,0.0,76.109,2.308,100.246
2026-06-24 07:00:00,M09,0.0,73.889,2.225,100.627
2026-06-24 08:00:00,M09,0.0,74.63,2.392,98.103
2026-06-24 09:00:00,M09,0.0,74.581,2.301,99.869
2026-06-24 10:00:00,M09,0.0,71.546,2.218,100.275
2026-06-24 11:00:00,M09,0.0,75.609,2.476,99.595
2026-06-24 12:00:00,M09,0.0,76.523,2.285,101.064
2026-06-24 13:00:00,M09,0.0,71.908,2.135,98.076
2026-06-24 14:00:00,M09,0.0,74.614,2.124,99.265
2026-06-24 15:00:00,M09,0.0,73.128,2.114,100.877
2026-06-24 16:00:00,M09,0.0,72.187,2.083,97.519
2026-06-24 17:00:00,M09,0.0,71.288,2.087,102.607
2026-06-24 18:00:00,M09,0.0,73.496,2.142,100.858
2026-06-24 19:00:00,M09,0.0,73.55,2.19,101.775
2026-06-24 20:00:00,M09,0.0,73.681,2.136,102.167
2026-06-24 21:00:00,M09,0.0,71.918,2.234,99.265
2026-06-24 22:00:00,M09,0.0,71.684,2.141,98.512
2026-06-24 23:00:00,M09,0.0,75.525,2.216,101.768
2026-06-25 00:00:00,M09,0.0,73.831,2.245,100.238
2026-06-25 01:00:00,M09,0.0,76.027,2.373,98.379
2026-06-25 02:00:00,M09,0.0,73.365,2.328,99.674
2026-06-25 03:00:00,M09,0.0,73.358,2.271,97.65
2026-06-25 04:00:00,M09,0.0,73.845,2.294,100.478
2026-06-25 05:00:00,M09,0.0,76.06,2.434,97.389
2026-06-25 06:00:00,M09,0.0,76.778,2.32,98.3
2026-06-25 07:00:00,M09,0.0,74.09,2.312,100.483
2026-06-25 08:00:00,M09,0.0,77.063,2.364,100.515
2026-06-25 09:00:00,M09,0.0,74.571,2.317,99.355
2026-06-25 10:00:00,M09,0.0,75.777,2.32,104.011
2026-06-25 11:00:00,M09,0.0,73.296,2.222,100.925
2026-06-25 12:00:00,M09,0.0,72.934,2.266,101.496
2026-06-25 13:00:00,M09,0.0,70.888,2.328,101.094
2026-06-25 14:00:00,M09,0.0,74.039,2.133,97.231
2026-06-25 15:00:00,M09,0.0,71.248,2.195,102.975
2026-06-25 16:00:00,M09,0.0,71.867,2.142,101.214
2026-06-25 17:00:00,M09,0.0,72.128,2.096,99.503
2026-06-25 18:00:00,M09,0.0,74.087,2.204,100.748
2026-06-25 19:00:00,M09,0.0,74.387,2.19,99.147
2026-06-25 20:00:00,M09,0.0,73.7,2.203,101.07
2026-06-25 21:00:00,M09,0.0,73.552,2.152,100.539
2026-06-25 22:00:00,M09,0.0,72.397,2.309,99.378
2026-06-25 23:00:00,M09,0.0,72.827,2.342,100.43
2026-06-26 00:00:00,M09,0.0,75.14,2.355,100.729
2026-06-26 01:00:00,M09,0.0,74.514,2.201,102.23
2026-06-26 02:00:00,M09,0.0,75.017,2.24,96.043
2026-06-26 03:00:00,M09,0.0,75.101,2.365,97.751
2026-06-26 04:00:00,M09,0.0,75.145,2.293,102.095
2026-06-26 05:00:00,M09,0.0,75.206,2.257,101.017
2026-06-26 06:00:00,M09,0.0,72.904,2.39,98.794
2026-06-26 07:00:00,M09,0.0,75.188,2.366,98.871
2026-06-26 08:00:00,M09,0.0,73.109,2.398,97.765
2026-06-26 09:00:00,M09,0.0,74.998,2.361,102.588
2026-06-26 10:00:00,M09,0.0,73.953,2.276,100.38
2026-06-26 11:00:00,M09,0.0,73.354,2.255,98.923
2026-06-26 12:00:00,M09,0.0,74.868,2.504,101.303
2026-06-26 13:00:00,M09,0.0,74.868,2.206,103.037
2026-06-26 14:00:00,M09,0.0,74.113,2.261,100.937
2026-06-26 15:00:00,M09,0.0,72.347,2.207,100.653
2026-06-26 16:00:00,M09,0.0,71.087,2.062,100.162
2026-06-26 17:00:00,M09,0.0,72.211,2.152,101.722
2026-06-26 18:00:00,M09,0.0,71.898,2.094,100.887
2026-06-26 19:00:00,M09,0.0,73.34,2.141,102.28
2026-06-26 20:00:00,M09,0.0,73.712,2.106,100.154
2026-06-26 21:00:00,M09,0.0,72.285,2.176,102.292
2026-06-26 22:00:00,M09,0.0,71.394,2.167,100.466
2026-06-26 23:00:00,M09,0.0,74.853,2.155,96.575
2026-06-27 00:00:00,M09,0.0,74.835,2.378,100.898
2026-06-27 01:00:00,M09,0.0,73.416,2.195,101.616
2026-06-27 02:00:00,M09,0.0,76.271,2.485,97.31
2026-06-27 03:00:00,M09,0.0,76.083,2.334,100.832
2026-06-27 04:00:00,M09,0.0,77.297,2.399,100.255
2026-06-27 05:00:00,M09,0.0,74.672,2.372,99.506
2026-06-27 06:00:00,M09,0.0,77.309,2.292,95.581
2026-06-27 07:00:00,M09,0.0,75.418,2.306,100.364
2026-06-27 08:00:00,M09,0.0,73.849,2.427,101.946
2026-06-27 09:00:00,M09,0.0,74.903,2.324,99.553
2026-06-27 10:00:00,M09,0.0,73.889,2.478,102.419
2026-06-27 11:00:00,M09,0.0,73.51,2.231,100.717
2026-06-27 12:00:00,M09,0.0,72.542,2.335,98.615
2026-06-27 13:00:00,M09,0.0,72.465,2.176,101.565
2026-06-27 14:00:00,M09,0.0,71.926,2.119,102.293
2026-06-27 15:00:00,M09,0.0,72.798,2.128,99.677
2026-06-27 16:00:00,M09,0.0,70.743,2.127,100.972
2026-06-27 17:00:00,M09,0.0,69.85,2.233,101.299
2026-06-27 18:00:00,M09,0.0,71.556,2.055,102.376
2026-06-27 19:00:00,M09,0.0,71.187,2.426,100.454
2026-06-27 20:00:00,M09,0.0,72.278,2.13,102.697
2026-06-27 21:00:00,M09,0.0,72.476,2.157,101.032
2026-06-27 22:00:00,M09,0.0,74.485,2.179,99.248
2026-06-27 23:00:00,M09,0.0,72.12,2.818,101.022
2026-06-28 00:00:00,M09,0.0,72.457,2.237,99.288
2026-06-28 01:00:00,M09,0.0,71.662,2.171,101.12
2026-06-28 02:00:00,M09,0.0,75.531,2.244,100.578
2026-06-28 03:00:00,M09,0.0,73.611,2.273,97.912
2026-06-28 04:00:00,M09,0.0,74.94,2.235,103.484
2026-06-28 05:00:00,M09,0.0,75.036,2.491,100.904
2026-06-28 06:00:00,M09,0.0,75.804,2.304,98.857
2026-06-28 07:00:00,M09,0.0,74.603,2.421,100.615
2026-06-28 08:00:00,M09,0.0,72.731,2.249,101.681
2026-06-28 09:00:00,M09,0.0,74.498,2.314,96.225
2026-06-28 10:00:00,M09,0.0,73.994,2.24,100.046
2026-06-28 11:00:00,M09,0.0,72.647,2.325,102.065
2026-06-28 12:00:00,M09,0.0,73.143,2.194,99.394
2026-06-28 13:00:00,M09,0.0,72.664,2.369,97.311
2026-06-28 14:00:00,M09,0.0,71.449,2.26,99.751
2026-06-28 15:00:00,M09,0.0,71.948,2.18,101.315
2026-06-28 16:00:00,M09,0.0,71.777,2.101,100.433
2026-06-28 17:00:00,M09,0.0,70.302,2.271,98.812
2026-06-28 18:00:00,M09,0.0,72.604,2.202,100.361
2026-06-28 19:00:00,M09,0.0,73.821,2.179,100.711
2026-06-28 20:00:00,M09,0.0,75.503,2.149,102.017
2026-06-28 21:00:00,M09,0.0,73.137,2.192,99.504
2026-06-28 22:00:00,M09,0.0,73.343,2.347,100.227
2026-06-28 23:00:00,M09,0.0,74.796,2.228,100.025
2026-06-29 00:00:00,M09,0.0,72.697,2.217,100.529
2026-06-29 01:00:00,M09,0.0,76.443,2.245,100.194
2026-06-29 02:00:00,M09,0.0,72.541,2.26,99.163
2026-06-29 03:00:00,M09,0.0,73.996,2.383,97.993
2026-06-29 04:00:00,M09,0.0,75.01,2.33,98.357
2026-06-29 05:00:00,M09,0.0,77.187,2.317,102.468
2026-06-29 06:00:00,M09,0.0,74.363,2.313,100.816
2026-06-29 07:00:00,M09,0.0,74.671,2.491,100.507
2026-06-29 08:00:00,M09,0.0,74.331,2.369,97.698
2026-06-29 09:00:00,M09,0.0001,75.45,2.921,102.271
2026-06-29 10:00:00,M09,0.0,75.72,2.396,102.094
2026-06-29 11:00:00,M09,0.0,74.617,2.346,98.095
2026-06-29 12:00:00,M09,0.0,73.698,2.15,98.557
2026-06-29 13:00:00,M09,0.0,73.566,2.203,101.626
2026-06-29 14:00:00,M09,0.0,72.54,2.219,99.981
2026-06-29 15:00:00,M09,0.0,72.254,2.233,97.206
2026-06-29 16:00:00,M09,0.0,72.857,2.286,101.114
2026-06-29 17:00:00,M09,0.0,72.822,2.157,99.568
2026-06-29 18:00:00,M09,0.0,72.178,2.192,99.884
2026-06-29 19:00:00,M09,0.0,73.417,2.069,99.17
2026-06-29 20:00:00,M09,0.0,71.93,2.086,100.543
2026-06-29 21:00:00,M09,0.0,73.193,2.163,100.163
2026-06-29 22:00:00,M09,0.0,72.692,2.185,101.628
2026-06-29 23:00:00,M09,0.0,74.817,2.21,101.038
2026-06-15 23:00:00,M10,0.0001,77.216,2.217,97.158
2026-06-16 00:00:00,M10,0.0001,78.418,2.258,99.734
2026-06-16 01:00:00,M10,0.0001,79.01,2.284,98.446
2026-06-16 02:00:00,M10,0.0001,80.311,2.443,97.625
2026-06-16 03:00:00,M10,0.0001,79.386,2.333,98.727
2026-06-16 04:00:00,M10,0.0002,79.386,2.31,95.615
2026-06-16 05:00:00,M10,0.0001,80.967,2.388,98.809
2026-06-16 06:00:00,M10,0.0001,80.1,2.316,95.62
2026-06-16 07:00:00,M10,0.0002,80.721,2.451,95.399
2026-06-16 08:00:00,M10,0.0001,78.251,2.357,97.135
2026-06-16 09:00:00,M10,0.0002,77.988,2.524,97.472
2026-06-16 10:00:00,M10,0.0002,79.905,2.239,98.128
2026-06-16 11:00:00,M10,0.0002,78.555,2.473,96.36
2026-06-16 12:00:00,M10,0.0003,78.032,2.214,100.352
2026-06-16 13:00:00,M10,0.0002,77.705,2.243,98.139
2026-06-16 14:00:00,M10,0.0003,77.543,2.359,100.595
2026-06-16 15:00:00,M10,0.0003,76.691,2.287,99.187
2026-06-16 16:00:00,M10,0.0002,77.113,2.329,96.711
2026-06-16 17:00:00,M10,0.0002,78.392,2.161,98.577
2026-06-16 18:00:00,M10,0.0002,79.403,2.192,100.444
2026-06-16 19:00:00,M10,0.0,78.036,2.223,98.017
2026-06-16 20:00:00,M10,0.0,76.505,2.156,97.597
2026-06-16 21:00:00,M10,0.0,78.657,2.203,97.866
2026-06-16 22:00:00,M10,0.0,77.509,2.406,99.107
2026-06-16 23:00:00,M10,0.0,79.021,2.296,96.769
2026-06-17 00:00:00,M10,0.0,77.515,2.292,99.534
2026-06-17 01:00:00,M10,0.0,78.502,2.408,96.928
2026-06-17 02:00:00,M10,0.0,78.447,2.4,98.039
2026-06-17 03:00:00,M10,0.0,79.71,2.363,97.182
2026-06-17 04:00:00,M10,0.0001,81.054,2.35,95.873
2026-06-17 05:00:00,M10,0.0001,79.669,2.443,96.815
2026-06-17 06:00:00,M10,0.0001,79.861,2.34,96.123
2026-06-17 07:00:00,M10,0.0001,78.484,2.54,99.671
2026-06-17 08:00:00,M10,0.0002,80.307,2.384,100.607
2026-06-17 09:00:00,M10,0.0001,79.584,2.368,95.578
2026-06-17 10:00:00,M10,0.0001,77.869,2.459,98.124
2026-06-17 11:00:00,M10,0.0001,79.165,2.243,96.438
2026-06-17 12:00:00,M10,0.0001,78.231,2.205,96.993
2026-06-17 13:00:00,M10,0.0,77.308,2.386,96.559
2026-06-17 14:00:00,M10,0.0001,77.042,2.24,97.338
2026-06-17 15:00:00,M10,0.0001,78.929,2.22,99.896
2026-06-17 16:00:00,M10,0.0,77.658,2.278,100.422
2026-06-17 17:00:00,M10,0.0,77.75,2.28,96.732
2026-06-17 18:00:00,M10,0.0001,74.255,2.244,101.056
2026-06-17 19:00:00,M10,0.0001,75.705,2.359,99.814
2026-06-17 20:00:00,M10,0.0,80.551,2.273,96.974
2026-06-17 21:00:00,M10,0.0,78.48,2.438,99.311
2026-06-17 22:00:00,M10,0.0001,76.624,2.288,97.026
2026-06-17 23:00:00,M10,0.001,80.394,2.58,97.959
2026-06-18 00:00:00,M10,0.0008,80.069,2.616,96.806
2026-06-18 01:00:00,M10,0.0005,80.955,2.623,95.539
2026-06-18 02:00:00,M10,0.0005,79.584,2.607,98.181
2026-06-18 03:00:00,M10,0.0005,81.377,2.555,92.647
2026-06-18 04:00:00,M10,0.0008,82.803,2.656,95.988
2026-06-18 05:00:00,M10,0.0036,81.967,2.664,92.674
2026-06-18 06:00:00,M10,0.0047,83.177,2.661,97.52
2026-06-18 07:00:00,M10,0.0047,82.748,2.862,93.654
2026-06-18 08:00:00,M10,0.0014,79.203,2.735,94.28
2026-06-18 09:00:00,M10,0.0016,81.417,2.705,92.893
2026-06-18 10:00:00,M10,0.0026,81.972,2.78,96.489
2026-06-18 11:00:00,M10,0.0023,81.502,2.675,95.436
2026-06-18 12:00:00,M10,0.0014,81.385,2.766,95.406
2026-06-18 13:00:00,M10,0.0009,82.536,2.817,94.445
2026-06-18 14:00:00,M10,0.0015,81.292,2.704,95.073
2026-06-18 15:00:00,M10,0.0015,84.907,2.817,93.972
2026-06-18 16:00:00,M10,0.0014,80.148,2.796,95.591
2026-06-18 17:00:00,M10,0.0012,80.818,2.864,93.923
2026-06-18 18:00:00,M10,0.0005,80.055,2.848,95.772
2026-06-18 19:00:00,M10,0.0005,81.568,2.817,96.047
2026-06-18 20:00:00,M10,0.0007,81.823,2.891,97.64
2026-06-18 21:00:00,M10,0.0006,82.453,2.843,98.368
2026-06-18 22:00:00,M10,0.0001,82.708,2.928,93.355
2026-06-18 23:00:00,M10,0.0001,84.134,3.15,95.709
2026-06-19 00:00:00,M10,0.0004,84.484,3.071,94.096
2026-06-19 01:00:00,M10,0.0002,84.322,3.052,92.278
2026-06-19 02:00:00,M10,0.0003,84.968,3.214,94.533
2026-06-19 03:00:00,M10,0.0002,84.987,3.143,92.933
2026-06-19 04:00:00,M10,0.0003,85.138,3.346,90.696
2026-06-19 05:00:00,M10,0.0002,85.961,3.31,92.574
2026-06-19 06:00:00,M10,0.0002,83.343,3.294,92.137
2026-06-19 07:00:00,M10,0.0004,87.111,3.449,91.898
2026-06-19 08:00:00,M10,0.0003,87.447,3.337,93.275
2026-06-19 09:00:00,M10,0.0002,85.15,3.591,91.021
2026-06-19 10:00:00,M10,0.0002,87.931,3.428,92.323
2026-06-19 11:00:00,M10,0.0019,89.76,3.392,91.98
2026-06-19 12:00:00,M10,0.0005,87.271,3.403,92.611
2026-06-19 13:00:00,M10,0.0006,85.569,3.664,90.938
2026-06-19 14:00:00,M10,0.0003,84.977,3.673,90.822
2026-06-19 15:00:00,M10,0.0007,86.06,3.465,89.177
2026-06-19 16:00:00,M10,0.0082,90.277,3.459,91.93
2026-06-19 17:00:00,M10,0.0002,86.013,3.495,93.421
2026-06-19 18:00:00,M10,0.0059,87.907,3.566,92.447
2026-06-19 19:00:00,M10,0.0174,90.699,3.614,92.702
2026-06-19 20:00:00,M10,0.0014,90.054,3.657,93.778
2026-06-19 21:00:00,M10,0.0035,88.697,3.609,91.417
2026-06-19 22:00:00,M10,0.0012,86.913,3.683,92.596
2026-06-19 23:00:00,M10,0.0112,87.686,3.926,90.844
2026-06-20 00:00:00,M10,0.109,89.648,3.973,90.042
2026-06-20 01:00:00,M10,0.0453,90.391,3.924,89.268
2026-06-20 02:00:00,M10,0.2191,91.599,4.027,90.343
2026-06-20 03:00:00,M10,0.901,92.364,4.415,89.321
2026-06-20 04:00:00,M10,0.1684,90.928,4.079,90.724
2026-06-20 05:00:00,M10,0.1047,91.247,4.12,92.245
2026-06-20 06:00:00,M10,0.9356,94.371,4.12,87.492
2026-06-20 07:00:00,M10,0.9975,92.118,4.207,87.492
2026-06-20 08:00:00,M10,0.999,94.897,4.218,87.492
2026-06-20 09:00:00,M10,0.9969,92.661,4.373,87.492
2026-06-20 10:00:00,M10,0.9979,93.614,4.225,90.399
2026-06-20 11:00:00,M10,0.9998,94.047,4.462,87.593
2026-06-20 12:00:00,M10,0.9999,93.38,4.377,87.629
2026-06-20 13:00:00,M10,0.997,94.503,4.487,90.996
2026-06-20 14:00:00,M10,0.9999,93.316,4.518,88.912
2026-06-20 15:00:00,M10,1.0,92.31,4.479,85.647
2026-06-20 16:00:00,M10,0.9999,95.215,4.393,88.222
2026-06-20 17:00:00,M10,0.9999,91.11,4.481,87.607
2026-06-20 18:00:00,M10,0.9999,92.476,4.648,89.249
2026-06-20 19:00:00,M10,0.9998,92.961,4.49,86.706
2026-06-20 20:00:00,M10,0.9999,94.607,4.588,89.299
2026-06-20 21:00:00,M10,1.0,95.866,4.747,85.538
2026-06-20 22:00:00,M10,1.0,96.303,4.722,84.379
2026-06-20 23:00:00,M10,0.9998,94.283,4.748,87.361
2026-06-21 00:00:00,M10,0.9999,96.761,4.829,83.525
2026-06-21 01:00:00,M10,0.9999,98.593,4.911,88.066
2026-06-21 02:00:00,M10,0.9999,97.705,4.919,84.363
2026-06-21 03:00:00,M10,0.9999,100.347,5.046,83.905
2026-06-21 04:00:00,M10,1.0,100.157,5.155,83.235
2026-06-21 05:00:00,M10,1.0,98.517,5.101,86.318
2026-06-21 06:00:00,M10,1.0,101.953,5.212,84.697
2026-06-21 07:00:00,M10,0.9999,100.463,5.331,85.741
2026-06-21 08:00:00,M10,1.0,102.825,5.543,83.601
2026-06-22 01:00:00,M10,0.0,79.056,2.307,97.66
2026-06-22 02:00:00,M10,0.0,79.107,2.362,95.86
2026-06-22 03:00:00,M10,0.0,77.639,2.394,99.534
2026-06-22 04:00:00,M10,0.0,78.634,2.475,96.605
2026-06-22 05:00:00,M10,0.0,81.637,2.38,95.409
2026-06-22 06:00:00,M10,0.0,80.675,2.391,94.77
2026-06-22 07:00:00,M10,0.0,80.781,2.456,96.442
2026-06-22 08:00:00,M10,0.0,78.555,2.399,97.082
2026-06-22 09:00:00,M10,0.0,79.75,2.33,98.937
2026-06-22 10:00:00,M10,0.0,78.787,2.454,96.707
2026-06-22 11:00:00,M10,0.0,77.73,2.463,98.817
2026-06-22 12:00:00,M10,0.0,78.658,2.399,99.493
2026-06-22 13:00:00,M10,0.0,75.782,2.209,96.981
2026-06-22 14:00:00,M10,0.0,76.307,2.202,98.575
2026-06-22 15:00:00,M10,0.0,77.832,2.122,98.288
2026-06-22 16:00:00,M10,0.0,77.27,2.2,97.425
2026-06-22 17:00:00,M10,0.0,76.399,2.253,100.025
2026-06-22 18:00:00,M10,0.0,77.662,2.195,97.817
2026-06-22 19:00:00,M10,0.0,75.192,2.128,99.195
2026-06-22 20:00:00,M10,0.0,78.485,2.166,101.226
2026-06-22 21:00:00,M10,0.0,76.939,2.177,98.409
2026-06-22 22:00:00,M10,0.0,79.842,2.359,97.22
2026-06-22 23:00:00,M10,0.0,79.748,2.312,99.354
2026-06-23 00:00:00,M10,0.0,78.072,2.253,97.28
2026-06-23 01:00:00,M10,0.0,77.881,2.292,99.299
2026-06-23 02:00:00,M10,0.0,78.165,2.247,99.026
2026-06-23 03:00:00,M10,0.0,79.406,2.282,96.357
2026-06-23 04:00:00,M10,0.0,80.339,2.256,95.967
2026-06-23 05:00:00,M10,0.0,80.511,2.362,96.603
2026-06-23 06:00:00,M10,0.0,79.973,2.326,97.674
2026-06-23 07:00:00,M10,0.0,80.386,2.477,95.57
2026-06-23 08:00:00,M10,0.0,80.945,2.415,94.326
2026-06-23 09:00:00,M10,0.0,80.997,2.342,97.339
2026-06-23 10:00:00,M10,0.0,79.698,2.273,95.325
2026-06-23 11:00:00,M10,0.0,79.625,2.261,95.633
2026-06-23 12:00:00,M10,0.0,78.013,2.203,99.2
2026-06-23 13:00:00,M10,0.0,76.004,2.236,99.334
2026-06-23 14:00:00,M10,0.0,78.783,2.275,96.54
2026-06-23 15:00:00,M10,0.0,76.036,2.397,101.493
2026-06-23 16:00:00,M10,0.0,77.651,2.18,97.716
2026-06-23 17:00:00,M10,0.0,76.732,2.206,97.558
2026-06-23 18:00:00,M10,0.0,77.414,2.21,99.043
2026-06-23 19:00:00,M10,0.0,78.951,2.129,99.624
2026-06-23 20:00:00,M10,0.0,77.549,2.125,96.322
2026-06-23 21:00:00,M10,0.0,77.013,2.269,99.727
2026-06-23 22:00:00,M10,0.0,80.013,2.258,97.01
2026-06-23 23:00:00,M10,0.0,77.561,2.177,97.326
2026-06-24 00:00:00,M10,0.0,79.811,2.238,98.838
2026-06-24 01:00:00,M10,0.0,76.418,2.289,99.973
2026-06-24 02:00:00,M10,0.0,78.603,2.323,98.776
2026-06-24 03:00:00,M10,0.0,80.824,2.446,98.439
2026-06-24 04:00:00,M10,0.0,81.202,2.364,97.209
2026-06-24 05:00:00,M10,0.0,82.495,2.452,97.143
2026-06-24 06:00:00,M10,0.0,78.163,2.446,96.248
2026-06-24 07:00:00,M10,0.0,80.16,2.428,96.557
2026-06-24 08:00:00,M10,0.0,80.731,2.424,99.157
2026-06-24 09:00:00,M10,0.0,79.923,2.441,97.505
2026-06-24 10:00:00,M10,0.0,78.839,2.281,98.95
2026-06-24 11:00:00,M10,0.0,79.471,2.361,100.321
2026-06-24 12:00:00,M10,0.0,77.95,2.338,96.614
2026-06-24 13:00:00,M10,0.0,79.118,2.434,98.617
2026-06-24 14:00:00,M10,0.0,78.846,2.348,97.58
2026-06-24 15:00:00,M10,0.0,75.893,2.149,97.576
2026-06-24 16:00:00,M10,0.0,78.97,2.192,98.82
2026-06-24 17:00:00,M10,0.0,76.759,2.178,97.568
2026-06-24 18:00:00,M10,0.0,77.319,2.155,99.415
2026-06-24 19:00:00,M10,0.0,75.355,2.187,93.974
2026-06-24 20:00:00,M10,0.0,77.552,2.146,99.253
2026-06-24 21:00:00,M10,0.0,77.871,2.232,97.325
2026-06-24 22:00:00,M10,0.0,77.364,2.225,99.857
2026-06-24 23:00:00,M10,0.0,75.904,2.221,97.193
2026-06-25 00:00:00,M10,0.0,78.663,2.307,96.261
2026-06-25 01:00:00,M10,0.0,82.012,2.291,97.178
2026-06-25 02:00:00,M10,0.0,78.908,2.346,97.072
2026-06-25 03:00:00,M10,0.0,80.254,2.457,99.211
2026-06-25 04:00:00,M10,0.0,79.837,2.466,97.539
2026-06-25 05:00:00,M10,0.0,78.665,3.018,98.727
2026-06-25 06:00:00,M10,0.0,79.975,2.395,97.173
2026-06-25 07:00:00,M10,0.0,79.193,2.33,97.806
2026-06-25 08:00:00,M10,0.0,79.541,2.438,97.645
2026-06-25 09:00:00,M10,0.0,80.302,2.285,96.086
2026-06-25 10:00:00,M10,0.0,79.785,2.392,96.623
2026-06-25 11:00:00,M10,0.0,77.73,2.313,96.867
2026-06-25 12:00:00,M10,0.0,79.023,2.239,99.884
2026-06-25 13:00:00,M10,0.0,76.491,2.39,98.143
2026-06-25 14:00:00,M10,0.0,77.753,2.203,97.336
2026-06-25 15:00:00,M10,0.0,77.897,2.212,97.324
2026-06-25 16:00:00,M10,0.0,75.532,2.226,97.359
2026-06-25 17:00:00,M10,0.0,77.89,2.209,97.771
2026-06-25 18:00:00,M10,0.0,77.815,2.252,98.758
2026-06-25 19:00:00,M10,0.0,79.175,2.288,98.377
2026-06-25 20:00:00,M10,0.0,78.632,2.214,98.674
2026-06-25 21:00:00,M10,0.0,77.082,2.229,100.42
2026-06-25 22:00:00,M10,0.0,77.267,2.567,98.992
2026-06-25 23:00:00,M10,0.0,76.781,2.193,98.33
2026-06-26 00:00:00,M10,0.0,78.91,2.323,99.795
2026-06-26 01:00:00,M10,0.0,78.472,2.239,96.78
2026-06-26 02:00:00,M10,0.0,80.747,2.381,97.3
2026-06-26 03:00:00,M10,0.0,80.266,2.333,96.807
2026-06-26 04:00:00,M10,0.0,79.084,2.342,96.807
2026-06-26 05:00:00,M10,0.0,81.186,2.4,95.826
2026-06-26 06:00:00,M10,0.0,77.824,2.42,99.741
2026-06-26 07:00:00,M10,0.0,79.837,2.37,97.735
2026-06-26 08:00:00,M10,0.0,78.666,2.33,98.605
2026-06-26 09:00:00,M10,0.0,80.675,2.314,98.292
2026-06-26 10:00:00,M10,0.0,80.725,2.392,98.835
2026-06-26 11:00:00,M10,0.0,76.968,2.287,98.704
2026-06-26 12:00:00,M10,0.0,78.516,2.534,96.73
2026-06-26 13:00:00,M10,0.0,76.327,2.302,96.73
2026-06-26 14:00:00,M10,0.0,78.165,2.201,97.912
2026-06-26 15:00:00,M10,0.0,77.676,2.152,96.565
2026-06-26 16:00:00,M10,0.0,76.309,2.112,97.169
2026-06-26 17:00:00,M10,0.0,78.214,2.284,97.15
2026-06-26 18:00:00,M10,0.0,76.76,2.105,98.053
2026-06-26 19:00:00,M10,0.0,77.196,2.125,98.984
2026-06-26 20:00:00,M10,0.0,77.257,2.215,99.942
2026-06-26 21:00:00,M10,0.0,76.044,2.286,97.06
2026-06-26 22:00:00,M10,0.0,77.124,2.274,97.287
2026-06-26 23:00:00,M10,0.0,78.774,2.202,98.699
2026-06-27 00:00:00,M10,0.0,80.679,2.491,95.872
2026-06-27 01:00:00,M10,0.0,78.911,2.292,99.053
2026-06-27 02:00:00,M10,0.0,78.5,2.286,97.618
2026-06-27 03:00:00,M10,0.0,78.155,2.405,98.636
2026-06-27 04:00:00,M10,0.0,80.044,2.316,99.109
2026-06-27 05:00:00,M10,0.0,79.292,2.417,95.192
2026-06-27 06:00:00,M10,0.0,80.024,2.567,96.958
2026-06-27 07:00:00,M10,0.0,80.018,2.323,98.253
2026-06-27 08:00:00,M10,0.0,78.681,2.416,99.477
2026-06-27 09:00:00,M10,0.0,80.189,2.423,96.528
2026-06-27 10:00:00,M10,0.0,77.637,2.353,96.308
2026-06-27 11:00:00,M10,0.0,78.965,2.321,96.688
2026-06-27 12:00:00,M10,0.0,76.713,2.278,98.6
2026-06-27 13:00:00,M10,0.0,77.699,2.216,99.928
2026-06-27 14:00:00,M10,0.0,78.497,2.249,97.08
2026-06-27 15:00:00,M10,0.0,78.655,2.328,97.331
2026-06-27 16:00:00,M10,0.0,74.081,2.256,99.467
2026-06-27 17:00:00,M10,0.0,78.424,2.152,98.891
2026-06-27 18:00:00,M10,0.0,75.531,2.294,99.334
2026-06-27 19:00:00,M10,0.0,78.463,2.199,100.108
2026-06-27 20:00:00,M10,0.0,76.316,2.129,98.525
2026-06-27 21:00:00,M10,0.0,79.233,2.198,96.457
2026-06-27 22:00:00,M10,0.0,78.161,2.296,94.224
2026-06-27 23:00:00,M10,0.0,76.79,2.142,99.606
2026-06-28 00:00:00,M10,0.0,80.254,2.4,96.959
2026-06-28 01:00:00,M10,0.0,80.795,2.346,97.433
2026-06-28 02:00:00,M10,0.0,77.627,2.463,96.22
2026-06-28 03:00:00,M10,0.0,79.801,2.476,96.027
2026-06-28 04:00:00,M10,0.0,81.96,2.496,95.018
2026-06-28 05:00:00,M10,0.0,78.636,2.336,97.63
2026-06-28 06:00:00,M10,0.0,80.101,2.406,97.123
2026-06-28 07:00:00,M10,0.0,80.936,2.45,97.121
2026-06-28 08:00:00,M10,0.0,77.704,2.319,95.339
2026-06-28 09:00:00,M10,0.0,81.425,2.285,97.779
2026-06-28 10:00:00,M10,0.0,79.819,2.418,94.085
2026-06-28 11:00:00,M10,0.0,78.555,2.316,94.085
2026-06-28 12:00:00,M10,0.0,77.175,2.199,97.019
2026-06-28 13:00:00,M10,0.0,77.949,2.2,99.156
2026-06-28 14:00:00,M10,0.0,79.126,2.267,99.404
2026-06-28 15:00:00,M10,0.0,76.202,2.238,97.692
2026-06-28 16:00:00,M10,0.0,76.861,2.114,98.478
2026-06-28 17:00:00,M10,0.0,75.836,2.124,99.699
2026-06-28 18:00:00,M10,0.0,76.234,2.148,96.653
2026-06-28 19:00:00,M10,0.0,77.491,2.147,99.692
2026-06-28 20:00:00,M10,0.0,78.98,2.311,99.725
2026-06-28 21:00:00,M10,0.0,78.663,2.243,96.861
2026-06-28 22:00:00,M10,0.0,78.653,2.232,98.393
2026-06-28 23:00:00,M10,0.0,78.32,2.221,97.751
2026-06-29 00:00:00,M10,0.0,80.727,2.414,98.817
2026-06-29 01:00:00,M10,0.0,78.666,2.276,96.644
2026-06-29 02:00:00,M10,0.0,78.246,2.284,100.15
2026-06-29 03:00:00,M10,0.0,80.032,2.26,96.654
2026-06-29 04:00:00,M10,0.0,80.645,2.484,98.831
2026-06-29 05:00:00,M10,0.0,80.428,2.345,97.586
2026-06-29 06:00:00,M10,0.0,79.709,2.345,96.455
2026-06-29 07:00:00,M10,0.0,80.047,2.331,97.529
2026-06-29 08:00:00,M10,0.0,80.588,2.35,95.207
2026-06-29 09:00:00,M10,0.0,80.214,2.46,98.31
2026-06-29 10:00:00,M10,0.0,78.428,2.314,98.312
2026-06-29 11:00:00,M10,0.0,77.516,2.332,97.341
2026-06-29 12:00:00,M10,0.0,77.644,2.387,96.189
2026-06-29 13:00:00,M10,0.0,76.723,2.199,98.186
2026-06-29 14:00:00,M10,0.0,76.546,2.239,100.496
2026-06-29 15:00:00,M10,0.0,78.423,2.151,99.85
2026-06-29 16:00:00,M10,0.0,77.447,2.185,94.812
2026-06-29 17:00:00,M10,0.0,77.861,2.197,101.047
2026-06-29 18:00:00,M10,0.0,76.676,2.224,97.603
2026-06-29 19:00:00,M10,0.0,75.088,2.082,100.369
2026-06-29 20:00:00,M10,0.0,76.607,2.155,99.977
2026-06-29 21:00:00,M10,0.0,76.735,2.212,99.808
2026-06-29 22:00:00,M10,0.0,78.713,2.263,99.808
2026-06-29 23:00:00,M10,0.0,76.966,2.2,96.052
2026-06-15 23:00:00,M11,0.0,76.408,2.133,100.665
2026-06-16 00:00:00,M11,0.0,76.035,2.142,102.077
2026-06-16 01:00:00,M11,0.0,76.844,2.234,99.277
2026-06-16 02:00:00,M11,0.0,77.284,2.338,97.76
2026-06-16 03:00:00,M11,0.0,78.324,2.232,99.349
2026-06-16 04:00:00,M11,0.0,75.806,2.21,99.237
2026-06-16 05:00:00,M11,0.0,77.376,2.344,99.54
2026-06-16 06:00:00,M11,0.0,77.425,2.394,96.773
2026-06-16 07:00:00,M11,0.0001,79.557,2.382,98.205
2026-06-16 08:00:00,M11,0.0001,76.387,2.237,98.441
2026-06-16 09:00:00,M11,0.0001,79.227,2.188,98.514
2026-06-16 10:00:00,M11,0.0001,76.848,2.251,98.478
2026-06-16 11:00:00,M11,0.0,77.999,2.317,97.165
2026-06-16 12:00:00,M11,0.0,77.19,2.119,97.565
2026-06-16 13:00:00,M11,0.0,78.29,2.113,99.166
2026-06-16 14:00:00,M11,0.0,74.946,2.195,96.599
2026-06-16 15:00:00,M11,0.0,73.64,2.189,97.108
2026-06-16 16:00:00,M11,0.0,75.752,2.137,100.213
2026-06-16 17:00:00,M11,0.0,74.62,2.094,100.128
2026-06-16 18:00:00,M11,0.0,75.758,2.072,101.373
2026-06-16 19:00:00,M11,0.0,75.937,2.048,98.413
2026-06-16 20:00:00,M11,0.0,76.164,2.06,97.676
2026-06-16 21:00:00,M11,0.0,76.417,2.076,100.574
2026-06-16 22:00:00,M11,0.0,74.735,2.107,100.662
2026-06-16 23:00:00,M11,0.0,76.036,2.226,101.666
2026-06-17 00:00:00,M11,0.0,77.71,2.377,98.62
2026-06-17 01:00:00,M11,0.0,75.767,2.228,100.301
2026-06-17 02:00:00,M11,0.0,76.675,2.31,98.173
2026-06-17 03:00:00,M11,0.0,78.42,2.24,100.152
2026-06-17 04:00:00,M11,0.0001,78.719,2.243,98.846
2026-06-17 05:00:00,M11,0.0,80.145,2.362,97.679
2026-06-17 06:00:00,M11,0.0,79.677,2.229,97.124
2026-06-17 07:00:00,M11,0.0003,81.412,2.6,97.969
2026-06-17 08:00:00,M11,0.0004,77.987,2.239,99.713
2026-06-17 09:00:00,M11,0.0004,78.235,2.267,99.763
2026-06-17 10:00:00,M11,0.0003,75.29,2.284,95.703
2026-06-17 11:00:00,M11,0.0006,74.438,2.211,100.302
2026-06-17 12:00:00,M11,0.0006,76.373,2.22,99.39
2026-06-17 13:00:00,M11,0.0002,78.143,2.218,97.252
2026-06-17 14:00:00,M11,0.0002,75.424,2.119,99.037
2026-06-17 15:00:00,M11,0.0002,74.239,2.327,101.823
2026-06-17 16:00:00,M11,0.0002,76.86,2.219,98.421
2026-06-17 17:00:00,M11,0.0001,75.581,2.06,98.17
2026-06-17 18:00:00,M11,0.0001,75.666,2.101,97.163
2026-06-17 19:00:00,M11,0.0001,75.129,2.181,98.999
2026-06-17 20:00:00,M11,0.0001,76.174,2.075,97.668
2026-06-17 21:00:00,M11,0.0001,74.903,2.266,96.43
2026-06-17 22:00:00,M11,0.0001,76.575,2.189,98.475
2026-06-17 23:00:00,M11,0.0001,75.627,2.169,95.83
2026-06-18 00:00:00,M11,0.0001,75.317,2.231,99.818
2026-06-18 01:00:00,M11,0.0002,78.596,2.239,97.512
2026-06-18 02:00:00,M11,0.0003,78.399,2.355,99.039
2026-06-18 03:00:00,M11,0.0003,77.115,2.198,96.795
2026-06-18 04:00:00,M11,0.0003,80.114,2.306,97.661
2026-06-18 05:00:00,M11,0.0002,76.725,2.453,99.016
2026-06-18 06:00:00,M11,0.0003,77.897,2.261,95.113
2026-06-18 07:00:00,M11,0.0,78.742,2.394,97.007
2026-06-18 08:00:00,M11,0.0001,79.014,2.302,99.019
2026-06-18 09:00:00,M11,0.0,76.487,2.241,96.664
2026-06-18 10:00:00,M11,0.0001,78.294,2.226,96.916
2026-06-18 11:00:00,M11,0.0,75.39,2.237,100.118
2026-06-18 12:00:00,M11,0.0,76.816,2.312,99.981
2026-06-18 13:00:00,M11,0.0,75.557,2.252,99.099
2026-06-18 14:00:00,M11,0.0,76.816,2.105,98.599
2026-06-18 15:00:00,M11,0.0,77.422,2.157,101.982
2026-06-18 16:00:00,M11,0.0,75.229,2.041,100.329
2026-06-18 17:00:00,M11,0.0,74.991,2.2,98.362
2026-06-18 18:00:00,M11,0.0,73.837,2.139,101.867
2026-06-18 19:00:00,M11,0.0,76.103,2.171,100.671
2026-06-18 20:00:00,M11,0.0,75.081,2.259,98.998
2026-06-18 21:00:00,M11,0.0,74.809,2.151,99.631
2026-06-18 22:00:00,M11,0.0,76.236,2.19,98.234
2026-06-18 23:00:00,M11,0.0,76.392,2.132,97.817
2026-06-19 00:00:00,M11,0.0,77.436,2.195,98.077
2026-06-19 01:00:00,M11,0.0,75.131,2.176,99.044
2026-06-19 02:00:00,M11,0.0,79.972,2.231,98.118
2026-06-19 03:00:00,M11,0.0,79.754,2.313,100.056
2026-06-19 04:00:00,M11,0.0,78.162,2.377,98.008
2026-06-19 05:00:00,M11,0.0,76.971,2.337,96.521
2026-06-19 06:00:00,M11,0.0,79.534,2.257,93.994
2026-06-19 07:00:00,M11,0.0,75.363,2.358,96.976
2026-06-19 08:00:00,M11,0.0,76.046,2.455,97.906
2026-06-19 09:00:00,M11,0.0,78.336,2.22,97.452
2026-06-19 10:00:00,M11,0.0,76.383,2.198,99.282
2026-06-19 11:00:00,M11,0.0,78.291,2.24,98.16
2026-06-19 12:00:00,M11,0.0,74.846,2.131,99.456
2026-06-19 13:00:00,M11,0.0,77.051,2.294,96.788
2026-06-19 14:00:00,M11,0.0,75.68,2.219,98.954
2026-06-19 15:00:00,M11,0.0,76.483,2.094,99.361
2026-06-19 16:00:00,M11,0.0,74.436,2.212,97.38
2026-06-19 17:00:00,M11,0.0,75.817,2.172,100.597
2026-06-19 18:00:00,M11,0.0,74.296,2.06,102.594
2026-06-19 19:00:00,M11,0.0,73.067,2.038,96.869
2026-06-19 20:00:00,M11,0.0,73.931,2.06,98.643
2026-06-19 21:00:00,M11,0.0,75.884,2.147,97.157
2026-06-19 22:00:00,M11,0.0,74.24,2.281,101.87
2026-06-19 23:00:00,M11,0.0,75.518,2.161,98.013
2026-06-20 00:00:00,M11,0.0,77.859,2.156,100.419
2026-06-20 01:00:00,M11,0.0,77.129,2.304,98.223
2026-06-20 02:00:00,M11,0.0,76.583,2.22,98.305
2026-06-20 03:00:00,M11,0.0,77.033,2.365,98.992
2026-06-20 04:00:00,M11,0.0,77.743,2.251,100.082
2026-06-20 05:00:00,M11,0.0,78.214,2.346,97.719
2026-06-20 06:00:00,M11,0.0,80.256,2.428,96.98
2026-06-20 07:00:00,M11,0.0,79.141,2.318,96.307
2026-06-20 08:00:00,M11,0.0001,79.037,2.326,99.317
2026-06-20 09:00:00,M11,0.0001,78.061,2.269,99.208
2026-06-20 10:00:00,M11,0.0,77.065,2.273,95.164
2026-06-20 11:00:00,M11,0.0,76.836,2.315,98.767
2026-06-20 12:00:00,M11,0.0,77.739,2.386,97.688
2026-06-20 13:00:00,M11,0.0001,75.456,2.324,97.432
2026-06-20 14:00:00,M11,0.0,74.293,2.168,98.951
2026-06-20 15:00:00,M11,0.0001,77.146,2.191,98.203
2026-06-20 16:00:00,M11,0.0,76.009,2.156,99.427
2026-06-20 17:00:00,M11,0.0,76.516,2.145,99.003
2026-06-20 18:00:00,M11,0.0,75.975,2.066,98.55
2026-06-20 19:00:00,M11,0.0,74.599,2.048,99.385
2026-06-20 20:00:00,M11,0.0,75.26,2.064,99.038
2026-06-20 21:00:00,M11,0.0,76.347,2.294,97.345
2026-06-20 22:00:00,M11,0.0,75.006,2.189,100.683
2026-06-20 23:00:00,M11,0.0,76.225,2.328,96.183
2026-06-21 00:00:00,M11,0.0,77.531,2.301,97.619
2026-06-21 01:00:00,M11,0.0,77.448,2.299,98.075
2026-06-21 02:00:00,M11,0.0001,77.284,2.301,99.686
2026-06-21 03:00:00,M11,0.0001,78.28,2.395,99.016
2026-06-21 04:00:00,M11,0.0001,79.386,2.368,99.816
2026-06-21 05:00:00,M11,0.0001,78.382,2.265,97.69
2026-06-21 06:00:00,M11,0.0,77.921,2.198,99.919
2026-06-21 07:00:00,M11,0.0,76.754,2.428,98.148
2026-06-21 08:00:00,M11,0.0,76.656,2.247,96.694
2026-06-21 09:00:00,M11,0.0,75.861,2.22,94.734
2026-06-21 10:00:00,M11,0.0,75.961,2.165,98.989
2026-06-21 11:00:00,M11,0.0,77.06,2.419,97.99
2026-06-21 12:00:00,M11,0.0,77.954,2.151,96.341
2026-06-21 13:00:00,M11,0.0,77.703,2.13,97.956
2026-06-21 14:00:00,M11,0.0,74.569,2.095,97.618
2026-06-21 15:00:00,M11,0.0,75.384,2.107,97.535
2026-06-21 16:00:00,M11,0.0,75.25,2.137,97.994
2026-06-21 17:00:00,M11,0.0,74.533,2.239,101.289
2026-06-21 18:00:00,M11,0.0,75.773,2.289,98.551
2026-06-21 19:00:00,M11,0.0,75.969,2.066,99.971
2026-06-21 20:00:00,M11,0.0,75.636,2.175,101.909
2026-06-21 21:00:00,M11,0.0,75.769,2.137,102.29
2026-06-21 22:00:00,M11,0.0,77.141,2.09,98.848
2026-06-21 23:00:00,M11,0.0,76.65,2.233,97.233
2026-06-22 00:00:00,M11,0.0,76.601,2.224,98.298
2026-06-22 01:00:00,M11,0.0,77.822,2.236,98.044
2026-06-22 02:00:00,M11,0.0,76.962,2.29,97.254
2026-06-22 03:00:00,M11,0.0004,77.541,2.854,98.385
2026-06-22 04:00:00,M11,0.0001,79.06,2.337,97.805
2026-06-22 05:00:00,M11,0.0001,78.573,2.431,95.529
2026-06-22 06:00:00,M11,0.0001,76.28,2.387,99.296
2026-06-22 07:00:00,M11,0.0001,76.919,2.223,96.131
2026-06-22 08:00:00,M11,0.0001,76.236,2.302,99.762
2026-06-22 09:00:00,M11,0.0,77.363,2.192,97.43
2026-06-22 10:00:00,M11,0.0,76.422,2.19,99.625
2026-06-22 11:00:00,M11,0.0,77.622,2.356,97.738
2026-06-22 12:00:00,M11,0.0,77.681,2.158,98.319
2026-06-22 13:00:00,M11,0.0001,75.043,2.477,101.598
2026-06-22 14:00:00,M11,0.0,75.099,2.251,96.892
2026-06-22 15:00:00,M11,0.0,78.096,2.073,100.759
2026-06-22 16:00:00,M11,0.0,75.01,2.099,97.552
2026-06-22 17:00:00,M11,0.0001,74.682,2.02,99.271
2026-06-22 18:00:00,M11,0.0,77.163,2.127,99.271
2026-06-22 19:00:00,M11,0.0,74.518,2.152,97.291
2026-06-22 20:00:00,M11,0.0,74.398,2.062,99.136
2026-06-22 21:00:00,M11,0.0001,76.863,2.089,98.516
2026-06-22 22:00:00,M11,0.0001,74.443,2.083,98.435
2026-06-22 23:00:00,M11,0.0,78.115,2.116,98.787
2026-06-23 00:00:00,M11,0.0001,75.921,2.201,96.827
2026-06-23 01:00:00,M11,0.0001,78.807,2.398,97.291
2026-06-23 02:00:00,M11,0.0001,77.018,2.268,99.913
2026-06-23 03:00:00,M11,0.0001,78.909,2.229,97.449
2026-06-23 04:00:00,M11,0.0001,77.066,2.229,96.032
2026-06-23 05:00:00,M11,0.0001,75.985,2.39,98.7
2026-06-23 06:00:00,M11,0.0001,76.972,2.26,98.129
2026-06-23 07:00:00,M11,0.0,76.956,2.326,99.181
2026-06-23 08:00:00,M11,0.0,77.384,2.265,99.274
2026-06-23 09:00:00,M11,0.0001,79.01,2.327,100.351
2026-06-23 10:00:00,M11,0.0001,78.198,2.294,96.283
2026-06-23 11:00:00,M11,0.0,76.951,2.258,98.215
2026-06-23 12:00:00,M11,0.0001,75.614,2.346,97.712
2026-06-23 13:00:00,M11,0.0001,76.407,2.572,98.15
2026-06-23 14:00:00,M11,0.0001,76.876,2.201,100.144
2026-06-23 15:00:00,M11,0.0001,77.721,2.069,98.04
2026-06-23 16:00:00,M11,0.0001,75.87,2.04,101.425
2026-06-23 17:00:00,M11,0.0001,77.204,2.221,98.732
2026-06-23 18:00:00,M11,0.0001,74.428,2.084,100.024
2026-06-23 19:00:00,M11,0.0,75.922,2.123,98.915
2026-06-23 20:00:00,M11,0.0001,76.902,2.332,98.819
2026-06-23 21:00:00,M11,0.0001,76.356,2.047,96.393
2026-06-23 22:00:00,M11,0.0001,76.737,2.274,99.182
2026-06-23 23:00:00,M11,0.0001,76.712,2.184,99.602
2026-06-24 00:00:00,M11,0.0001,78.113,2.262,98.652
2026-06-24 01:00:00,M11,0.0001,77.932,2.254,101.6
2026-06-24 02:00:00,M11,0.0001,77.222,2.249,98.581
2026-06-24 03:00:00,M11,0.0001,76.921,2.199,98.879
2026-06-24 04:00:00,M11,0.0,78.725,2.445,100.3
2026-06-24 05:00:00,M11,0.0,77.657,2.293,98.386
2026-06-24 06:00:00,M11,0.0001,75.93,2.576,98.885
2026-06-24 07:00:00,M11,0.0001,78.188,2.439,100.279
2026-06-24 08:00:00,M11,0.0001,80.115,2.341,96.774
2026-06-24 09:00:00,M11,0.0001,77.673,2.266,100.316
2026-06-24 10:00:00,M11,0.0001,77.15,2.214,98.043
2026-06-24 11:00:00,M11,0.0,77.82,2.421,99.07
2026-06-24 12:00:00,M11,0.0001,76.577,2.22,98.072
2026-06-24 13:00:00,M11,0.0001,77.706,2.342,100.365
2026-06-24 14:00:00,M11,0.0,77.187,2.285,99.457
2026-06-24 15:00:00,M11,0.0,78.221,2.345,98.072
2026-06-24 16:00:00,M11,0.0001,74.851,2.343,99.28
2026-06-24 17:00:00,M11,0.0001,74.915,2.222,95.972
2026-06-24 18:00:00,M11,0.0001,77.942,2.279,97.292
2026-06-24 19:00:00,M11,0.0001,77.443,2.395,99.396
2026-06-24 20:00:00,M11,0.0001,76.655,2.312,99.282
2026-06-24 21:00:00,M11,0.0001,77.4,2.386,100.155
2026-06-24 22:00:00,M11,0.0,78.894,2.408,99.112
2026-06-24 23:00:00,M11,0.0001,79.004,2.471,96.682
2026-06-25 00:00:00,M11,0.0005,80.365,2.601,96.766
2026-06-25 01:00:00,M11,0.0002,79.4,2.599,98.462
2026-06-25 02:00:00,M11,0.0055,83.18,2.848,96.234
2026-06-25 03:00:00,M11,0.0021,82.835,2.827,98.802
2026-06-25 04:00:00,M11,0.0014,80.95,2.847,93.184
2026-06-25 05:00:00,M11,0.0154,83.287,2.964,93.829
2026-06-25 06:00:00,M11,0.0019,82.299,2.83,94.322
2026-06-25 07:00:00,M11,0.0051,83.933,2.903,96.564
2026-06-25 08:00:00,M11,0.0013,82.894,2.974,96.39
2026-06-25 09:00:00,M11,0.001,83.773,3.003,96.372
2026-06-25 10:00:00,M11,0.0012,82.999,2.932,93.863
2026-06-25 11:00:00,M11,0.0015,81.025,3.012,95.862
2026-06-25 12:00:00,M11,0.0067,81.455,3.151,94.305
2026-06-25 13:00:00,M11,0.0042,80.937,3.184,92.113
2026-06-25 14:00:00,M11,0.0137,81.487,3.204,92.416
2026-06-25 15:00:00,M11,0.0049,81.09,3.039,94.213
2026-06-25 16:00:00,M11,0.0028,81.23,3.021,96.057
2026-06-25 17:00:00,M11,0.9818,84.369,3.582,93.201
2026-06-25 18:00:00,M11,0.0022,82.526,3.153,94.822
2026-06-25 19:00:00,M11,0.0921,83.442,3.326,95.286
2026-06-25 20:00:00,M11,0.0322,87.632,3.227,92.302
2026-06-25 21:00:00,M11,0.0086,86.849,3.334,93.456
2026-06-25 22:00:00,M11,0.0058,85.25,3.452,93.175
2026-06-25 23:00:00,M11,0.0052,85.902,3.659,92.918
2026-06-26 00:00:00,M11,0.0066,88.111,3.594,91.828
2026-06-26 01:00:00,M11,0.0229,85.492,3.715,90.218
2026-06-26 02:00:00,M11,0.0005,88.016,3.772,92.408
2026-06-26 03:00:00,M11,0.4293,90.117,3.848,91.141
2026-06-26 04:00:00,M11,0.6113,89.275,3.772,91.035
2026-06-26 05:00:00,M11,0.1264,88.941,3.792,90.824
2026-06-26 06:00:00,M11,0.9947,88.908,3.911,91.197
2026-06-26 07:00:00,M11,0.9984,90.146,4.156,87.012
2026-06-26 08:00:00,M11,0.9997,89.891,4.156,88.118
2026-06-26 09:00:00,M11,0.9997,92.01,4.033,91.477
2026-06-26 10:00:00,M11,1.0,92.212,4.076,89.315
2026-06-26 11:00:00,M11,1.0,91.409,4.139,88.503
2026-06-26 12:00:00,M11,1.0,92.548,4.234,89.861
2026-06-26 13:00:00,M11,1.0,92.226,4.167,90.121
2026-06-26 14:00:00,M11,1.0,92.287,4.141,91.255
2026-06-26 15:00:00,M11,1.0,93.383,4.256,88.185
2026-06-26 16:00:00,M11,1.0,91.987,4.235,88.695
2026-06-26 17:00:00,M11,0.9997,90.452,4.357,89.542
2026-06-26 18:00:00,M11,1.0,91.887,4.41,89.02
2026-06-26 19:00:00,M11,1.0,92.687,4.48,89.49
2026-06-26 20:00:00,M11,1.0,92.469,4.593,88.252
2026-06-26 21:00:00,M11,1.0,94.575,4.596,89.04
2026-06-26 22:00:00,M11,1.0,91.666,4.668,86.749
2026-06-26 23:00:00,M11,1.0,95.828,4.769,87.912
2026-06-27 00:00:00,M11,1.0,95.982,4.869,85.713
2026-06-27 01:00:00,M11,1.0,98.263,5.01,85.147
2026-06-27 02:00:00,M11,1.0,98.46,4.964,85.152
2026-06-27 03:00:00,M11,1.0,98.373,5.121,85.689
2026-06-27 04:00:00,M11,1.0,98.437,5.146,82.848
2026-06-27 05:00:00,M11,1.0,100.212,5.213,83.606
2026-06-27 16:00:00,M11,0.0,73.824,2.138,97.85
2026-06-27 17:00:00,M11,0.0,77.003,2.139,97.795
2026-06-27 18:00:00,M11,0.0,72.751,2.256,101.175
2026-06-27 19:00:00,M11,0.0,75.662,2.019,100.567
2026-06-27 20:00:00,M11,0.0,74.219,2.177,99.457
2026-06-27 21:00:00,M11,0.0,76.908,2.081,101.025
2026-06-27 22:00:00,M11,0.0,75.047,2.139,98.427
2026-06-27 23:00:00,M11,0.0,77.602,2.188,96.675
2026-06-28 00:00:00,M11,0.0,76.178,2.163,95.52
2026-06-28 01:00:00,M11,0.0001,77.2,2.782,96.366
2026-06-28 02:00:00,M11,0.0,77.775,2.308,99.543
2026-06-28 03:00:00,M11,0.0,77.466,2.362,96.266
2026-06-28 04:00:00,M11,0.0,76.933,2.304,95.238
2026-06-28 05:00:00,M11,0.0,78.514,2.47,95.564
2026-06-28 06:00:00,M11,0.0,77.979,2.413,96.753
2026-06-28 07:00:00,M11,0.0,79.159,2.267,97.353
2026-06-28 08:00:00,M11,0.0,79.479,2.382,97.786
2026-06-28 09:00:00,M11,0.0,78.155,2.218,95.596
2026-06-28 10:00:00,M11,0.0,77.168,2.379,95.2
2026-06-28 11:00:00,M11,0.0,77.188,2.298,100.251
2026-06-28 12:00:00,M11,0.0,77.407,2.16,97.28
2026-06-28 13:00:00,M11,0.0,76.553,2.212,100.164
2026-06-28 14:00:00,M11,0.0,76.707,2.164,97.798
2026-06-28 15:00:00,M11,0.0,75.006,2.129,100.952
2026-06-28 16:00:00,M11,0.0,75.273,2.23,97.358
2026-06-28 17:00:00,M11,0.0,76.685,2.159,100.904
2026-06-28 18:00:00,M11,0.0,75.058,2.015,99.806
2026-06-28 19:00:00,M11,0.0,75.657,2.034,98.466
2026-06-28 20:00:00,M11,0.0,75.628,2.211,100.192
2026-06-28 21:00:00,M11,0.0,75.111,2.091,96.55
2026-06-28 22:00:00,M11,0.0,73.936,2.109,98.219
2026-06-28 23:00:00,M11,0.0,76.249,2.237,99.44
2026-06-29 00:00:00,M11,0.0,76.957,2.264,98.976
2026-06-29 01:00:00,M11,0.0,76.559,2.289,96.514
2026-06-29 02:00:00,M11,0.0,77.304,2.205,97.134
2026-06-29 03:00:00,M11,0.0,77.361,2.349,101.195
2026-06-29 04:00:00,M11,0.0,78.97,2.258,95.209
2026-06-29 05:00:00,M11,0.0,78.062,2.247,98.482
2026-06-29 06:00:00,M11,0.0,79.466,2.265,99.395
2026-06-29 07:00:00,M11,0.0,78.64,2.323,97.401
2026-06-29 08:00:00,M11,0.0,77.349,2.461,97.806
2026-06-29 09:00:00,M11,0.0,78.145,2.201,96.144
2026-06-29 10:00:00,M11,0.0,76.76,2.372,97.943
2026-06-29 11:00:00,M11,0.0,76.06,2.133,96.69
2026-06-29 12:00:00,M11,0.0,76.795,2.274,97.892
2026-06-29 13:00:00,M11,0.0,75.398,2.114,96.945
2026-06-29 14:00:00,M11,0.0,77.237,2.096,99.742
2026-06-29 15:00:00,M11,0.0,75.714,2.164,97.777
2026-06-29 16:00:00,M11,0.0,75.757,2.059,99.741
2026-06-29 17:00:00,M11,0.0,75.736,2.073,98.405
2026-06-29 18:00:00,M11,0.0,73.709,2.15,100.364
2026-06-29 19:00:00,M11,0.0,77.575,2.068,98.511
2026-06-29 20:00:00,M11,0.0,74.897,2.027,99.727
2026-06-29 21:00:00,M11,0.0,76.002,2.151,97.743
2026-06-29 22:00:00,M11,0.0,76.064,2.394,97.635
2026-06-29 23:00:00,M11,0.0,77.126,2.136,99.894
2026-06-15 23:00:00,M12,0.0,66.758,2.213,95.038
2026-06-16 00:00:00,M12,0.0,68.935,2.187,97.239
2026-06-16 01:00:00,M12,0.0,69.721,2.394,95.217
2026-06-16 02:00:00,M12,0.0,67.304,2.229,95.837
2026-06-16 03:00:00,M12,0.0,70.196,2.374,92.94
2026-06-16 04:00:00,M12,0.0,70.038,2.256,94.268
2026-06-16 05:00:00,M12,0.0,69.155,2.317,93.369
2026-06-16 06:00:00,M12,0.0,69.756,2.304,94.201
2026-06-16 07:00:00,M12,0.0,69.756,2.419,94.346
2026-06-16 08:00:00,M12,0.0,69.645,2.42,96.583
2026-06-16 09:00:00,M12,0.0,69.904,2.22,92.16
2026-06-16 10:00:00,M12,0.0,67.723,2.396,95.758
2026-06-16 11:00:00,M12,0.0,67.723,2.25,94.523
2026-06-16 12:00:00,M12,0.0,68.155,2.186,96.029
2026-06-16 13:00:00,M12,0.0,66.721,2.168,97.325
2026-06-16 14:00:00,M12,0.0,69.104,2.185,95.544
2026-06-16 15:00:00,M12,0.0,68.713,2.199,98.882
2026-06-16 16:00:00,M12,0.0,67.463,2.242,96.204
2026-06-16 17:00:00,M12,0.0,66.283,2.083,98.85
2026-06-16 18:00:00,M12,0.0,66.445,2.176,95.309
2026-06-16 19:00:00,M12,0.0,67.619,2.082,95.58
2026-06-16 20:00:00,M12,0.0,64.895,2.145,96.479
2026-06-16 21:00:00,M12,0.0,67.506,2.319,94.682
2026-06-16 22:00:00,M12,0.0,69.598,2.112,97.998
2026-06-16 23:00:00,M12,0.0,70.252,2.192,95.093
2026-06-17 00:00:00,M12,0.0,67.139,2.185,93.884
2026-06-17 01:00:00,M12,0.0,66.548,2.339,93.428
2026-06-17 02:00:00,M12,0.0,68.412,2.296,95.21
2026-06-17 03:00:00,M12,0.0,69.253,2.239,93.806
2026-06-17 04:00:00,M12,0.0,72.38,2.268,94.098
2026-06-17 05:00:00,M12,0.0,68.032,2.333,95.782
2026-06-17 06:00:00,M12,0.0,68.394,2.259,93.822
2026-06-17 07:00:00,M12,0.0,69.169,2.331,94.718
2026-06-17 08:00:00,M12,0.0,69.712,2.22,91.687
2026-06-17 09:00:00,M12,0.0,68.849,2.414,98.634
2026-06-17 10:00:00,M12,0.0,68.927,2.253,94.373
2026-06-17 11:00:00,M12,0.0,69.586,2.242,98.374
2026-06-17 12:00:00,M12,0.0,66.571,2.262,96.139
2026-06-17 13:00:00,M12,0.0,70.5,2.238,95.179
2026-06-17 14:00:00,M12,0.0,68.931,2.196,98.349
2026-06-17 15:00:00,M12,0.0,69.806,2.064,97.493
2026-06-17 16:00:00,M12,0.0,67.392,2.054,94.668
2026-06-17 17:00:00,M12,0.0,68.474,2.059,96.3
2026-06-17 18:00:00,M12,0.0,68.123,2.167,94.877
2026-06-17 19:00:00,M12,0.0,67.468,2.061,97.735
2026-06-17 20:00:00,M12,0.0,66.446,2.178,97.495
2026-06-17 21:00:00,M12,0.0,67.25,2.137,95.182
2026-06-17 22:00:00,M12,0.0,69.339,2.181,95.424
2026-06-17 23:00:00,M12,0.0,66.943,2.29,97.945
2026-06-18 00:00:00,M12,0.0,69.634,2.171,95.145
2026-06-18 01:00:00,M12,0.0,68.005,2.228,94.449
2026-06-18 02:00:00,M12,0.0,69.341,2.253,95.221
2026-06-18 03:00:00,M12,0.0,69.15,2.284,96.124
2026-06-18 04:00:00,M12,0.0,71.628,2.296,96.257
2026-06-18 05:00:00,M12,0.0,69.484,2.389,94.37
2026-06-18 06:00:00,M12,0.0,71.4,2.253,94.81
2026-06-18 07:00:00,M12,0.0,71.491,2.364,94.482
2026-06-18 08:00:00,M12,0.0,68.845,2.343,93.327
2026-06-18 09:00:00,M12,0.0,70.496,2.314,93.886
2026-06-18 10:00:00,M12,0.0,69.502,2.317,95.1
2026-06-18 11:00:00,M12,0.0,70.443,2.31,94.436
2026-06-18 12:00:00,M12,0.0,69.314,2.292,96.01
2026-06-18 13:00:00,M12,0.0,69.093,2.232,96.803
2026-06-18 14:00:00,M12,0.0,68.934,2.095,94.026
2026-06-18 15:00:00,M12,0.0,68.972,2.195,94.877
2026-06-18 16:00:00,M12,0.0,69.289,2.061,95.938
2026-06-18 17:00:00,M12,0.0,67.248,2.416,95.423
2026-06-18 18:00:00,M12,0.0,67.533,2.078,94.899
2026-06-18 19:00:00,M12,0.0,66.964,2.101,96.211
2026-06-18 20:00:00,M12,0.0,67.946,2.069,97.621
2026-06-18 21:00:00,M12,0.0,69.087,2.176,97.445
2026-06-18 22:00:00,M12,0.0,67.268,2.145,96.33
2026-06-18 23:00:00,M12,0.0,69.625,2.163,94.324
2026-06-19 00:00:00,M12,0.0,69.546,2.198,98.297
2026-06-19 01:00:00,M12,0.0,70.346,2.198,96.116
2026-06-19 02:00:00,M12,0.0,70.731,2.24,96.645
2026-06-19 03:00:00,M12,0.0,71.588,2.336,90.777
2026-06-19 04:00:00,M12,0.0,69.522,2.312,93.188
2026-06-19 05:00:00,M12,0.0,68.973,2.345,93.477
2026-06-19 06:00:00,M12,0.0,70.048,2.284,92.301
2026-06-19 07:00:00,M12,0.0,70.186,2.282,95.205
2026-06-19 08:00:00,M12,0.0,71.567,2.25,92.448
2026-06-19 09:00:00,M12,0.0,69.832,2.324,94.091
2026-06-19 10:00:00,M12,0.0,69.671,2.222,94.715
2026-06-19 11:00:00,M12,0.0,67.669,2.268,96.096
2026-06-19 12:00:00,M12,0.0,67.959,2.244,94.462
2026-06-19 13:00:00,M12,0.0,68.071,2.312,97.021
2026-06-19 14:00:00,M12,0.0,67.357,2.178,96.332
2026-06-19 15:00:00,M12,0.0,67.578,2.093,94.405
2026-06-19 16:00:00,M12,0.0,66.263,2.124,99.134
2026-06-19 17:00:00,M12,0.0,64.68,2.125,95.938
2026-06-19 18:00:00,M12,0.0,67.205,2.491,93.988
2026-06-19 19:00:00,M12,0.0,66.489,2.053,96.913
2026-06-19 20:00:00,M12,0.0,64.899,2.134,94.972
2026-06-19 21:00:00,M12,0.0,66.973,2.152,96.131
2026-06-19 22:00:00,M12,0.0,68.442,2.336,95.742
2026-06-19 23:00:00,M12,0.0,66.692,2.172,94.057
2026-06-20 00:00:00,M12,0.0,68.531,2.12,93.47
2026-06-20 01:00:00,M12,0.0,69.915,2.32,94.195
2026-06-20 02:00:00,M12,0.0,68.304,2.179,94.666
2026-06-20 03:00:00,M12,0.0,70.131,2.303,96.339
2026-06-20 04:00:00,M12,0.0,68.924,2.275,93.891
2026-06-20 05:00:00,M12,0.0,69.274,2.252,91.556
2026-06-20 06:00:00,M12,0.0,70.381,2.286,96.931
2026-06-20 07:00:00,M12,0.0,70.02,2.347,96.189
2026-06-20 08:00:00,M12,0.0,70.47,2.23,94.434
2026-06-20 09:00:00,M12,0.0,70.384,2.304,95.135
2026-06-20 10:00:00,M12,0.0,68.411,2.327,94.522
2026-06-20 11:00:00,M12,0.0,69.346,2.188,95.818
2026-06-20 12:00:00,M12,0.0,67.491,2.224,97.275
2026-06-20 13:00:00,M12,0.0,68.774,2.211,97.317
2026-06-20 14:00:00,M12,0.0,68.405,2.103,94.699
2026-06-20 15:00:00,M12,0.0,68.734,2.212,97.597
2026-06-20 16:00:00,M12,0.0,67.392,2.151,94.323
2026-06-20 17:00:00,M12,0.0,64.782,2.012,96.603
2026-06-20 18:00:00,M12,0.0,67.789,2.171,98.981
2026-06-20 19:00:00,M12,0.0,68.717,2.734,93.72
2026-06-20 20:00:00,M12,0.0,66.783,2.065,97.27
2026-06-20 21:00:00,M12,0.0,68.756,2.216,96.646
2026-06-20 22:00:00,M12,0.0,70.374,2.292,96.862
2026-06-20 23:00:00,M12,0.0,68.34,2.197,96.284
2026-06-21 00:00:00,M12,0.0,67.622,2.156,97.651
2026-06-21 01:00:00,M12,0.0,68.21,2.247,97.559
2026-06-21 02:00:00,M12,0.0,69.746,2.213,93.636
2026-06-21 03:00:00,M12,0.0,69.31,2.296,95.541
2026-06-21 04:00:00,M12,0.0,70.181,2.499,96.744
2026-06-21 05:00:00,M12,0.0,70.274,2.363,94.83
2026-06-21 06:00:00,M12,0.0,70.934,2.315,92.29
2026-06-21 07:00:00,M12,0.0,67.782,2.264,96.039
2026-06-21 08:00:00,M12,0.0,71.123,2.359,92.779
2026-06-21 09:00:00,M12,0.0,70.202,2.218,94.675
2026-06-21 10:00:00,M12,0.0,68.073,2.438,93.263
2026-06-21 11:00:00,M12,0.0,69.128,2.224,97.299
2026-06-21 12:00:00,M12,0.0,66.284,2.158,97.901
2026-06-21 13:00:00,M12,0.0,69.965,2.229,95.547
2026-06-21 14:00:00,M12,0.0,65.763,2.17,96.12
2026-06-21 15:00:00,M12,0.0,67.087,2.076,98.525
2026-06-21 16:00:00,M12,0.0,66.93,2.046,98.149
2026-06-21 17:00:00,M12,0.0,65.804,2.017,96.098
2026-06-21 18:00:00,M12,0.0,64.453,2.187,97.926
2026-06-21 19:00:00,M12,0.0,67.161,2.246,95.181
2026-06-21 20:00:00,M12,0.0,66.082,2.2,97.102
2026-06-21 21:00:00,M12,0.0,68.399,2.109,93.473
2026-06-21 22:00:00,M12,0.0,67.109,2.096,96.481
2026-06-21 23:00:00,M12,0.0,68.535,2.131,93.681
2026-06-22 00:00:00,M12,0.0,67.452,2.301,94.649
2026-06-22 01:00:00,M12,0.0,68.201,2.208,93.268
2026-06-22 02:00:00,M12,0.0,72.126,2.203,96.681
2026-06-22 03:00:00,M12,0.0,72.07,2.255,95.921
2026-06-22 04:00:00,M12,0.0,71.223,2.373,95.346
2026-06-22 05:00:00,M12,0.0,71.589,2.265,95.853
2026-06-22 06:00:00,M12,0.0,70.774,2.236,94.978
2026-06-22 07:00:00,M12,0.0,69.84,2.254,96.513
2026-06-22 08:00:00,M12,0.0,69.777,2.278,96.256
2026-06-22 09:00:00,M12,0.0,69.909,2.315,94.151
2026-06-22 10:00:00,M12,0.0,68.097,2.183,96.074
2026-06-22 11:00:00,M12,0.0,68.71,2.284,94.451
2026-06-22 12:00:00,M12,0.0,68.162,2.313,96.495
2026-06-22 13:00:00,M12,0.0,68.916,2.192,96.15
2026-06-22 14:00:00,M12,0.0,68.939,2.23,98.529
2026-06-22 15:00:00,M12,0.0,68.202,2.069,95.591
2026-06-22 16:00:00,M12,0.0,67.419,2.135,96.158
2026-06-22 17:00:00,M12,0.0,67.611,2.095,97.123
2026-06-22 18:00:00,M12,0.0,67.333,2.764,96.389
2026-06-22 19:00:00,M12,0.0,66.776,2.163,97.763
2026-06-22 20:00:00,M12,0.0,68.119,2.139,96.748
2026-06-22 21:00:00,M12,0.0,69.317,2.126,97.384
2026-06-22 22:00:00,M12,0.0,66.274,2.248,96.612
2026-06-22 23:00:00,M12,0.0,68.66,2.263,95.371
2026-06-23 00:00:00,M12,0.0,70.147,2.182,96.625
2026-06-23 01:00:00,M12,0.0,69.687,2.266,94.449
2026-06-23 02:00:00,M12,0.0,70.254,2.25,95.754
2026-06-23 03:00:00,M12,0.0,70.392,2.209,93.122
2026-06-23 04:00:00,M12,0.0,68.806,2.397,95.608
2026-06-23 05:00:00,M12,0.0,70.21,2.344,95.694
2026-06-23 06:00:00,M12,0.0,68.315,2.394,95.495
2026-06-23 07:00:00,M12,0.0,67.809,2.352,92.882
2026-06-23 08:00:00,M12,0.0,71.13,2.29,95.84
2026-06-23 09:00:00,M12,0.0,71.814,2.388,94.648
2026-06-23 10:00:00,M12,0.0,69.263,2.287,94.574
2026-06-23 11:00:00,M12,0.0,69.346,2.185,96.792
2026-06-23 12:00:00,M12,0.0,67.487,2.221,97.353
2026-06-23 13:00:00,M12,0.0,67.573,2.165,96.313
2026-06-23 14:00:00,M12,0.0,67.2,2.263,94.227
2026-06-23 15:00:00,M12,0.0,68.241,2.154,97.219
2026-06-23 16:00:00,M12,0.0,65.846,2.077,93.615
2026-06-23 17:00:00,M12,0.0,67.347,2.058,95.124
2026-06-23 18:00:00,M12,0.0,66.721,2.039,96.182
2026-06-23 19:00:00,M12,0.0,67.175,2.353,96.222
2026-06-23 20:00:00,M12,0.0,65.493,2.152,98.447
2026-06-23 21:00:00,M12,0.0,68.026,2.271,96.246
2026-06-23 22:00:00,M12,0.0,68.071,2.219,98.849
2026-06-23 23:00:00,M12,0.0,69.037,2.261,96.373
2026-06-24 00:00:00,M12,0.0,68.793,2.421,96.353
2026-06-24 01:00:00,M12,0.0,70.075,2.254,98.446
2026-06-24 02:00:00,M12,0.0,68.418,2.243,96.177
2026-06-24 03:00:00,M12,0.0,67.528,2.214,93.381
2026-06-24 04:00:00,M12,0.0,69.966,2.256,92.773
2026-06-24 05:00:00,M12,0.0,70.712,2.385,94.989
2026-06-24 06:00:00,M12,0.0,69.623,2.307,98.351
2026-06-24 07:00:00,M12,0.0,68.356,2.318,95.109
2026-06-24 08:00:00,M12,0.0,68.85,2.228,94.596
2026-06-24 09:00:00,M12,0.0,69.158,2.317,94.323
2026-06-24 10:00:00,M12,0.0,68.701,2.4,95.936
2026-06-24 11:00:00,M12,0.0,69.329,2.37,95.26
2026-06-24 12:00:00,M12,0.0,69.135,2.32,96.757
2026-06-24 13:00:00,M12,0.0,66.069,2.095,97.386
2026-06-24 14:00:00,M12,0.0,67.071,2.19,97.021
2026-06-24 15:00:00,M12,0.0,64.924,2.113,94.406
2026-06-24 16:00:00,M12,0.0,68.309,2.285,97.716
2026-06-24 17:00:00,M12,0.0,66.623,2.063,96.055
2026-06-24 18:00:00,M12,0.0,66.623,2.034,95.987
2026-06-24 19:00:00,M12,0.0,69.106,2.132,95.361
2026-06-24 20:00:00,M12,0.0,68.091,2.117,98.971
2026-06-24 21:00:00,M12,0.0,69.306,2.191,96.909
2026-06-24 22:00:00,M12,0.0,67.779,2.193,96.223
2026-06-24 23:00:00,M12,0.0,68.856,2.312,98.27
2026-06-25 00:00:00,M12,0.0,66.065,2.096,94.895
2026-06-25 01:00:00,M12,0.0,68.183,2.325,95.751
2026-06-25 02:00:00,M12,0.0,68.567,2.213,96.469
2026-06-25 03:00:00,M12,0.0,68.995,2.336,97.605
2026-06-25 04:00:00,M12,0.0,68.765,2.387,98.946
2026-06-25 05:00:00,M12,0.0,66.566,2.495,95.272
2026-06-25 06:00:00,M12,0.0,70.985,2.341,95.869
2026-06-25 07:00:00,M12,0.0,68.585,2.281,98.135
2026-06-25 08:00:00,M12,0.0,70.071,2.29,92.105
2026-06-25 09:00:00,M12,0.0,68.928,2.211,95.275
2026-06-25 10:00:00,M12,0.0,69.426,2.404,97.94
2026-06-25 11:00:00,M12,0.0,68.486,2.217,96.185
2026-06-25 12:00:00,M12,0.0,68.533,2.343,97.2
2026-06-25 13:00:00,M12,0.0,68.825,2.173,97.101
2026-06-25 14:00:00,M12,0.0,68.152,2.123,95.625
2026-06-25 15:00:00,M12,0.0,69.295,2.236,98.72
2026-06-25 16:00:00,M12,0.0,67.577,2.142,97.002
2026-06-25 17:00:00,M12,0.0,65.94,2.104,95.881
2026-06-25 18:00:00,M12,0.0,68.378,2.243,96.863
2026-06-25 19:00:00,M12,0.0,66.424,2.172,95.267
2026-06-25 20:00:00,M12,0.0,67.109,2.112,95.797
2026-06-25 21:00:00,M12,0.0,67.722,2.149,97.683
2026-06-25 22:00:00,M12,0.0,67.546,2.243,95.898
2026-06-25 23:00:00,M12,0.0,67.837,2.146,94.584
2026-06-26 00:00:00,M12,0.0,67.469,2.163,94.754
2026-06-26 01:00:00,M12,0.0,71.616,2.23,95.681
2026-06-26 02:00:00,M12,0.0,69.654,2.249,94.032
2026-06-26 03:00:00,M12,0.0,67.482,2.339,97.097
2026-06-26 04:00:00,M12,0.0,68.769,2.323,94.448
2026-06-26 05:00:00,M12,0.0,69.665,2.217,95.359
2026-06-26 06:00:00,M12,0.0,71.146,2.269,95.415
2026-06-26 07:00:00,M12,0.0,68.935,2.301,95.233
2026-06-26 08:00:00,M12,0.0,72.127,2.312,94.427
2026-06-26 09:00:00,M12,0.0,68.981,2.441,95.702
2026-06-26 10:00:00,M12,0.0,70.152,2.272,95.518
2026-06-26 11:00:00,M12,0.0,67.189,2.282,96.043
2026-06-26 12:00:00,M12,0.0,66.023,2.198,93.955
2026-06-26 13:00:00,M12,0.0,68.528,2.403,97.167
2026-06-26 14:00:00,M12,0.0,67.433,2.274,96.534
2026-06-26 15:00:00,M12,0.0,65.962,2.39,98.926
2026-06-26 16:00:00,M12,0.0,68.353,2.115,95.044
2026-06-26 17:00:00,M12,0.0,66.988,2.083,95.689
2026-06-26 18:00:00,M12,0.0,67.535,2.149,96.198
2026-06-26 19:00:00,M12,0.0,67.667,2.082,97.325
2026-06-26 20:00:00,M12,0.0,67.791,2.241,99.947
2026-06-26 21:00:00,M12,0.0,67.311,2.12,98.222
2026-06-26 22:00:00,M12,0.0,65.488,2.107,96.415
2026-06-26 23:00:00,M12,0.0,66.424,2.113,95.681
2026-06-27 00:00:00,M12,0.0,70.228,2.274,94.707
2026-06-27 01:00:00,M12,0.0,67.255,2.193,97.823
2026-06-27 02:00:00,M12,0.0,69.537,2.238,96.188
2026-06-27 03:00:00,M12,0.0,68.422,2.278,94.65
2026-06-27 04:00:00,M12,0.0,69.812,2.409,93.278
2026-06-27 05:00:00,M12,0.0,68.501,2.203,93.791
2026-06-27 06:00:00,M12,0.0,70.947,2.252,93.348
2026-06-27 07:00:00,M12,0.0,69.712,2.254,96.778
2026-06-27 08:00:00,M12,0.0,70.435,2.316,94.081
2026-06-27 09:00:00,M12,0.0,71.545,2.213,98.255
2026-06-27 10:00:00,M12,0.0,71.049,2.383,98.157
2026-06-27 11:00:00,M12,0.0,68.246,2.247,94.213
2026-06-27 12:00:00,M12,0.0,66.758,2.247,95.831
2026-06-27 13:00:00,M12,0.0,68.578,2.139,95.284
2026-06-27 14:00:00,M12,0.0,69.857,2.137,98.02
2026-06-27 15:00:00,M12,0.0,69.647,2.287,95.589
2026-06-27 16:00:00,M12,0.0,66.558,2.053,99.176
2026-06-27 17:00:00,M12,0.0,66.786,2.027,96.113
2026-06-27 18:00:00,M12,0.0,69.775,2.283,94.625
2026-06-27 19:00:00,M12,0.0,68.185,2.561,95.434
2026-06-27 20:00:00,M12,0.0,66.997,2.048,95.673
2026-06-27 21:00:00,M12,0.0,66.35,2.073,94.686
2026-06-27 22:00:00,M12,0.0,68.088,2.105,94.179
2026-06-27 23:00:00,M12,0.0,69.428,2.137,94.475
2026-06-28 00:00:00,M12,0.0,68.836,2.175,93.335
2026-06-28 01:00:00,M12,0.0,69.646,2.204,95.621
2026-06-28 02:00:00,M12,0.0,69.708,2.213,95.623
2026-06-28 03:00:00,M12,0.0,67.758,2.23,95.779
2026-06-28 04:00:00,M12,0.0,68.21,2.276,97.243
2026-06-28 05:00:00,M12,0.0,71.059,2.451,92.301
2026-06-28 06:00:00,M12,0.0,66.755,2.465,96.982
2026-06-28 07:00:00,M12,0.0,72.202,2.326,96.33
2026-06-28 08:00:00,M12,0.0,70.585,2.263,94.421
2026-06-28 09:00:00,M12,0.0,67.827,2.293,94.709
2026-06-28 10:00:00,M12,0.0,70.199,2.297,94.122
2026-06-28 11:00:00,M12,0.0,68.141,2.284,93.602
2026-06-28 12:00:00,M12,0.0,68.943,2.164,97.189
2026-06-28 13:00:00,M12,0.0,67.12,2.342,94.42
2026-06-28 14:00:00,M12,0.0,67.622,2.118,99.575
2026-06-28 15:00:00,M12,0.0,66.979,2.147,97.916
2026-06-28 16:00:00,M12,0.0,64.82,2.046,95.313
2026-06-28 17:00:00,M12,0.0,67.609,2.141,96.738
2026-06-28 18:00:00,M12,0.0,67.043,2.046,95.583
2026-06-28 19:00:00,M12,0.0,65.428,2.246,95.738
2026-06-28 20:00:00,M12,0.0,68.38,2.059,95.742
2026-06-28 21:00:00,M12,0.0,65.495,2.157,96.166
2026-06-28 22:00:00,M12,0.0,66.798,2.155,96.784
2026-06-28 23:00:00,M12,0.0,68.732,2.147,95.923
2026-06-29 00:00:00,M12,0.0,68.896,2.203,97.733
2026-06-29 01:00:00,M12,0.0,69.169,2.347,97.3
2026-06-29 02:00:00,M12,0.0,70.779,2.251,98.484
2026-06-29 03:00:00,M12,0.0,68.537,2.284,95.768
2026-06-29 04:00:00,M12,0.0,68.886,2.35,93.185
2026-06-29 05:00:00,M12,0.0,71.245,2.322,92.111
2026-06-29 06:00:00,M12,0.0,71.687,2.399,95.069
2026-06-29 07:00:00,M12,0.0,69.471,2.301,95.773
2026-06-29 08:00:00,M12,0.0,69.993,2.32,95.77
2026-06-29 09:00:00,M12,0.0,68.658,2.27,97.848
2026-06-29 10:00:00,M12,0.0,69.265,2.236,95.752
2026-06-29 11:00:00,M12,0.0,66.532,2.23,94.971
2026-06-29 12:00:00,M12,0.0,68.637,2.242,94.715
2026-06-29 13:00:00,M12,0.0,67.615,2.302,94.668
2026-06-29 14:00:00,M12,0.0,68.513,2.247,97.575
2026-06-29 15:00:00,M12,0.0,68.979,2.141,97.637
2026-06-29 16:00:00,M12,0.0,65.148,2.267,97.264
2026-06-29 17:00:00,M12,0.0,68.278,2.167,94.518
2026-06-29 18:00:00,M12,0.0,67.276,2.052,95.072
2026-06-29 19:00:00,M12,0.0,67.231,2.069,97.722
2026-06-29 20:00:00,M12,0.0,66.976,2.116,98.934
2026-06-29 21:00:00,M12,0.0,65.516,2.204,98.871
2026-06-29 22:00:00,M12,0.0,67.533,2.198,98.459
2026-06-29 23:00:00,M12,0.0,67.534,2.22,98.146
2026-06-15 23:00:00,M13,0.0002,78.316,2.468,95.123
2026-06-16 00:00:00,M13,0.0002,75.487,2.589,95.16
2026-06-16 01:00:00,M13,0.0002,76.48,2.443,94.143
2026-06-16 02:00:00,M13,0.0003,78.577,2.654,94.048
2026-06-16 03:00:00,M13,0.0001,78.36,2.553,90.601
2026-06-16 04:00:00,M13,0.0001,79.312,2.61,91.234
2026-06-16 05:00:00,M13,0.0001,77.169,2.693,93.851
2026-06-16 06:00:00,M13,0.0001,78.482,2.614,94.68
2026-06-16 07:00:00,M13,0.0001,76.241,2.621,95.958
2026-06-16 08:00:00,M13,0.0001,80.306,2.631,92.112
2026-06-16 09:00:00,M13,0.0001,77.893,2.543,97.078
2026-06-16 10:00:00,M13,0.0001,79.316,2.531,92.754
2026-06-16 11:00:00,M13,0.0001,76.768,2.575,94.048
2026-06-16 12:00:00,M13,0.0001,75.723,2.423,94.583
2026-06-16 13:00:00,M13,0.0001,75.543,2.438,93.681
2026-06-16 14:00:00,M13,0.0001,75.758,2.606,90.695
2026-06-16 15:00:00,M13,0.0001,75.896,2.508,92.958
2026-06-16 16:00:00,M13,0.0001,78.749,2.399,96.095
2026-06-16 17:00:00,M13,0.0,74.504,2.411,96.261
2026-06-16 18:00:00,M13,0.0,75.675,2.442,96.006
2026-06-16 19:00:00,M13,0.0,73.263,2.34,95.835
2026-06-16 20:00:00,M13,0.0001,76.008,2.547,94.752
2026-06-16 21:00:00,M13,0.0,78.167,2.416,96.363
2026-06-16 22:00:00,M13,0.0,76.518,2.542,94.977
2026-06-16 23:00:00,M13,0.0,76.318,2.476,94.852
2026-06-17 00:00:00,M13,0.0001,77.311,2.651,95.064
2026-06-17 01:00:00,M13,0.0001,76.706,2.501,94.139
2026-06-17 02:00:00,M13,0.0001,74.823,2.592,92.257
2026-06-17 03:00:00,M13,0.0001,76.943,2.691,96.046
2026-06-17 04:00:00,M13,0.0002,79.824,2.561,93.746
2026-06-17 05:00:00,M13,0.0002,77.518,2.566,95.874
2026-06-17 06:00:00,M13,0.0003,77.397,2.698,91.709
2026-06-17 07:00:00,M13,0.0003,79.29,2.623,93.863
2026-06-17 08:00:00,M13,0.0003,80.014,2.641,92.467
2026-06-17 09:00:00,M13,0.0004,78.067,2.557,94.501
2026-06-17 10:00:00,M13,0.0004,78.683,2.623,91.579
2026-06-17 11:00:00,M13,0.0003,77.279,2.548,92.778
2026-06-17 12:00:00,M13,0.0004,76.196,2.59,93.583
2026-06-17 13:00:00,M13,0.0005,77.259,2.596,94.414
2026-06-17 14:00:00,M13,0.0003,76.133,2.538,92.551
2026-06-17 15:00:00,M13,0.0003,73.883,2.551,92.532
2026-06-17 16:00:00,M13,0.0005,75.521,2.396,96.469
2026-06-17 17:00:00,M13,0.0003,74.723,2.519,95.33
2026-06-17 18:00:00,M13,0.0002,77.1,2.379,94.309
2026-06-17 19:00:00,M13,0.0001,75.287,2.337,95.21
2026-06-17 20:00:00,M13,0.0001,75.1,2.424,97.91
2026-06-17 21:00:00,M13,0.0001,75.46,2.487,92.98
2026-06-17 22:00:00,M13,0.0001,77.009,2.481,95.885
2026-06-17 23:00:00,M13,0.0001,76.195,2.574,95.703
2026-06-18 00:00:00,M13,0.0001,78.408,2.487,95.387
2026-06-18 01:00:00,M13,0.0002,78.496,2.554,93.849
2026-06-18 02:00:00,M13,0.0002,76.055,2.552,93.11
2026-06-18 03:00:00,M13,0.0002,76.072,2.583,92.086
2026-06-18 04:00:00,M13,0.0002,78.041,2.677,96.48
2026-06-18 05:00:00,M13,0.0002,78.827,2.648,91.895
2026-06-18 06:00:00,M13,0.0002,78.099,2.669,94.467
2026-06-18 07:00:00,M13,0.0002,76.972,2.522,91.731
2026-06-18 08:00:00,M13,0.0001,79.053,2.568,92.198
2026-06-18 09:00:00,M13,0.0001,77.553,2.668,94.794
2026-06-18 10:00:00,M13,0.0001,79.602,2.606,93.151
2026-06-18 11:00:00,M13,0.0001,78.078,2.602,95.066
2026-06-18 12:00:00,M13,0.0002,77.036,2.704,93.497
2026-06-18 13:00:00,M13,0.0001,76.778,2.518,95.069
2026-06-18 14:00:00,M13,0.0001,76.675,2.436,94.11
2026-06-18 15:00:00,M13,0.0,75.835,2.456,94.6
2026-06-18 16:00:00,M13,0.0,76.836,2.481,94.342
2026-06-18 17:00:00,M13,0.0,75.845,2.517,94.342
2026-06-18 18:00:00,M13,0.0001,72.928,2.427,93.699
2026-06-18 19:00:00,M13,0.0001,75.833,2.402,94.631
2026-06-18 20:00:00,M13,0.0001,76.209,2.37,93.711
2026-06-18 21:00:00,M13,0.0001,75.957,2.681,94.034
2026-06-18 22:00:00,M13,0.0001,77.383,2.536,92.665
2026-06-18 23:00:00,M13,0.0,75.223,2.426,94.778
2026-06-19 00:00:00,M13,0.0,76.501,2.503,94.004
2026-06-19 01:00:00,M13,0.0001,76.737,2.608,94.806
2026-06-19 02:00:00,M13,0.0001,77.124,2.621,93.691
2026-06-19 03:00:00,M13,0.0001,79.476,2.633,95.212
2026-06-19 04:00:00,M13,0.0001,79.476,2.611,94.486
2026-06-19 05:00:00,M13,0.0001,78.301,2.598,92.503
2026-06-19 06:00:00,M13,0.0001,78.092,2.6,91.318
2026-06-19 07:00:00,M13,0.0002,79.461,2.649,93.765
2026-06-19 08:00:00,M13,0.0001,79.566,2.631,91.46
2026-06-19 09:00:00,M13,0.0002,81.018,2.699,94.796
2026-06-19 10:00:00,M13,0.0002,76.546,2.676,93.168
2026-06-19 11:00:00,M13,0.0001,75.869,2.48,91.584
2026-06-19 12:00:00,M13,0.0001,77.804,2.477,95.655
2026-06-19 13:00:00,M13,0.0001,76.085,2.493,92.775
2026-06-19 14:00:00,M13,0.0001,76.177,2.533,95.309
2026-06-19 15:00:00,M13,0.0001,76.988,2.45,94.941
2026-06-19 16:00:00,M13,0.0001,74.756,2.431,95.932
2026-06-19 17:00:00,M13,0.0001,75.298,2.375,95.463
2026-06-19 18:00:00,M13,0.0001,74.298,2.473,95.743
2026-06-19 19:00:00,M13,0.0001,75.669,2.474,94.928
2026-06-19 20:00:00,M13,0.0001,76.153,2.485,96.813
2026-06-19 21:00:00,M13,0.0,76.387,2.552,96.628
2026-06-19 22:00:00,M13,0.0,76.086,2.488,95.008
2026-06-19 23:00:00,M13,0.0001,77.225,2.506,96.026
2026-06-20 00:00:00,M13,0.0002,74.371,2.587,94.183
2026-06-20 01:00:00,M13,0.0002,75.285,2.696,93.563
2026-06-20 02:00:00,M13,0.0001,75.41,2.737,92.842
2026-06-20 03:00:00,M13,0.0001,78.275,2.575,94.357
2026-06-20 04:00:00,M13,0.0001,77.249,2.724,92.332
2026-06-20 05:00:00,M13,0.0002,80.144,2.714,92.824
2026-06-20 06:00:00,M13,0.0005,80.601,2.667,94.232
2026-06-20 07:00:00,M13,0.0002,76.558,2.567,93.647
2026-06-20 08:00:00,M13,0.0002,78.113,2.585,92.694
2026-06-20 09:00:00,M13,0.0002,78.952,2.653,93.013
2026-06-20 10:00:00,M13,0.0002,78.169,2.634,93.069
2026-06-20 11:00:00,M13,0.0001,77.182,2.585,93.798
2026-06-20 12:00:00,M13,0.0001,75.872,2.449,93.542
2026-06-20 13:00:00,M13,0.0002,76.54,2.537,97.266
2026-06-20 14:00:00,M13,0.0001,76.006,2.492,94.497
2026-06-20 15:00:00,M13,0.0002,74.738,2.431,91.956
2026-06-20 16:00:00,M13,0.0001,74.85,2.43,95.116
2026-06-20 17:00:00,M13,0.0,75.319,2.327,95.116
2026-06-20 18:00:00,M13,0.0,75.304,2.46,97.028
2026-06-20 19:00:00,M13,0.0,74.778,2.471,94.94
2026-06-20 20:00:00,M13,0.0,75.197,2.467,94.336
2026-06-20 21:00:00,M13,0.0007,75.323,3.05,94.793
2026-06-20 22:00:00,M13,0.0001,76.644,2.532,96.927
2026-06-20 23:00:00,M13,0.0002,77.114,2.659,96.19
2026-06-21 00:00:00,M13,0.0003,78.036,2.659,95.007
2026-06-21 01:00:00,M13,0.0003,76.168,2.48,91.87
2026-06-21 02:00:00,M13,0.0002,75.527,2.757,95.558
2026-06-21 03:00:00,M13,0.0002,78.739,2.671,95.403
2026-06-21 04:00:00,M13,0.0001,79.521,2.742,93.082
2026-06-21 05:00:00,M13,0.0002,75.805,2.678,93.838
2026-06-21 06:00:00,M13,0.0002,77.868,2.538,92.433
2026-06-21 07:00:00,M13,0.0002,78.368,2.651,94.059
2026-06-21 08:00:00,M13,0.0001,76.154,2.541,90.715
2026-06-21 09:00:00,M13,0.0001,78.339,2.58,92.814
2026-06-21 10:00:00,M13,0.0002,77.828,2.595,93.928
2026-06-21 11:00:00,M13,0.0001,77.996,2.564,94.092
2026-06-21 12:00:00,M13,0.0002,76.601,2.558,96.574
2026-06-21 13:00:00,M13,0.0002,76.447,2.484,92.072
2026-06-21 14:00:00,M13,0.0001,76.769,2.439,93.84
2026-06-21 15:00:00,M13,0.0,75.451,2.492,96.202
2026-06-21 16:00:00,M13,0.0,75.339,2.38,95.552
2026-06-21 17:00:00,M13,0.0,73.202,2.484,96.233
2026-06-21 18:00:00,M13,0.0,76.683,2.348,95.102
2026-06-21 19:00:00,M13,0.0,76.163,2.376,91.744
2026-06-21 20:00:00,M13,0.0001,75.071,2.533,93.131
2026-06-21 21:00:00,M13,0.0,75.461,2.587,92.577
2026-06-21 22:00:00,M13,0.0001,75.889,2.514,94.407
2026-06-21 23:00:00,M13,0.0,76.694,2.451,91.434
2026-06-22 00:00:00,M13,0.0001,79.173,2.68,94.736
2026-06-22 01:00:00,M13,0.0002,76.683,2.55,94.714
2026-06-22 02:00:00,M13,0.0002,76.718,2.554,92.99
2026-06-22 03:00:00,M13,0.0001,79.354,2.629,96.245
2026-06-22 04:00:00,M13,0.0001,78.761,2.558,91.555
2026-06-22 05:00:00,M13,0.0001,81.632,2.649,93.5
2026-06-22 06:00:00,M13,0.0001,78.631,2.73,94.276
2026-06-22 07:00:00,M13,0.0001,79.791,2.55,96.198
2026-06-22 08:00:00,M13,0.0002,79.967,2.579,92.445
2026-06-22 09:00:00,M13,0.0002,79.623,2.558,93.404
2026-06-22 10:00:00,M13,0.0002,78.183,2.538,93.933
2026-06-22 11:00:00,M13,0.0001,75.793,2.465,95.947
2026-06-22 12:00:00,M13,0.0002,78.569,2.465,93.525
2026-06-22 13:00:00,M13,0.0001,75.775,2.514,91.051
2026-06-22 14:00:00,M13,0.0,76.494,2.46,98.832
2026-06-22 15:00:00,M13,0.0001,76.647,2.566,95.164
2026-06-22 16:00:00,M13,0.0001,76.374,2.454,92.735
2026-06-22 17:00:00,M13,0.0,75.057,2.515,96.076
2026-06-22 18:00:00,M13,0.0001,73.986,2.429,94.844
2026-06-22 19:00:00,M13,0.0,76.235,2.439,96.509
2026-06-22 20:00:00,M13,0.0,73.855,2.389,91.749
2026-06-22 21:00:00,M13,0.0,75.753,2.537,94.32
2026-06-22 22:00:00,M13,0.0,73.95,2.433,92.146
2026-06-22 23:00:00,M13,0.0,76.604,2.544,93.568
2026-06-23 00:00:00,M13,0.0,77.391,2.479,94.028
2026-06-23 01:00:00,M13,0.0,78.055,2.539,96.303
2026-06-23 02:00:00,M13,0.0001,79.75,2.691,95.181
2026-06-23 03:00:00,M13,0.0,76.067,2.519,94.717
2026-06-23 04:00:00,M13,0.0001,76.926,2.81,92.497
2026-06-23 05:00:00,M13,0.0001,78.76,2.627,93.0
2026-06-23 06:00:00,M13,0.0001,77.677,2.719,95.187
2026-06-23 07:00:00,M13,0.0001,76.007,2.548,92.373
2026-06-23 08:00:00,M13,0.0001,77.347,2.543,94.078
2026-06-23 09:00:00,M13,0.0001,77.613,2.557,93.822
2026-06-23 10:00:00,M13,0.0001,76.312,2.597,94.621
2026-06-23 11:00:00,M13,0.0001,76.379,2.551,93.24
2026-06-23 12:00:00,M13,0.0001,76.147,2.559,94.519
2026-06-23 13:00:00,M13,0.0001,77.739,2.454,93.964
2026-06-23 14:00:00,M13,0.0001,75.81,2.525,95.147
2026-06-23 15:00:00,M13,0.0001,76.616,2.372,95.466
2026-06-23 16:00:00,M13,0.0001,74.759,2.359,95.263
2026-06-23 17:00:00,M13,0.0,75.613,2.356,93.964
2026-06-23 18:00:00,M13,0.0,75.795,2.544,96.317
2026-06-23 19:00:00,M13,0.0,75.983,2.463,96.681
2026-06-23 20:00:00,M13,0.0,77.175,2.392,96.082
2026-06-23 21:00:00,M13,0.0,76.032,2.424,94.87
2026-06-23 22:00:00,M13,0.0,76.806,2.479,96.128
2026-06-23 23:00:00,M13,0.0,77.75,2.487,92.719
2026-06-24 00:00:00,M13,0.0,80.469,2.635,94.704
2026-06-24 01:00:00,M13,0.0,75.327,2.588,95.421
2026-06-24 02:00:00,M13,0.0,76.54,2.645,94.436
2026-06-24 03:00:00,M13,0.0,77.408,2.557,94.721
2026-06-24 04:00:00,M13,0.0,78.26,2.668,94.693
2026-06-24 05:00:00,M13,0.0,79.095,2.554,94.204
2026-06-24 06:00:00,M13,0.0,77.861,2.539,93.794
2026-06-24 07:00:00,M13,0.0,80.366,2.716,94.148
2026-06-24 08:00:00,M13,0.0001,77.595,2.573,95.975
2026-06-24 09:00:00,M13,0.0001,80.945,2.737,95.485
2026-06-24 10:00:00,M13,0.0001,75.79,2.524,92.957
2026-06-24 11:00:00,M13,0.0001,79.153,2.619,92.183
2026-06-24 12:00:00,M13,0.0001,75.064,2.453,97.023
2026-06-24 13:00:00,M13,0.0,77.792,2.482,95.235
2026-06-24 14:00:00,M13,0.0001,76.216,2.547,94.502
2026-06-24 15:00:00,M13,0.0001,75.61,2.425,94.172
2026-06-24 16:00:00,M13,0.0001,74.885,2.405,91.785
2026-06-24 17:00:00,M13,0.0001,74.977,2.519,94.681
2026-06-24 18:00:00,M13,0.0001,76.502,2.524,96.348
2026-06-24 19:00:00,M13,0.0,76.051,2.486,95.671
2026-06-24 20:00:00,M13,0.0,75.062,2.419,93.767
2026-06-24 21:00:00,M13,0.0,74.262,2.442,93.762
2026-06-24 22:00:00,M13,0.0,76.427,2.416,95.717
2026-06-24 23:00:00,M13,0.0001,77.717,2.575,98.163
2026-06-25 00:00:00,M13,0.0001,76.421,2.619,93.023
2026-06-25 01:00:00,M13,0.0001,76.997,2.61,92.525
2026-06-25 02:00:00,M13,0.0002,77.803,2.774,94.477
2026-06-25 03:00:00,M13,0.0001,78.349,2.645,94.403
2026-06-25 04:00:00,M13,0.0001,77.413,2.653,91.106
2026-06-25 05:00:00,M13,0.0001,75.155,2.551,94.433
2026-06-25 06:00:00,M13,0.0001,80.09,2.563,94.927
2026-06-25 07:00:00,M13,0.0001,77.316,2.738,94.183
2026-06-25 08:00:00,M13,0.0002,79.957,2.65,94.389
2026-06-25 09:00:00,M13,0.0001,78.115,2.73,91.681
2026-06-25 10:00:00,M13,0.0001,78.721,2.542,93.522
2026-06-25 11:00:00,M13,0.0001,75.14,2.563,94.672
2026-06-25 12:00:00,M13,0.0001,77.468,2.495,95.574
2026-06-25 13:00:00,M13,0.0001,75.65,2.526,93.408
2026-06-25 14:00:00,M13,0.0001,75.214,2.474,95.084
2026-06-25 15:00:00,M13,0.0001,77.168,2.606,93.077
2026-06-25 16:00:00,M13,0.0001,75.431,2.411,92.174
2026-06-25 17:00:00,M13,0.0001,73.81,2.37,95.933
2026-06-25 18:00:00,M13,0.0001,74.689,2.48,95.35
2026-06-25 19:00:00,M13,0.0001,74.485,2.599,94.869
2026-06-25 20:00:00,M13,0.0002,75.866,2.551,95.549
2026-06-25 21:00:00,M13,0.0001,76.432,2.393,95.073
2026-06-25 22:00:00,M13,0.0003,76.141,2.67,93.756
2026-06-25 23:00:00,M13,0.0001,76.203,2.572,94.648
2026-06-26 00:00:00,M13,0.0002,76.962,2.704,92.544
2026-06-26 01:00:00,M13,0.0003,75.423,2.783,92.476
2026-06-26 02:00:00,M13,0.0002,78.406,2.519,95.344
2026-06-26 03:00:00,M13,0.0002,78.145,2.62,92.786
2026-06-26 04:00:00,M13,0.0001,77.752,2.666,96.09
2026-06-26 05:00:00,M13,0.0003,79.615,2.693,96.214
2026-06-26 06:00:00,M13,0.0002,77.724,2.721,92.65
2026-06-26 07:00:00,M13,0.0003,76.915,2.652,92.707
2026-06-26 08:00:00,M13,0.0002,76.407,2.725,89.829
2026-06-26 09:00:00,M13,0.0002,80.349,2.651,95.183
2026-06-26 10:00:00,M13,0.0003,78.297,2.668,92.852
2026-06-26 11:00:00,M13,0.0002,76.781,2.534,94.87
2026-06-26 12:00:00,M13,0.0004,74.982,2.776,95.423
2026-06-26 13:00:00,M13,0.0003,76.404,2.48,94.424
2026-06-26 14:00:00,M13,0.0002,74.83,2.51,93.992
2026-06-26 15:00:00,M13,0.0002,76.542,2.391,95.171
2026-06-26 16:00:00,M13,0.0003,78.586,2.43,92.787
2026-06-26 17:00:00,M13,0.0003,75.65,2.576,93.94
2026-06-26 18:00:00,M13,0.0001,76.915,2.381,97.034
2026-06-26 19:00:00,M13,0.0,75.447,2.365,97.224
2026-06-26 20:00:00,M13,0.0,75.596,2.478,94.84
2026-06-26 21:00:00,M13,0.0001,75.273,2.418,95.329
2026-06-26 22:00:00,M13,0.0,75.154,2.571,93.402
2026-06-26 23:00:00,M13,0.0,76.191,2.531,93.127
2026-06-27 00:00:00,M13,0.0,73.926,2.55,93.249
2026-06-27 01:00:00,M13,0.0001,78.263,2.556,94.466
2026-06-27 02:00:00,M13,0.0001,77.127,2.753,95.558
2026-06-27 03:00:00,M13,0.0002,78.545,2.636,94.296
2026-06-27 04:00:00,M13,0.0002,79.902,2.593,92.408
2026-06-27 05:00:00,M13,0.0003,77.437,2.664,93.592
2026-06-27 06:00:00,M13,0.0004,80.176,2.611,92.291
2026-06-27 07:00:00,M13,0.0004,78.316,2.539,91.569
2026-06-27 08:00:00,M13,0.0003,76.56,2.702,94.47
2026-06-27 09:00:00,M13,0.0003,77.929,2.539,94.181
2026-06-27 10:00:00,M13,0.0004,78.614,2.541,94.047
2026-06-27 11:00:00,M13,0.0006,79.082,2.646,91.854
2026-06-27 12:00:00,M13,0.0004,76.275,2.491,96.161
2026-06-27 13:00:00,M13,0.0004,75.837,2.471,94.871
2026-06-27 14:00:00,M13,0.0003,77.844,2.475,96.28
2026-06-27 15:00:00,M13,0.0002,75.27,2.415,95.068
2026-06-27 16:00:00,M13,0.0002,76.174,2.5,92.321
2026-06-27 17:00:00,M13,0.0015,72.784,3.161,95.968
2026-06-27 18:00:00,M13,0.0005,74.274,2.458,95.406
2026-06-27 19:00:00,M13,0.0006,77.664,2.447,95.256
2026-06-27 20:00:00,M13,0.0003,75.287,2.516,97.157
2026-06-27 21:00:00,M13,0.0005,77.117,2.434,93.237
2026-06-27 22:00:00,M13,0.0003,73.833,2.353,96.806
2026-06-27 23:00:00,M13,0.0001,77.547,2.54,91.962
2026-06-28 00:00:00,M13,0.0001,75.385,2.51,93.753
2026-06-28 01:00:00,M13,0.0001,79.259,2.602,95.325
2026-06-28 02:00:00,M13,0.0001,75.528,2.54,92.624
2026-06-28 03:00:00,M13,0.0002,77.952,2.687,94.669
2026-06-28 04:00:00,M13,0.0003,77.899,2.59,93.543
2026-06-28 05:00:00,M13,0.0004,79.058,2.691,93.89
2026-06-28 06:00:00,M13,0.0002,76.858,2.6,92.291
2026-06-28 07:00:00,M13,0.0003,78.682,2.583,94.684
2026-06-28 08:00:00,M13,0.0004,79.477,2.583,93.739
2026-06-28 09:00:00,M13,0.0047,79.491,3.308,94.9
2026-06-28 10:00:00,M13,0.0005,75.917,2.591,91.675
2026-06-28 11:00:00,M13,0.0004,78.319,2.528,92.579
2026-06-28 12:00:00,M13,0.0004,74.381,2.498,95.991
2026-06-28 13:00:00,M13,0.0009,74.059,2.429,95.793
2026-06-28 14:00:00,M13,0.0007,74.945,2.557,93.536
2026-06-28 15:00:00,M13,0.0002,78.317,2.424,94.66
2026-06-28 16:00:00,M13,0.0001,77.353,2.412,95.35
2026-06-28 17:00:00,M13,0.0001,73.322,2.497,95.806
2026-06-28 18:00:00,M13,0.0001,77.254,2.382,95.942
2026-06-28 19:00:00,M13,0.0001,76.22,2.454,94.018
2026-06-28 20:00:00,M13,0.0001,74.501,2.623,96.821
2026-06-28 21:00:00,M13,0.0001,76.962,2.411,97.266
2026-06-28 22:00:00,M13,0.0001,74.197,2.405,96.508
2026-06-28 23:00:00,M13,0.0001,74.399,2.566,91.816
2026-06-29 00:00:00,M13,0.0001,76.802,2.496,93.043
2026-06-29 01:00:00,M13,0.0001,76.134,2.527,92.114
2026-06-29 02:00:00,M13,0.0002,76.979,2.541,92.946
2026-06-29 03:00:00,M13,0.0002,77.907,2.61,94.584
2026-06-29 04:00:00,M13,0.0001,78.265,2.564,95.62
2026-06-29 05:00:00,M13,0.0001,77.637,2.623,92.738
2026-06-29 06:00:00,M13,0.0002,78.751,2.557,96.172
2026-06-29 07:00:00,M13,0.0002,75.761,2.675,92.803
2026-06-29 08:00:00,M13,0.0001,77.643,2.539,92.464
2026-06-29 09:00:00,M13,0.0001,76.867,2.548,95.617
2026-06-29 10:00:00,M13,0.0001,77.327,2.568,91.38
2026-06-29 11:00:00,M13,0.0001,75.909,2.575,93.153
2026-06-29 12:00:00,M13,0.0001,76.714,2.433,95.475
2026-06-29 13:00:00,M13,0.0001,76.843,2.454,96.481
2026-06-29 14:00:00,M13,0.0,76.159,2.634,97.497
2026-06-29 15:00:00,M13,0.0,76.588,2.529,98.817
2026-06-29 16:00:00,M13,0.0,76.69,2.477,95.303
2026-06-29 17:00:00,M13,0.0,75.227,2.427,94.697
2026-06-29 18:00:00,M13,0.0,76.104,2.642,95.654
2026-06-29 19:00:00,M13,0.0,77.061,2.439,96.39
2026-06-29 20:00:00,M13,0.0,78.131,2.373,96.66
2026-06-29 21:00:00,M13,0.0,75.759,2.519,97.667
2026-06-29 22:00:00,M13,0.0,74.121,2.499,95.157
2026-06-29 23:00:00,M13,0.0,76.144,2.549,95.426
2026-06-15 23:00:00,M14,0.0001,73.044,2.343,105.387
2026-06-16 00:00:00,M14,0.0001,73.161,2.42,102.205
2026-06-16 01:00:00,M14,0.0001,74.613,2.442,101.854
2026-06-16 02:00:00,M14,0.0001,73.436,2.473,104.229
2026-06-16 03:00:00,M14,0.0005,77.311,2.431,105.714
2026-06-16 04:00:00,M14,0.0006,73.905,2.393,103.867
2026-06-16 05:00:00,M14,0.0006,74.491,2.413,105.475
2026-06-16 06:00:00,M14,0.0027,74.942,2.56,102.523
2026-06-16 07:00:00,M14,0.0029,75.534,2.571,104.776
2026-06-16 08:00:00,M14,0.003,73.247,2.459,104.161
2026-06-16 09:00:00,M14,0.003,73.096,2.429,104.435
2026-06-16 10:00:00,M14,0.0029,73.448,2.508,104.023
2026-06-16 11:00:00,M14,0.0004,73.995,2.513,106.873
2026-06-16 12:00:00,M14,0.0016,71.549,2.241,104.008
2026-06-16 13:00:00,M14,0.0024,71.704,2.302,103.455
2026-06-16 14:00:00,M14,0.0026,72.252,2.435,104.04
2026-06-16 15:00:00,M14,0.0025,72.78,2.432,105.901
2026-06-16 16:00:00,M14,0.0021,70.068,2.182,104.038
2026-06-16 17:00:00,M14,0.0015,71.143,2.232,107.146
2026-06-16 18:00:00,M14,0.0027,70.798,2.465,104.058
2026-06-16 19:00:00,M14,0.0028,69.963,2.304,101.852
2026-06-16 20:00:00,M14,0.0015,72.13,2.207,104.515
2026-06-16 21:00:00,M14,0.0011,72.071,2.233,106.456
2026-06-16 22:00:00,M14,0.0017,72.123,2.259,104.535
2026-06-16 23:00:00,M14,0.0017,72.817,2.274,106.025
2026-06-17 00:00:00,M14,0.0017,72.208,2.448,103.273
2026-06-17 01:00:00,M14,0.0012,74.492,2.536,105.218
2026-06-17 02:00:00,M14,0.0003,75.698,2.351,107.073
2026-06-17 03:00:00,M14,0.0007,72.545,2.41,101.69
2026-06-17 04:00:00,M14,0.0055,75.194,3.226,103.78
2026-06-17 05:00:00,M14,0.0042,73.773,2.426,104.706
2026-06-17 06:00:00,M14,0.0017,73.225,2.447,105.207
2026-06-17 07:00:00,M14,0.0028,73.802,2.385,104.815
2026-06-17 08:00:00,M14,0.0026,74.477,2.625,103.183
2026-06-17 09:00:00,M14,0.0028,74.038,2.327,103.271
2026-06-17 10:00:00,M14,0.0015,74.238,2.327,105.095
2026-06-17 11:00:00,M14,0.0024,71.691,2.343,106.05
2026-06-17 12:00:00,M14,0.0026,70.618,2.31,104.966
2026-06-17 13:00:00,M14,0.0032,73.04,2.433,104.428
2026-06-17 14:00:00,M14,0.0004,71.265,2.361,106.303
2026-06-17 15:00:00,M14,0.0004,70.31,2.346,105.177
2026-06-17 16:00:00,M14,0.0005,72.074,2.312,107.743
2026-06-17 17:00:00,M14,0.0005,73.945,2.163,105.656
2026-06-17 18:00:00,M14,0.0006,72.381,2.285,103.571
2026-06-17 19:00:00,M14,0.0009,71.515,2.273,106.522
2026-06-17 20:00:00,M14,0.0007,73.596,2.208,103.495
2026-06-17 21:00:00,M14,0.0009,70.088,2.309,107.126
2026-06-17 22:00:00,M14,0.0008,71.21,2.362,104.839
2026-06-17 23:00:00,M14,0.0012,70.671,2.474,104.541
2026-06-18 00:00:00,M14,0.0011,73.062,2.305,104.094
2026-06-18 01:00:00,M14,0.0011,73.327,2.346,106.646
2026-06-18 02:00:00,M14,0.0002,71.872,2.356,105.981
2026-06-18 03:00:00,M14,0.0002,74.041,2.419,105.773
2026-06-18 04:00:00,M14,0.0002,74.273,2.398,105.082
2026-06-18 05:00:00,M14,0.0002,74.151,2.356,105.145
2026-06-18 06:00:00,M14,0.0003,74.58,2.532,104.973
2026-06-18 07:00:00,M14,0.0003,73.773,2.42,102.603
2026-06-18 08:00:00,M14,0.0001,72.663,2.397,103.89
2026-06-18 09:00:00,M14,0.0001,74.785,2.317,105.396
2026-06-18 10:00:00,M14,0.0001,74.099,2.415,103.799
2026-06-18 11:00:00,M14,0.0001,73.465,2.444,106.446
2026-06-18 12:00:00,M14,0.0001,74.106,2.454,105.743
2026-06-18 13:00:00,M14,0.0001,73.937,2.347,104.064
2026-06-18 14:00:00,M14,0.0001,72.63,2.342,105.304
2026-06-18 15:00:00,M14,0.0,71.063,2.422,105.277
2026-06-18 16:00:00,M14,0.0,73.36,2.202,104.542
2026-06-18 17:00:00,M14,0.0001,70.578,2.168,105.493
2026-06-18 18:00:00,M14,0.0001,71.067,2.214,102.41
2026-06-18 19:00:00,M14,0.0,71.03,2.128,103.702
2026-06-18 20:00:00,M14,0.0002,71.006,2.576,104.935
2026-06-18 21:00:00,M14,0.0011,70.393,2.594,104.536
2026-06-18 22:00:00,M14,0.0001,72.572,2.198,107.276
2026-06-18 23:00:00,M14,0.0002,74.503,2.372,104.49
2026-06-19 00:00:00,M14,0.0002,73.363,2.397,107.77
2026-06-19 01:00:00,M14,0.0002,72.997,2.378,102.291
2026-06-19 02:00:00,M14,0.0002,75.23,2.368,105.691
2026-06-19 03:00:00,M14,0.0001,74.575,2.514,107.08
2026-06-19 04:00:00,M14,0.0001,73.892,2.413,102.053
2026-06-19 05:00:00,M14,0.0002,71.759,2.512,105.359
2026-06-19 06:00:00,M14,0.0002,73.459,2.387,104.64
2026-06-19 07:00:00,M14,0.0009,75.565,2.449,104.417
2026-06-19 08:00:00,M14,0.0007,75.473,2.63,104.802
2026-06-19 09:00:00,M14,0.0004,76.707,2.305,107.424
2026-06-19 10:00:00,M14,0.0003,76.707,2.469,105.7
2026-06-19 11:00:00,M14,0.0002,72.238,2.376,106.27
2026-06-19 12:00:00,M14,0.0002,75.357,2.316,105.842
2026-06-19 13:00:00,M14,0.0003,72.48,2.557,103.901
2026-06-19 14:00:00,M14,0.0001,72.497,2.26,108.007
2026-06-19 15:00:00,M14,0.0004,68.909,2.35,103.47
2026-06-19 16:00:00,M14,0.0006,70.74,2.307,104.673
2026-06-19 17:00:00,M14,0.0004,71.902,2.145,108.014
2026-06-19 18:00:00,M14,0.0008,71.908,2.233,106.834
2026-06-19 19:00:00,M14,0.0008,71.323,2.387,105.079
2026-06-19 20:00:00,M14,0.0009,74.168,2.269,104.952
2026-06-19 21:00:00,M14,0.0007,68.571,2.252,104.936
2026-06-19 22:00:00,M14,0.0009,71.371,2.247,104.324
2026-06-19 23:00:00,M14,0.0012,73.102,2.326,105.098
2026-06-20 00:00:00,M14,0.0014,69.713,2.291,108.301
2026-06-20 01:00:00,M14,0.0016,73.23,2.458,105.264
2026-06-20 02:00:00,M14,0.0011,72.452,2.332,102.187
2026-06-20 03:00:00,M14,0.002,73.091,2.394,103.466
2026-06-20 04:00:00,M14,0.002,74.045,2.428,105.592
2026-06-20 05:00:00,M14,0.0023,72.659,2.354,106.522
2026-06-20 06:00:00,M14,0.0003,73.475,2.401,103.914
2026-06-20 07:00:00,M14,0.0015,74.364,2.357,103.495
2026-06-20 08:00:00,M14,0.0004,73.439,2.466,106.435
2026-06-20 09:00:00,M14,0.0005,73.337,2.296,106.435
2026-06-20 10:00:00,M14,0.0003,75.21,2.424,104.368
2026-06-20 11:00:00,M14,0.0002,71.237,2.399,106.663
2026-06-20 12:00:00,M14,0.0002,73.894,2.306,105.177
2026-06-20 13:00:00,M14,0.0,73.325,2.328,108.364
2026-06-20 14:00:00,M14,0.0001,70.261,2.388,105.539
2026-06-20 15:00:00,M14,0.0001,73.175,2.298,105.539
2026-06-20 16:00:00,M14,0.0001,72.622,2.321,105.09
2026-06-20 17:00:00,M14,0.0,72.388,2.252,103.893
2026-06-20 18:00:00,M14,0.0,72.558,2.29,105.389
2026-06-20 19:00:00,M14,0.0001,71.407,2.251,105.258
2026-06-20 20:00:00,M14,0.0,72.409,2.367,103.867
2026-06-20 21:00:00,M14,0.0,71.575,2.335,106.797
2026-06-20 22:00:00,M14,0.0,71.961,2.323,108.247
2026-06-20 23:00:00,M14,0.0,71.062,2.337,106.726
2026-06-21 00:00:00,M14,0.0,72.93,2.325,102.708
2026-06-21 01:00:00,M14,0.0,74.411,2.295,105.102
2026-06-21 02:00:00,M14,0.0001,73.093,3.102,101.408
2026-06-21 03:00:00,M14,0.0,73.352,2.373,103.602
2026-06-21 04:00:00,M14,0.0,73.524,2.375,103.032
2026-06-21 05:00:00,M14,0.0,74.267,2.422,102.169
2026-06-21 06:00:00,M14,0.0,73.095,2.359,102.76
2026-06-21 07:00:00,M14,0.0,74.345,2.388,103.446
2026-06-21 08:00:00,M14,0.0001,76.556,2.491,104.667
2026-06-21 09:00:00,M14,0.0001,75.347,2.477,104.763
2026-06-21 10:00:00,M14,0.0001,75.97,2.536,106.1
2026-06-21 11:00:00,M14,0.0011,72.607,2.393,101.774
2026-06-21 12:00:00,M14,0.0005,72.711,2.422,105.392
2026-06-21 13:00:00,M14,0.0009,72.69,2.405,104.517
2026-06-21 14:00:00,M14,0.0002,72.376,2.317,103.936
2026-06-21 15:00:00,M14,0.0003,72.866,2.373,102.525
2026-06-21 16:00:00,M14,0.0005,70.838,2.347,103.907
2026-06-21 17:00:00,M14,0.0007,73.239,2.494,103.686
2026-06-21 18:00:00,M14,0.0009,73.114,2.412,103.925
2026-06-21 19:00:00,M14,0.0008,71.598,2.426,104.967
2026-06-21 20:00:00,M14,0.0009,73.439,2.48,105.386
2026-06-21 21:00:00,M14,0.0032,75.043,2.638,102.424
2026-06-21 22:00:00,M14,0.0291,73.125,2.779,101.893
2026-06-21 23:00:00,M14,0.0003,72.98,2.523,103.828
2026-06-22 00:00:00,M14,0.0004,75.521,2.69,105.44
2026-06-22 01:00:00,M14,0.0014,75.69,2.738,102.914
2026-06-22 02:00:00,M14,0.0012,78.234,2.744,103.185
2026-06-22 03:00:00,M14,0.0015,76.541,2.734,102.036
2026-06-22 04:00:00,M14,0.0046,77.481,2.922,100.734
2026-06-22 05:00:00,M14,0.0014,76.136,2.896,103.308
2026-06-22 06:00:00,M14,0.005,79.317,2.958,104.294
2026-06-22 07:00:00,M14,0.0018,76.905,2.885,103.326
2026-06-22 08:00:00,M14,0.0017,78.007,3.133,101.42
2026-06-22 09:00:00,M14,0.0013,77.079,2.948,102.447
2026-06-22 10:00:00,M14,0.001,79.761,2.996,102.036
2026-06-22 11:00:00,M14,0.001,77.1,2.893,102.477
2026-06-22 12:00:00,M14,0.0008,76.374,2.862,102.857
2026-06-22 13:00:00,M14,0.0008,77.758,2.992,103.238
2026-06-22 14:00:00,M14,0.0007,75.846,3.151,102.952
2026-06-22 15:00:00,M14,0.003,77.044,2.944,100.334
2026-06-22 16:00:00,M14,0.0005,76.092,3.01,102.018
2026-06-22 17:00:00,M14,0.0013,79.089,3.054,102.956
2026-06-22 18:00:00,M14,0.0015,77.547,2.994,103.674
2026-06-22 19:00:00,M14,0.0003,76.709,3.124,99.536
2026-06-22 20:00:00,M14,0.0002,76.843,3.105,102.449
2026-06-22 21:00:00,M14,0.0002,78.035,3.187,102.525
2026-06-22 22:00:00,M14,0.0003,77.893,3.401,99.616
2026-06-22 23:00:00,M14,0.0039,81.138,3.533,100.614
2026-06-23 00:00:00,M14,0.0012,79.66,3.379,102.026
2026-06-23 01:00:00,M14,0.0,79.293,3.336,100.459
2026-06-23 02:00:00,M14,0.0007,81.961,3.405,100.91
2026-06-23 03:00:00,M14,0.0009,80.457,3.418,98.434
2026-06-23 04:00:00,M14,0.0003,81.231,3.509,100.816
2026-06-23 05:00:00,M14,0.0024,84.922,3.577,98.709
2026-06-23 06:00:00,M14,0.0003,82.22,3.7,101.504
2026-06-23 07:00:00,M14,0.0017,80.876,3.856,98.81
2026-06-23 08:00:00,M14,0.0005,83.645,3.625,97.247
2026-06-23 09:00:00,M14,0.0009,83.527,3.657,99.189
2026-06-23 10:00:00,M14,0.0006,81.071,3.631,101.171
2026-06-23 11:00:00,M14,0.0014,82.152,3.807,96.94
2026-06-23 12:00:00,M14,0.0077,85.848,3.651,97.463
2026-06-23 13:00:00,M14,0.0016,81.651,3.762,98.173
2026-06-23 14:00:00,M14,0.0009,82.494,3.719,99.813
2026-06-23 15:00:00,M14,0.0088,83.202,3.829,98.776
2026-06-23 16:00:00,M14,0.0182,82.83,3.702,99.995
2026-06-23 17:00:00,M14,0.0135,83.297,3.853,95.844
2026-06-23 18:00:00,M14,0.0058,84.802,3.84,97.354
2026-06-23 19:00:00,M14,0.0037,81.045,4.041,98.032
2026-06-23 20:00:00,M14,0.7591,85.809,4.438,98.444
2026-06-23 21:00:00,M14,0.0775,85.934,4.167,97.754
2026-06-23 22:00:00,M14,0.093,87.904,4.081,97.208
2026-06-23 23:00:00,M14,0.014,88.127,4.078,95.462
2026-06-24 00:00:00,M14,0.757,87.527,4.159,95.55
2026-06-24 01:00:00,M14,0.9994,85.585,4.334,95.566
2026-06-24 02:00:00,M14,0.9988,88.178,4.274,96.108
2026-06-24 03:00:00,M14,0.9994,86.469,4.472,93.841
2026-06-24 04:00:00,M14,0.9999,87.39,4.666,95.421
2026-06-24 05:00:00,M14,0.9999,88.854,4.645,96.294
2026-06-24 06:00:00,M14,0.9999,89.529,4.433,96.123
2026-06-24 07:00:00,M14,0.9998,90.74,4.61,92.396
2026-06-24 08:00:00,M14,1.0,90.36,4.522,93.429
2026-06-24 09:00:00,M14,0.9998,90.512,4.614,97.632
2026-06-24 10:00:00,M14,1.0,91.302,4.617,93.372
2026-06-24 11:00:00,M14,0.9998,87.471,4.715,92.753
2026-06-24 12:00:00,M14,0.9999,88.605,4.866,94.698
2026-06-24 13:00:00,M14,1.0,90.644,4.859,91.222
2026-06-24 14:00:00,M14,1.0,89.523,4.744,95.395
2026-06-24 15:00:00,M14,1.0,91.353,4.797,93.643
2026-06-24 16:00:00,M14,0.9999,88.684,4.761,91.874
2026-06-24 17:00:00,M14,1.0,89.931,5.417,94.407
2026-06-24 18:00:00,M14,0.9999,88.446,4.929,94.236
2026-06-24 19:00:00,M14,0.9999,92.873,4.919,92.992
2026-06-24 20:00:00,M14,0.9999,90.08,4.897,93.991
2026-06-24 21:00:00,M14,0.9999,89.179,4.993,93.207
2026-06-24 22:00:00,M14,0.9999,92.151,5.132,90.826
2026-06-24 23:00:00,M14,1.0,94.264,5.242,89.314
2026-06-25 00:00:00,M14,1.0,94.138,5.149,91.531
2026-06-25 01:00:00,M14,0.9999,95.911,5.232,89.15
2026-06-25 10:00:00,M14,0.0,75.476,2.286,101.218
2026-06-25 11:00:00,M14,0.0,73.467,2.367,105.62
2026-06-25 12:00:00,M14,0.0,70.52,2.336,107.529
2026-06-25 13:00:00,M14,0.0,73.583,2.426,104.995
2026-06-25 14:00:00,M14,0.0,71.357,2.218,107.716
2026-06-25 15:00:00,M14,0.0,71.949,2.219,106.757
2026-06-25 16:00:00,M14,0.0,70.281,2.277,104.41
2026-06-25 17:00:00,M14,0.0,70.349,2.218,106.281
2026-06-25 18:00:00,M14,0.0,71.908,2.241,108.603
2026-06-25 19:00:00,M14,0.0,72.721,2.176,105.776
2026-06-25 20:00:00,M14,0.0,71.656,2.211,104.564
2026-06-25 21:00:00,M14,0.0,72.106,2.279,106.973
2026-06-25 22:00:00,M14,0.0,72.42,2.258,104.601
2026-06-25 23:00:00,M14,0.0,74.735,2.316,105.097
2026-06-26 00:00:00,M14,0.0,73.67,2.307,102.994
2026-06-26 01:00:00,M14,0.0,73.381,2.3,105.825
2026-06-26 02:00:00,M14,0.0,74.995,2.296,103.643
2026-06-26 03:00:00,M14,0.0,73.661,2.486,104.32
2026-06-26 04:00:00,M14,0.0,73.088,2.405,105.544
2026-06-26 05:00:00,M14,0.0,72.868,2.492,105.237
2026-06-26 06:00:00,M14,0.0,73.317,2.355,102.473
2026-06-26 07:00:00,M14,0.0,73.537,2.332,106.557
2026-06-26 08:00:00,M14,0.0,73.243,2.886,103.113
2026-06-26 09:00:00,M14,0.0,74.571,2.327,105.369
2026-06-26 10:00:00,M14,0.0,75.006,2.371,105.177
2026-06-26 11:00:00,M14,0.0,73.406,2.359,106.168
2026-06-26 12:00:00,M14,0.0,72.874,2.322,106.145
2026-06-26 13:00:00,M14,0.0,70.895,2.227,106.443
2026-06-26 14:00:00,M14,0.0,69.732,2.224,104.841
2026-06-26 15:00:00,M14,0.0,71.518,2.221,104.93
2026-06-26 16:00:00,M14,0.0,72.592,2.288,104.015
2026-06-26 17:00:00,M14,0.0,71.373,2.145,106.465
2026-06-26 18:00:00,M14,0.0,72.886,2.303,107.27
2026-06-26 19:00:00,M14,0.0,71.0,2.163,109.802
2026-06-26 20:00:00,M14,0.0,72.195,2.273,103.243
2026-06-26 21:00:00,M14,0.0,71.589,2.312,104.722
2026-06-26 22:00:00,M14,0.0,71.083,2.28,103.78
2026-06-26 23:00:00,M14,0.0,71.646,2.494,106.345
2026-06-27 00:00:00,M14,0.0,73.324,2.347,106.314
2026-06-27 01:00:00,M14,0.0,73.435,2.46,103.243
2026-06-27 02:00:00,M14,0.0,73.638,2.389,106.031
2026-06-27 03:00:00,M14,0.0,72.444,2.414,104.735
2026-06-27 04:00:00,M14,0.0,74.788,2.358,104.587
2026-06-27 05:00:00,M14,0.0,71.674,2.546,104.132
2026-06-27 06:00:00,M14,0.0,75.93,2.41,105.69
2026-06-27 07:00:00,M14,0.0,74.716,2.58,102.974
2026-06-27 08:00:00,M14,0.0,75.046,2.454,106.166
2026-06-27 09:00:00,M14,0.0,74.344,2.385,103.559
2026-06-27 10:00:00,M14,0.0,73.085,2.341,103.256
2026-06-27 11:00:00,M14,0.0,74.258,2.385,106.602
2026-06-27 12:00:00,M14,0.0,72.467,2.33,106.573
2026-06-27 13:00:00,M14,0.0,70.652,2.281,105.973
2026-06-27 14:00:00,M14,0.0,73.315,2.289,107.008
2026-06-27 15:00:00,M14,0.0,73.653,2.232,105.047
2026-06-27 16:00:00,M14,0.0,70.342,2.195,104.165
2026-06-27 17:00:00,M14,0.0,71.386,2.3,105.435
2026-06-27 18:00:00,M14,0.0,72.918,2.382,106.556
2026-06-27 19:00:00,M14,0.0,70.553,2.386,105.831
2026-06-27 20:00:00,M14,0.0,72.176,2.301,104.418
2026-06-27 21:00:00,M14,0.0,70.392,2.333,103.479
2026-06-27 22:00:00,M14,0.0,71.526,2.262,106.33
2026-06-27 23:00:00,M14,0.0,73.694,2.32,102.898
2026-06-28 00:00:00,M14,0.0,72.532,2.386,104.806
2026-06-28 01:00:00,M14,0.0,74.802,2.368,104.926
2026-06-28 02:00:00,M14,0.0,71.527,2.594,102.869
2026-06-28 03:00:00,M14,0.0,74.782,2.404,102.392
2026-06-28 04:00:00,M14,0.0,76.67,2.507,103.034
2026-06-28 05:00:00,M14,0.0,76.307,2.391,104.906
2026-06-28 06:00:00,M14,0.0,75.887,2.429,101.89
2026-06-28 07:00:00,M14,0.0,75.709,2.385,104.999
2026-06-28 08:00:00,M14,0.0,73.12,2.401,107.036
2026-06-28 09:00:00,M14,0.0,75.161,2.331,105.292
2026-06-28 10:00:00,M14,0.0,73.788,2.367,103.557
2026-06-28 11:00:00,M14,0.0,73.451,2.284,104.827
2026-06-28 12:00:00,M14,0.0,74.289,2.406,107.339
2026-06-28 13:00:00,M14,0.0,73.692,2.336,106.025
2026-06-28 14:00:00,M14,0.0,72.722,2.295,103.688
2026-06-28 15:00:00,M14,0.0,70.432,2.27,105.916
2026-06-28 16:00:00,M14,0.0,71.563,2.195,103.366
2026-06-28 17:00:00,M14,0.0,73.701,2.264,105.751
2026-06-28 18:00:00,M14,0.0,70.399,2.194,103.541
2026-06-28 19:00:00,M14,0.0,73.662,2.351,105.445
2026-06-28 20:00:00,M14,0.0,72.41,2.214,105.778
2026-06-28 21:00:00,M14,0.0,73.856,2.295,106.007
2026-06-28 22:00:00,M14,0.0,71.332,2.313,105.816
2026-06-28 23:00:00,M14,0.0,73.723,2.262,106.229
2026-06-29 00:00:00,M14,0.0,74.422,2.31,106.24
2026-06-29 01:00:00,M14,0.0,73.459,2.386,102.563
2026-06-29 02:00:00,M14,0.0,74.194,2.317,104.278
2026-06-29 03:00:00,M14,0.0,73.962,2.315,104.219
2026-06-29 04:00:00,M14,0.0,71.934,2.373,102.642
2026-06-29 05:00:00,M14,0.0,74.716,2.429,102.489
2026-06-29 06:00:00,M14,0.0,74.165,2.408,104.19
2026-06-29 07:00:00,M14,0.0,74.43,2.496,104.919
2026-06-29 08:00:00,M14,0.0,74.616,2.449,105.952
2026-06-29 09:00:00,M14,0.0,73.496,2.364,103.589
2026-06-29 10:00:00,M14,0.0,74.378,2.433,101.663
2026-06-29 11:00:00,M14,0.0,72.413,2.299,103.536
2026-06-29 12:00:00,M14,0.0,73.813,2.315,105.25
2026-06-29 13:00:00,M14,0.0,71.106,2.35,107.637
2026-06-29 14:00:00,M14,0.0,71.739,2.253,107.374
2026-06-29 15:00:00,M14,0.0,72.268,2.298,103.867
2026-06-29 16:00:00,M14,0.0,71.508,2.316,103.314
2026-06-29 17:00:00,M14,0.0,69.995,2.278,106.998
2026-06-29 18:00:00,M14,0.0,72.762,2.27,103.133
2026-06-29 19:00:00,M14,0.0,70.683,2.217,106.319
2026-06-29 20:00:00,M14,0.0,73.601,2.256,103.461
2026-06-29 21:00:00,M14,0.0,71.722,2.24,104.734
2026-06-29 22:00:00,M14,0.0,73.191,2.21,105.198
2026-06-29 23:00:00,M14,0.0,72.667,2.298,107.222
2026-06-15 23:00:00,M15,0.0,70.756,2.201,104.505
2026-06-16 00:00:00,M15,0.0,72.234,2.192,105.366
2026-06-16 01:00:00,M15,0.0,72.194,2.266,104.968
2026-06-16 02:00:00,M15,0.0,73.702,2.303,105.545
2026-06-16 03:00:00,M15,0.0,71.566,2.432,105.157
2026-06-16 04:00:00,M15,0.0,74.364,2.307,103.857
2026-06-16 05:00:00,M15,0.0,72.479,2.356,105.924
2026-06-16 06:00:00,M15,0.0,74.076,2.332,104.912
2026-06-16 07:00:00,M15,0.0,72.969,2.33,102.355
2026-06-16 08:00:00,M15,0.0,73.94,2.308,101.927
2026-06-16 09:00:00,M15,0.0,72.759,2.43,104.455
2026-06-16 10:00:00,M15,0.0,72.897,2.308,106.232
2026-06-16 11:00:00,M15,0.0,71.376,2.153,106.563
2026-06-16 12:00:00,M15,0.0,72.79,2.387,106.169
2026-06-16 13:00:00,M15,0.0,72.089,2.303,104.175
2026-06-16 14:00:00,M15,0.0,70.498,2.197,106.897
2026-06-16 15:00:00,M15,0.0,71.004,2.137,106.558
2026-06-16 16:00:00,M15,0.0,68.803,2.164,105.738
2026-06-16 17:00:00,M15,0.0,69.992,2.076,105.978
2026-06-16 18:00:00,M15,0.0,68.946,2.129,106.784
2026-06-16 19:00:00,M15,0.0,71.495,2.119,105.137
2026-06-16 20:00:00,M15,0.0,69.384,2.133,103.196
2026-06-16 21:00:00,M15,0.0,69.93,2.093,108.3
2026-06-16 22:00:00,M15,0.0,71.262,2.221,103.708
2026-06-16 23:00:00,M15,0.0,72.039,2.272,107.391
2026-06-17 00:00:00,M15,0.0,72.072,2.346,103.261
2026-06-17 01:00:00,M15,0.0,72.289,2.26,104.936
2026-06-17 02:00:00,M15,0.0,73.447,2.461,102.541
2026-06-17 03:00:00,M15,0.0,71.158,2.242,105.71
2026-06-17 04:00:00,M15,0.0,71.801,2.359,102.799
2026-06-17 05:00:00,M15,0.0,74.47,2.26,103.432
2026-06-17 06:00:00,M15,0.0,73.874,2.453,105.193
2026-06-17 07:00:00,M15,0.0,71.262,2.245,104.174
2026-06-17 08:00:00,M15,0.0,70.133,2.327,104.258
2026-06-17 09:00:00,M15,0.0,73.001,2.294,100.244
2026-06-17 10:00:00,M15,0.0,73.634,2.296,106.033
2026-06-17 11:00:00,M15,0.0,71.192,2.183,106.166
2026-06-17 12:00:00,M15,0.0,71.992,2.181,102.863
2026-06-17 13:00:00,M15,0.0,73.718,2.213,105.081
2026-06-17 14:00:00,M15,0.0,70.098,2.138,106.962
2026-06-17 15:00:00,M15,0.0,70.643,2.086,105.929
2026-06-17 16:00:00,M15,0.0,70.032,2.109,106.974
2026-06-17 17:00:00,M15,0.0,70.294,2.124,107.066
2026-06-17 18:00:00,M15,0.0,70.67,2.118,105.685
2026-06-17 19:00:00,M15,0.0,72.84,2.101,107.396
2026-06-17 20:00:00,M15,0.0,69.123,2.307,106.208
2026-06-17 21:00:00,M15,0.0,68.795,2.12,104.023
2026-06-17 22:00:00,M15,0.0,67.527,2.135,106.413
2026-06-17 23:00:00,M15,0.0,70.289,2.733,103.984
2026-06-18 00:00:00,M15,0.0,68.335,2.241,106.721
2026-06-18 01:00:00,M15,0.0,69.698,2.422,103.01
2026-06-18 02:00:00,M15,0.0,70.28,2.27,106.12
2026-06-18 03:00:00,M15,0.0,72.207,2.286,105.508
2026-06-18 04:00:00,M15,0.0,72.207,2.43,105.615
2026-06-18 05:00:00,M15,0.0,73.411,2.501,105.251
2026-06-18 06:00:00,M15,0.0,73.794,2.266,103.957
2026-06-18 07:00:00,M15,0.0,73.215,2.293,104.683
2026-06-18 08:00:00,M15,0.0,71.916,2.271,103.859
2026-06-18 09:00:00,M15,0.0,72.805,2.381,102.657
2026-06-18 10:00:00,M15,0.0,72.474,2.345,102.228
2026-06-18 11:00:00,M15,0.0,72.077,2.187,105.993
2026-06-18 12:00:00,M15,0.0,71.151,2.406,108.891
2026-06-18 13:00:00,M15,0.0,70.195,2.21,106.278
2026-06-18 14:00:00,M15,0.0,71.69,2.151,107.161
2026-06-18 15:00:00,M15,0.0,70.811,2.258,105.614
2026-06-18 16:00:00,M15,0.0,70.626,2.14,104.52
2026-06-18 17:00:00,M15,0.0,70.843,2.176,106.962
2026-06-18 18:00:00,M15,0.0,71.259,2.085,106.747
2026-06-18 19:00:00,M15,0.0,70.471,2.099,105.289
2026-06-18 20:00:00,M15,0.0,69.789,2.053,105.289
2026-06-18 21:00:00,M15,0.0,70.539,2.104,104.924
2026-06-18 22:00:00,M15,0.0,69.527,2.226,105.894
2026-06-18 23:00:00,M15,0.0,70.426,2.285,106.851
2026-06-19 00:00:00,M15,0.0,71.443,2.156,103.305
2026-06-19 01:00:00,M15,0.0,71.464,2.237,105.38
2026-06-19 02:00:00,M15,0.0,71.95,2.282,103.755
2026-06-19 03:00:00,M15,0.0,71.172,2.389,104.07
2026-06-19 04:00:00,M15,0.0,71.019,2.343,105.341
2026-06-19 05:00:00,M15,0.0,72.691,2.368,106.397
2026-06-19 06:00:00,M15,0.0,75.267,2.354,107.343
2026-06-19 07:00:00,M15,0.0,72.861,2.307,104.411
2026-06-19 08:00:00,M15,0.0,73.165,2.272,104.746
2026-06-19 09:00:00,M15,0.0,74.768,2.275,103.212
2026-06-19 10:00:00,M15,0.0,71.693,2.497,105.373
2026-06-19 11:00:00,M15,0.0,71.955,2.308,108.348
2026-06-19 12:00:00,M15,0.0,72.579,2.319,105.702
2026-06-19 13:00:00,M15,0.0,72.295,2.163,101.913
2026-06-19 14:00:00,M15,0.0,70.287,2.257,106.133
2026-06-19 15:00:00,M15,0.0,67.881,2.086,108.945
2026-06-19 16:00:00,M15,0.0,70.611,2.132,107.318
2026-06-19 17:00:00,M15,0.0,69.964,2.052,106.222
2026-06-19 18:00:00,M15,0.0,70.166,2.78,105.453
2026-06-19 19:00:00,M15,0.0,69.605,2.191,110.17
2026-06-19 20:00:00,M15,0.0,69.844,2.094,105.819
2026-06-19 21:00:00,M15,0.0,70.3,2.177,105.493
2026-06-19 22:00:00,M15,0.0,70.969,2.237,106.012
2026-06-19 23:00:00,M15,0.0,70.853,2.274,105.147
2026-06-20 00:00:00,M15,0.0,71.051,2.251,105.894
2026-06-20 01:00:00,M15,0.0,72.095,2.169,104.37
2026-06-20 02:00:00,M15,0.0,72.468,2.258,102.918
2026-06-20 03:00:00,M15,0.0,74.926,2.436,106.159
2026-06-20 04:00:00,M15,0.0,74.015,2.367,105.519
2026-06-20 05:00:00,M15,0.0,71.949,2.332,105.243
2026-06-20 06:00:00,M15,0.0,73.163,2.337,103.954
2026-06-20 07:00:00,M15,0.0,72.866,2.442,105.456
2026-06-20 08:00:00,M15,0.0,72.316,2.265,103.816
2026-06-20 09:00:00,M15,0.0,72.929,2.35,106.377
2026-06-20 10:00:00,M15,0.0,73.466,2.342,104.269
2026-06-20 11:00:00,M15,0.0,72.901,2.192,106.721
2026-06-20 12:00:00,M15,0.0,72.222,2.306,104.586
2026-06-20 13:00:00,M15,0.0,70.549,2.369,105.629
2026-06-20 14:00:00,M15,0.0,72.188,2.233,105.13
2026-06-20 15:00:00,M15,0.0,69.235,2.103,104.832
2026-06-20 16:00:00,M15,0.0,68.426,2.122,107.882
2026-06-20 17:00:00,M15,0.0,70.473,2.086,105.068
2026-06-20 18:00:00,M15,0.0,71.039,2.109,105.725
2026-06-20 19:00:00,M15,0.0,70.87,2.115,107.086
2026-06-20 20:00:00,M15,0.0,72.38,2.139,107.085
2026-06-20 21:00:00,M15,0.0,69.727,2.32,107.368
2026-06-20 22:00:00,M15,0.0,71.484,2.193,107.47
2026-06-20 23:00:00,M15,0.0,71.43,2.685,104.578
2026-06-21 00:00:00,M15,0.0,69.74,2.199,103.918
2026-06-21 01:00:00,M15,0.0,71.479,2.234,106.872
2026-06-21 02:00:00,M15,0.0,70.922,2.234,105.815
2026-06-21 03:00:00,M15,0.0,70.457,2.22,104.759
2026-06-21 04:00:00,M15,0.0,70.135,2.307,106.305
2026-06-21 05:00:00,M15,0.0,73.829,2.39,107.987
2026-06-21 06:00:00,M15,0.0,75.895,2.454,104.804
2026-06-21 07:00:00,M15,0.0001,73.257,2.346,105.157
2026-06-21 08:00:00,M15,0.0009,74.198,2.465,103.365
2026-06-21 09:00:00,M15,0.0008,70.871,2.335,104.041
2026-06-21 10:00:00,M15,0.0007,71.94,2.296,106.683
2026-06-21 11:00:00,M15,0.0006,72.656,2.371,104.756
2026-06-21 12:00:00,M15,0.0005,69.649,2.172,104.904
2026-06-21 13:00:00,M15,0.0004,70.718,2.15,105.434
2026-06-21 14:00:00,M15,0.0004,70.676,2.086,105.434
2026-06-21 15:00:00,M15,0.0003,71.175,2.249,107.013
2026-06-21 16:00:00,M15,0.0003,71.275,2.172,104.613
2026-06-21 17:00:00,M15,0.0001,71.608,2.126,104.471
2026-06-21 18:00:00,M15,0.0001,70.436,2.131,107.652
2026-06-21 19:00:00,M15,0.0004,69.154,2.051,104.82
2026-06-21 20:00:00,M15,0.0003,68.192,2.347,105.684
2026-06-21 21:00:00,M15,0.0002,69.078,2.131,107.15
2026-06-21 22:00:00,M15,0.0003,71.875,2.242,105.953
2026-06-21 23:00:00,M15,0.0001,71.64,2.257,107.563
2026-06-22 00:00:00,M15,0.0001,70.898,2.256,102.657
2026-06-22 01:00:00,M15,0.0002,72.539,2.179,105.865
2026-06-22 02:00:00,M15,0.0002,74.295,2.297,104.643
2026-06-22 03:00:00,M15,0.0002,72.269,2.253,104.962
2026-06-22 04:00:00,M15,0.0002,75.107,2.302,102.399
2026-06-22 05:00:00,M15,0.0001,74.889,2.395,104.493
2026-06-22 06:00:00,M15,0.0,72.269,2.335,103.64
2026-06-22 07:00:00,M15,0.0,72.768,2.284,105.45
2026-06-22 08:00:00,M15,0.0,72.493,2.26,107.356
2026-06-22 09:00:00,M15,0.0,72.961,2.224,106.275
2026-06-22 10:00:00,M15,0.0,74.86,2.293,106.144
2026-06-22 11:00:00,M15,0.0,72.341,2.209,103.861
2026-06-22 12:00:00,M15,0.0,70.815,2.194,105.017
2026-06-22 13:00:00,M15,0.0,70.163,2.191,105.977
2026-06-22 14:00:00,M15,0.0,68.649,2.247,105.538
2026-06-22 15:00:00,M15,0.0,69.658,2.254,103.274
2026-06-22 16:00:00,M15,0.0,67.951,2.185,105.773
2026-06-22 17:00:00,M15,0.0,69.829,2.045,107.393
2026-06-22 18:00:00,M15,0.0,68.672,2.106,105.978
2026-06-22 19:00:00,M15,0.0,71.507,2.14,106.603
2026-06-22 20:00:00,M15,0.0,69.27,2.173,107.237
2026-06-22 21:00:00,M15,0.0,67.939,2.288,105.808
2026-06-22 22:00:00,M15,0.0,70.674,2.145,106.795
2026-06-22 23:00:00,M15,0.0,70.289,2.27,103.695
2026-06-23 00:00:00,M15,0.0,72.8,2.208,106.192
2026-06-23 01:00:00,M15,0.0,71.216,2.162,104.536
2026-06-23 02:00:00,M15,0.0,72.496,2.315,104.209
2026-06-23 03:00:00,M15,0.0,69.271,2.237,107.419
2026-06-23 04:00:00,M15,0.0,71.843,2.306,104.64
2026-06-23 05:00:00,M15,0.0,71.286,2.442,105.04
2026-06-23 06:00:00,M15,0.0,73.713,2.397,104.452
2026-06-23 07:00:00,M15,0.0,72.581,2.273,104.287
2026-06-23 08:00:00,M15,0.0,71.421,2.388,105.003
2026-06-23 09:00:00,M15,0.0003,73.433,2.726,104.669
2026-06-23 10:00:00,M15,0.0001,71.837,2.238,105.347
2026-06-23 11:00:00,M15,0.0001,72.153,2.263,109.175
2026-06-23 12:00:00,M15,0.0001,72.427,2.18,106.773
2026-06-23 13:00:00,M15,0.0001,73.443,2.176,104.303
2026-06-23 14:00:00,M15,0.0,71.526,2.148,104.399
2026-06-23 15:00:00,M15,0.0001,69.44,2.216,105.638
2026-06-23 16:00:00,M15,0.0,72.176,2.111,107.162
2026-06-23 17:00:00,M15,0.0,69.387,2.094,107.233
2026-06-23 18:00:00,M15,0.0001,69.072,2.16,104.898
2026-06-23 19:00:00,M15,0.0001,72.611,2.353,108.559
2026-06-23 20:00:00,M15,0.0001,70.026,2.28,104.927
2026-06-23 21:00:00,M15,0.0002,71.373,2.128,105.448
2026-06-23 22:00:00,M15,0.0007,70.355,2.291,103.591
2026-06-23 23:00:00,M15,0.0005,69.482,2.135,103.617
2026-06-24 00:00:00,M15,0.0004,72.293,2.151,106.975
2026-06-24 01:00:00,M15,0.001,72.595,2.444,105.157
2026-06-24 02:00:00,M15,0.0009,72.253,2.248,105.112
2026-06-24 03:00:00,M15,0.0011,73.383,2.334,105.621
2026-06-24 04:00:00,M15,0.001,72.315,2.215,106.285
2026-06-24 05:00:00,M15,0.001,70.325,2.294,105.862
2026-06-24 06:00:00,M15,0.0001,71.881,2.377,104.657
2026-06-24 07:00:00,M15,0.0002,73.147,2.374,104.301
2026-06-24 08:00:00,M15,0.0003,72.219,2.229,103.288
2026-06-24 09:00:00,M15,0.0002,73.891,2.314,104.061
2026-06-24 10:00:00,M15,0.0001,74.061,2.414,103.546
2026-06-24 11:00:00,M15,0.0003,72.355,2.469,103.223
2026-06-24 12:00:00,M15,0.0001,69.686,2.189,109.189
2026-06-24 13:00:00,M15,0.0001,71.751,2.124,107.442
2026-06-24 14:00:00,M15,0.0001,70.002,2.272,105.154
2026-06-24 15:00:00,M15,0.0,71.068,2.136,105.112
2026-06-24 16:00:00,M15,0.0,71.468,2.099,106.571
2026-06-24 17:00:00,M15,0.0,70.736,2.188,104.887
2026-06-24 18:00:00,M15,0.0,71.387,2.087,107.379
2026-06-24 19:00:00,M15,0.0,70.449,2.377,108.721
2026-06-24 20:00:00,M15,0.0,67.927,2.139,105.717
2026-06-24 21:00:00,M15,0.0,70.495,2.108,105.998
2026-06-24 22:00:00,M15,0.0,67.964,2.173,104.654
2026-06-24 23:00:00,M15,0.0,68.988,2.224,104.321
2026-06-25 00:00:00,M15,0.0,70.716,2.191,103.662
2026-06-25 01:00:00,M15,0.0,72.98,2.221,104.075
2026-06-25 02:00:00,M15,0.0,72.933,2.41,106.711
2026-06-25 03:00:00,M15,0.0,73.383,2.287,102.609
2026-06-25 04:00:00,M15,0.0006,73.755,2.581,105.484
2026-06-25 05:00:00,M15,0.0003,75.252,2.45,104.402
2026-06-25 06:00:00,M15,0.0002,73.018,2.322,104.815
2026-06-25 07:00:00,M15,0.0003,70.288,2.324,103.912
2026-06-25 08:00:00,M15,0.0003,74.392,2.285,103.975
2026-06-25 09:00:00,M15,0.0003,73.23,2.472,103.361
2026-06-25 10:00:00,M15,0.0002,72.61,2.393,104.263
2026-06-25 11:00:00,M15,0.0002,70.473,2.328,106.916
2026-06-25 12:00:00,M15,0.0002,72.02,2.258,104.456
2026-06-25 13:00:00,M15,0.0003,70.522,2.16,103.149
2026-06-25 14:00:00,M15,0.0003,68.801,2.222,106.31
2026-06-25 15:00:00,M15,0.0004,72.841,2.242,106.574
2026-06-25 16:00:00,M15,0.0004,70.278,2.207,104.573
2026-06-25 17:00:00,M15,0.0001,68.505,2.096,106.017
2026-06-25 18:00:00,M15,0.0001,70.829,2.106,106.969
2026-06-25 19:00:00,M15,0.0001,69.45,2.122,107.498
2026-06-25 20:00:00,M15,0.0001,70.998,2.137,102.712
2026-06-25 21:00:00,M15,0.0001,71.017,2.262,104.205
2026-06-25 22:00:00,M15,0.0002,71.849,2.125,105.603
2026-06-25 23:00:00,M15,0.0002,71.773,2.163,105.067
2026-06-26 00:00:00,M15,0.0002,70.443,2.191,108.625
2026-06-26 01:00:00,M15,0.0001,71.929,2.185,107.121
2026-06-26 02:00:00,M15,0.0002,71.588,2.449,104.747
2026-06-26 03:00:00,M15,0.0002,73.1,2.277,104.2
2026-06-26 04:00:00,M15,0.0,72.6,2.396,103.811
2026-06-26 05:00:00,M15,0.0,69.94,2.258,105.492
2026-06-26 06:00:00,M15,0.0,72.6,2.356,107.408
2026-06-26 07:00:00,M15,0.0,75.191,2.443,104.162
2026-06-26 08:00:00,M15,0.0,73.419,2.34,104.377
2026-06-26 09:00:00,M15,0.0,72.675,2.439,105.209
2026-06-26 10:00:00,M15,0.0,70.546,2.291,104.875
2026-06-26 11:00:00,M15,0.0,72.164,2.267,103.937
2026-06-26 12:00:00,M15,0.0,72.54,2.202,104.102
2026-06-26 13:00:00,M15,0.0,70.712,2.13,105.228
2026-06-26 14:00:00,M15,0.0,70.914,2.162,105.656
2026-06-26 15:00:00,M15,0.0,69.169,2.096,105.598
2026-06-26 16:00:00,M15,0.0,68.339,2.176,105.541
2026-06-26 17:00:00,M15,0.0,71.853,2.164,107.04
2026-06-26 18:00:00,M15,0.0,70.041,2.106,108.537
2026-06-26 19:00:00,M15,0.0,71.139,2.128,105.157
2026-06-26 20:00:00,M15,0.0,69.539,2.456,105.694
2026-06-26 21:00:00,M15,0.0,68.948,2.157,105.354
2026-06-26 22:00:00,M15,0.0,71.17,2.133,108.754
2026-06-26 23:00:00,M15,0.0,70.758,2.167,104.132
2026-06-27 00:00:00,M15,0.0,69.735,2.308,103.699
2026-06-27 01:00:00,M15,0.0,73.915,2.287,102.846
2026-06-27 02:00:00,M15,0.0,74.054,2.258,107.238
2026-06-27 03:00:00,M15,0.0,72.309,2.343,103.053
2026-06-27 04:00:00,M15,0.0,72.659,2.273,104.84
2026-06-27 05:00:00,M15,0.0001,71.034,2.518,107.39
2026-06-27 06:00:00,M15,0.0001,73.875,2.485,106.286
2026-06-27 07:00:00,M15,0.0001,72.41,2.265,104.4
2026-06-27 08:00:00,M15,0.0001,71.779,2.226,104.061
2026-06-27 09:00:00,M15,0.0001,72.148,2.324,106.439
2026-06-27 10:00:00,M15,0.0001,72.913,2.543,105.422
2026-06-27 11:00:00,M15,0.0,72.937,2.292,106.582
2026-06-27 12:00:00,M15,0.0001,72.672,2.254,104.701
2026-06-27 13:00:00,M15,0.0001,70.181,2.434,104.438
2026-06-27 14:00:00,M15,0.0001,69.58,2.294,104.727
2026-06-27 15:00:00,M15,0.0001,71.492,2.194,106.97
2026-06-27 16:00:00,M15,0.0001,70.328,2.158,103.618
2026-06-27 17:00:00,M15,0.0001,69.812,2.084,107.412
2026-06-27 18:00:00,M15,0.0,70.715,2.053,107.922
2026-06-27 19:00:00,M15,0.0,71.165,2.308,108.316
2026-06-27 20:00:00,M15,0.0,68.222,2.325,106.41
2026-06-27 21:00:00,M15,0.0,70.237,2.171,103.881
2026-06-27 22:00:00,M15,0.0,70.73,2.265,105.105
2026-06-27 23:00:00,M15,0.0001,70.316,2.128,104.918
2026-06-28 00:00:00,M15,0.0001,71.024,2.339,105.664
2026-06-28 01:00:00,M15,0.0001,73.003,2.321,106.23
2026-06-28 02:00:00,M15,0.0,71.606,2.232,107.233
2026-06-28 03:00:00,M15,0.0,70.893,2.232,106.539
2026-06-28 04:00:00,M15,0.0,71.244,2.437,103.183
2026-06-28 05:00:00,M15,0.0,72.882,2.43,105.177
2026-06-28 06:00:00,M15,0.0,74.144,2.363,105.121
2026-06-28 07:00:00,M15,0.0001,75.235,2.315,105.121
2026-06-28 08:00:00,M15,0.0001,72.762,2.396,106.477
2026-06-28 09:00:00,M15,0.0001,72.648,2.253,103.293
2026-06-28 10:00:00,M15,0.0,71.334,2.384,106.333
2026-06-28 11:00:00,M15,0.0,73.613,2.385,106.139
2026-06-28 12:00:00,M15,0.0,72.437,2.174,104.662
2026-06-28 13:00:00,M15,0.0,71.321,2.157,107.512
2026-06-28 14:00:00,M15,0.0,70.594,2.341,104.378
2026-06-28 15:00:00,M15,0.0,71.252,2.183,104.984
2026-06-28 16:00:00,M15,0.0,69.423,2.192,106.262
2026-06-28 17:00:00,M15,0.0,69.602,2.196,106.972
2026-06-28 18:00:00,M15,0.0,70.435,2.08,108.765
2026-06-28 19:00:00,M15,0.0,70.988,2.092,107.687
2026-06-28 20:00:00,M15,0.0,68.102,2.401,103.615
2026-06-28 21:00:00,M15,0.0,72.569,2.155,107.525
2026-06-28 22:00:00,M15,0.0,71.584,2.181,106.61
2026-06-28 23:00:00,M15,0.0,72.705,2.164,107.327
2026-06-29 00:00:00,M15,0.0,72.625,2.315,104.844
2026-06-29 01:00:00,M15,0.0001,73.645,2.218,106.08
2026-06-29 02:00:00,M15,0.0,69.951,2.333,104.681
2026-06-29 03:00:00,M15,0.0,69.771,2.299,105.211
2026-06-29 04:00:00,M15,0.0,71.296,2.235,104.264
2026-06-29 05:00:00,M15,0.0,72.081,2.361,103.505
2026-06-29 06:00:00,M15,0.0,73.005,2.359,104.142
2026-06-29 07:00:00,M15,0.0,73.924,2.328,105.295
2026-06-29 08:00:00,M15,0.0,72.49,2.312,104.939
2026-06-29 09:00:00,M15,0.0,71.512,2.454,105.431
2026-06-29 10:00:00,M15,0.0,71.567,2.262,103.771
2026-06-29 11:00:00,M15,0.0,71.869,2.351,106.237
2026-06-29 12:00:00,M15,0.0,71.464,2.261,104.23
2026-06-29 13:00:00,M15,0.0,72.415,2.318,104.803
2026-06-29 14:00:00,M15,0.0,71.194,2.204,107.943
2026-06-29 15:00:00,M15,0.0,71.243,2.101,108.139
2026-06-29 16:00:00,M15,0.0,72.474,2.177,108.143
2026-06-29 17:00:00,M15,0.0,69.206,2.091,107.429
2026-06-29 18:00:00,M15,0.0,70.663,2.243,108.071
2026-06-29 19:00:00,M15,0.0,68.677,2.09,106.711
2026-06-29 20:00:00,M15,0.0,68.697,2.129,106.853
2026-06-29 21:00:00,M15,0.0,70.744,2.194,105.849
2026-06-29 22:00:00,M15,0.0,71.415,2.334,104.091
2026-06-29 23:00:00,M15,0.0,72.758,2.144,105.102
2026-06-15 23:00:00,M16,0.0004,70.319,2.408,103.804
2026-06-16 00:00:00,M16,0.0019,71.765,2.592,101.958
2026-06-16 01:00:00,M16,0.0023,70.97,2.598,103.76
2026-06-16 02:00:00,M16,0.0104,70.699,2.707,102.284
2026-06-16 03:00:00,M16,0.0091,72.195,2.924,100.921
2026-06-16 04:00:00,M16,0.0017,72.968,2.731,100.037
2026-06-16 05:00:00,M16,0.0072,73.823,2.824,101.582
2026-06-16 06:00:00,M16,0.0021,73.162,2.75,103.018
2026-06-16 07:00:00,M16,0.0056,74.537,2.913,99.304
2026-06-16 08:00:00,M16,0.0009,73.777,2.893,100.772
2026-06-16 09:00:00,M16,0.0008,73.753,2.91,102.315
2026-06-16 10:00:00,M16,0.0006,73.145,2.855,101.323
2026-06-16 11:00:00,M16,0.0004,73.599,2.868,101.732
2026-06-16 12:00:00,M16,0.0006,73.582,2.902,102.191
2026-06-16 13:00:00,M16,0.0007,74.102,3.001,100.589
2026-06-16 14:00:00,M16,0.0007,72.661,2.925,99.788
2026-06-16 15:00:00,M16,0.0021,75.118,3.05,102.743
2026-06-16 16:00:00,M16,0.0011,73.375,2.907,104.087
2026-06-16 17:00:00,M16,0.0045,71.695,3.081,100.309
2026-06-16 18:00:00,M16,0.0037,73.187,3.068,99.311
2026-06-16 19:00:00,M16,0.0022,74.397,3.127,102.485
2026-06-16 20:00:00,M16,0.0023,74.314,3.101,101.395
2026-06-16 21:00:00,M16,0.1196,76.935,3.393,100.376
2026-06-16 22:00:00,M16,0.0347,74.818,3.419,100.212
2026-06-16 23:00:00,M16,0.0423,77.426,3.295,98.466
2026-06-17 00:00:00,M16,0.0356,79.092,3.32,98.653
2026-06-17 01:00:00,M16,0.081,77.671,3.507,98.98
2026-06-17 02:00:00,M16,0.0298,79.788,3.479,97.285
2026-06-17 03:00:00,M16,0.0028,78.114,3.663,97.658
2026-06-17 04:00:00,M16,0.2038,79.789,3.739,95.908
2026-06-17 05:00:00,M16,0.0019,76.379,3.603,98.988
2026-06-17 06:00:00,M16,0.0414,80.369,3.71,96.342
2026-06-17 07:00:00,M16,0.0023,80.598,3.732,96.465
2026-06-17 08:00:00,M16,0.0153,79.579,3.806,96.933
2026-06-17 09:00:00,M16,0.0062,81.36,3.744,98.152
2026-06-17 10:00:00,M16,0.0349,80.135,3.779,98.98
2026-06-17 11:00:00,M16,0.224,80.627,3.915,94.938
2026-06-17 12:00:00,M16,0.9625,81.487,4.083,97.34
2026-06-17 13:00:00,M16,0.0299,80.006,3.957,96.453
2026-06-17 14:00:00,M16,0.9435,80.952,4.04,97.49
2026-06-17 15:00:00,M16,0.996,81.665,4.321,94.818
2026-06-17 16:00:00,M16,0.9241,79.66,4.031,94.527
2026-06-17 17:00:00,M16,0.774,83.121,4.023,98.109
2026-06-17 18:00:00,M16,0.9933,82.789,4.271,92.302
2026-06-17 19:00:00,M16,0.9928,80.989,4.114,93.411
2026-06-17 20:00:00,M16,0.9992,82.994,4.363,95.678
2026-06-17 21:00:00,M16,0.9781,82.654,4.279,96.243
2026-06-17 22:00:00,M16,0.9989,82.373,4.439,92.837
2026-06-17 23:00:00,M16,0.9998,84.958,4.426,96.912
2026-06-18 00:00:00,M16,0.9998,82.64,4.542,92.237
2026-06-18 01:00:00,M16,0.9999,86.453,4.587,92.5
2026-06-18 02:00:00,M16,1.0,87.226,4.709,93.65
2026-06-18 03:00:00,M16,1.0,88.529,4.889,92.04
2026-06-18 04:00:00,M16,1.0,87.64,4.804,90.59
2026-06-18 05:00:00,M16,1.0,88.855,4.898,92.948
2026-06-18 06:00:00,M16,1.0,88.601,4.935,91.24
2026-06-18 07:00:00,M16,1.0,91.063,5.03,90.232
2026-06-18 08:00:00,M16,1.0,90.673,5.259,89.523
2026-06-18 09:00:00,M16,1.0,91.297,5.096,92.126
2026-06-18 10:00:00,M16,1.0,91.101,5.092,89.673
2026-06-18 11:00:00,M16,1.0,90.948,5.172,87.487
2026-06-18 12:00:00,M16,1.0,90.14,5.231,87.779
2026-06-18 13:00:00,M16,1.0,91.166,5.237,93.085
2026-06-19 03:00:00,M16,0.0,70.414,2.525,102.099
2026-06-19 04:00:00,M16,0.0,72.33,2.509,100.22
2026-06-19 05:00:00,M16,0.0,72.316,2.573,105.022
2026-06-19 06:00:00,M16,0.0,72.527,2.414,101.132
2026-06-19 07:00:00,M16,0.0,73.068,2.549,104.232
2026-06-19 08:00:00,M16,0.0,71.584,2.558,102.312
2026-06-19 09:00:00,M16,0.0,69.675,2.507,104.6
2026-06-19 10:00:00,M16,0.0,69.407,2.356,103.519
2026-06-19 11:00:00,M16,0.0,71.389,2.56,104.081
2026-06-19 12:00:00,M16,0.0,67.505,2.456,101.9
2026-06-19 13:00:00,M16,0.0,67.957,2.535,106.548
2026-06-19 14:00:00,M16,0.0,69.819,2.33,105.648
2026-06-19 15:00:00,M16,0.0,70.28,2.351,100.181
2026-06-19 16:00:00,M16,0.0,68.731,2.379,104.522
2026-06-19 17:00:00,M16,0.0,66.497,2.265,104.166
2026-06-19 18:00:00,M16,0.0,67.567,2.339,104.755
2026-06-19 19:00:00,M16,0.0,65.002,2.382,104.737
2026-06-19 20:00:00,M16,0.0,69.199,2.311,103.803
2026-06-19 21:00:00,M16,0.0,68.104,2.309,106.159
2026-06-19 22:00:00,M16,0.0,68.266,2.487,102.624
2026-06-19 23:00:00,M16,0.0,70.013,2.312,103.041
2026-06-20 00:00:00,M16,0.0,69.643,2.401,102.482
2026-06-20 01:00:00,M16,0.0,72.004,2.354,105.53
2026-06-20 02:00:00,M16,0.0,71.405,2.56,103.229
2026-06-20 03:00:00,M16,0.0,72.298,2.507,100.578
2026-06-20 04:00:00,M16,0.0,72.459,2.599,101.055
2026-06-20 05:00:00,M16,0.0,71.293,2.476,104.599
2026-06-20 06:00:00,M16,0.0,72.001,3.069,100.216
2026-06-20 07:00:00,M16,0.0,71.543,2.442,104.211
2026-06-20 08:00:00,M16,0.0,70.853,2.566,104.492
2026-06-20 09:00:00,M16,0.0,72.159,2.477,105.919
2026-06-20 10:00:00,M16,0.0,67.874,2.406,104.321
2026-06-20 11:00:00,M16,0.0,70.56,2.409,103.896
2026-06-20 12:00:00,M16,0.0,69.0,2.439,100.105
2026-06-20 13:00:00,M16,0.0,68.801,2.339,101.823
2026-06-20 14:00:00,M16,0.0,68.821,2.326,103.992
2026-06-20 15:00:00,M16,0.0,67.221,2.36,103.755
2026-06-20 16:00:00,M16,0.0,66.902,2.31,103.891
2026-06-20 17:00:00,M16,0.0,68.726,2.205,103.777
2026-06-20 18:00:00,M16,0.0,67.71,2.322,107.65
2026-06-20 19:00:00,M16,0.0,67.954,2.419,104.971
2026-06-20 20:00:00,M16,0.0,68.914,2.323,103.613
2026-06-20 21:00:00,M16,0.0,67.181,2.294,103.152
2026-06-20 22:00:00,M16,0.0,69.43,2.432,102.718
2026-06-20 23:00:00,M16,0.0,67.639,2.424,102.555
2026-06-21 00:00:00,M16,0.0,70.908,2.417,103.452
2026-06-21 01:00:00,M16,0.0,68.817,2.338,102.191
2026-06-21 02:00:00,M16,0.0,70.271,2.415,105.217
2026-06-21 03:00:00,M16,0.0,71.701,2.394,104.245
2026-06-21 04:00:00,M16,0.0,70.277,2.59,102.685
2026-06-21 05:00:00,M16,0.0,71.641,2.437,103.695
2026-06-21 06:00:00,M16,0.0,72.338,2.535,100.976
2026-06-21 07:00:00,M16,0.0,69.143,2.488,104.01
2026-06-21 08:00:00,M16,0.0,71.834,2.489,105.087
2026-06-21 09:00:00,M16,0.0,71.266,2.43,100.93
2026-06-21 10:00:00,M16,0.0,70.473,2.443,104.492
2026-06-21 11:00:00,M16,0.0,68.88,2.601,104.202
2026-06-21 12:00:00,M16,0.0,69.354,2.36,103.828
2026-06-21 13:00:00,M16,0.0,68.13,2.536,104.469
2026-06-21 14:00:00,M16,0.0,67.802,2.263,104.025
2026-06-21 15:00:00,M16,0.0,68.578,2.288,105.419
2026-06-21 16:00:00,M16,0.0,67.547,2.256,100.612
2026-06-21 17:00:00,M16,0.0,66.271,2.282,104.949
2026-06-21 18:00:00,M16,0.0,67.579,2.322,104.415
2026-06-21 19:00:00,M16,0.0,66.308,2.218,106.044
2026-06-21 20:00:00,M16,0.0,67.239,2.294,105.833
2026-06-21 21:00:00,M16,0.0,71.573,2.26,105.63
2026-06-21 22:00:00,M16,0.0,70.909,2.33,105.917
2026-06-21 23:00:00,M16,0.0,68.336,2.502,103.384
2026-06-22 00:00:00,M16,0.0,70.24,2.46,102.494
2026-06-22 01:00:00,M16,0.0,69.175,2.435,103.121
2026-06-22 02:00:00,M16,0.0,69.03,2.424,104.644
2026-06-22 03:00:00,M16,0.0,72.24,2.411,103.26
2026-06-22 04:00:00,M16,0.0,69.812,2.491,104.922
2026-06-22 05:00:00,M16,0.0,72.042,2.553,103.827
2026-06-22 06:00:00,M16,0.0,70.725,2.433,101.78
2026-06-22 07:00:00,M16,0.0,71.673,2.488,100.067
2026-06-22 08:00:00,M16,0.0,68.823,2.465,103.628
2026-06-22 09:00:00,M16,0.0,69.956,2.415,102.773
2026-06-22 10:00:00,M16,0.0,68.936,2.446,106.499
2026-06-22 11:00:00,M16,0.0,69.63,2.392,104.418
2026-06-22 12:00:00,M16,0.0,69.146,2.419,103.186
2026-06-22 13:00:00,M16,0.0,68.366,2.42,104.89
2026-06-22 14:00:00,M16,0.0,72.168,2.282,104.018
2026-06-22 15:00:00,M16,0.0,66.944,2.263,102.642
2026-06-22 16:00:00,M16,0.0,67.004,2.332,107.101
2026-06-22 17:00:00,M16,0.0,66.332,2.197,104.592
2026-06-22 18:00:00,M16,0.0,67.079,2.24,106.38
2026-06-22 19:00:00,M16,0.0,67.796,2.317,101.996
2026-06-22 20:00:00,M16,0.0,67.103,2.248,108.654
2026-06-22 21:00:00,M16,0.0,68.21,2.352,105.718
2026-06-22 22:00:00,M16,0.0,69.43,2.399,107.505
2026-06-22 23:00:00,M16,0.0,70.775,2.369,102.624
2026-06-23 00:00:00,M16,0.0,69.937,2.429,102.981
2026-06-23 01:00:00,M16,0.0,71.438,2.645,101.942
2026-06-23 02:00:00,M16,0.0,69.106,2.644,105.235
2026-06-23 03:00:00,M16,0.0,70.385,2.617,101.867
2026-06-23 04:00:00,M16,0.0,69.823,2.6,102.578
2026-06-23 05:00:00,M16,0.0,68.984,2.563,102.766
2026-06-23 06:00:00,M16,0.0,68.427,2.456,103.7
2026-06-23 07:00:00,M16,0.0,68.054,2.466,105.542
2026-06-23 08:00:00,M16,0.0,70.034,2.556,104.096
2026-06-23 09:00:00,M16,0.0,71.822,2.667,101.769
2026-06-23 10:00:00,M16,0.0,69.071,2.435,102.286
2026-06-23 11:00:00,M16,0.0,66.893,3.124,105.904
2026-06-23 12:00:00,M16,0.0,69.556,2.324,102.737
2026-06-23 13:00:00,M16,0.0,68.254,2.346,102.561
2026-06-23 14:00:00,M16,0.0,68.212,2.343,104.196
2026-06-23 15:00:00,M16,0.0,66.744,2.308,104.913
2026-06-23 16:00:00,M16,0.0,68.356,2.259,105.559
2026-06-23 17:00:00,M16,0.0,68.803,2.279,107.066
2026-06-23 18:00:00,M16,0.0,64.933,2.304,103.359
2026-06-23 19:00:00,M16,0.0,68.678,2.273,104.101
2026-06-23 20:00:00,M16,0.0,69.44,2.298,102.226
2026-06-23 21:00:00,M16,0.0,68.934,2.273,102.753
2026-06-23 22:00:00,M16,0.0,67.838,2.483,102.307
2026-06-23 23:00:00,M16,0.0,70.147,2.436,104.709
2026-06-24 00:00:00,M16,0.0,68.953,2.33,104.888
2026-06-24 01:00:00,M16,0.0,71.12,2.53,102.888
2026-06-24 02:00:00,M16,0.0,70.727,2.444,101.4
2026-06-24 03:00:00,M16,0.0,70.751,2.437,105.581
2026-06-24 04:00:00,M16,0.0,70.372,2.48,106.111
2026-06-24 05:00:00,M16,0.0,70.924,2.462,105.171
2026-06-24 06:00:00,M16,0.0,71.149,2.593,103.144
2026-06-24 07:00:00,M16,0.0,71.538,2.646,101.029
2026-06-24 08:00:00,M16,0.0,70.083,2.51,101.88
2026-06-24 09:00:00,M16,0.0,71.695,2.531,100.631
2026-06-24 10:00:00,M16,0.0,71.316,2.396,102.772
2026-06-24 11:00:00,M16,0.0,71.712,2.373,103.643
2026-06-24 12:00:00,M16,0.0,68.984,2.311,102.589
2026-06-24 13:00:00,M16,0.0,68.024,2.357,104.538
2026-06-24 14:00:00,M16,0.0,68.047,2.314,103.417
2026-06-24 15:00:00,M16,0.0,70.236,2.473,101.047
2026-06-24 16:00:00,M16,0.0,68.098,2.445,103.925
2026-06-24 17:00:00,M16,0.0,66.104,2.195,102.858
2026-06-24 18:00:00,M16,0.0,66.104,2.919,102.797
2026-06-24 19:00:00,M16,0.0,67.223,2.369,105.6
2026-06-24 20:00:00,M16,0.0,70.624,2.281,104.492
2026-06-24 21:00:00,M16,0.0,68.68,2.45,104.522
2026-06-24 22:00:00,M16,0.0,67.506,2.523,105.32
2026-06-24 23:00:00,M16,0.0,69.89,2.523,105.577
2026-06-25 00:00:00,M16,0.0,68.761,2.364,104.91
2026-06-25 01:00:00,M16,0.0,68.234,2.42,105.731
2026-06-25 02:00:00,M16,0.0,71.824,2.454,102.651
2026-06-25 03:00:00,M16,0.0,70.049,2.556,105.564
2026-06-25 04:00:00,M16,0.0,70.718,2.518,102.757
2026-06-25 05:00:00,M16,0.0,73.28,2.458,102.633
2026-06-25 06:00:00,M16,0.0,70.351,2.427,102.806
2026-06-25 07:00:00,M16,0.0,69.398,2.616,100.447
2026-06-25 08:00:00,M16,0.0,73.488,2.476,103.445
2026-06-25 09:00:00,M16,0.0,68.852,2.466,103.6
2026-06-25 10:00:00,M16,0.0,70.866,2.463,102.153
2026-06-25 11:00:00,M16,0.0,70.205,2.498,105.234
2026-06-25 12:00:00,M16,0.0,69.727,2.311,99.049
2026-06-25 13:00:00,M16,0.0,67.669,2.43,106.073
2026-06-25 14:00:00,M16,0.0,65.526,2.302,103.602
2026-06-25 15:00:00,M16,0.0,70.416,2.568,102.855
2026-06-25 16:00:00,M16,0.0,64.795,2.35,102.909
2026-06-25 17:00:00,M16,0.0,67.957,2.31,103.395
2026-06-25 18:00:00,M16,0.0,66.554,2.4,104.202
2026-06-25 19:00:00,M16,0.0,65.723,2.295,102.569
2026-06-25 20:00:00,M16,0.0,67.21,2.292,102.917
2026-06-25 21:00:00,M16,0.0,66.169,2.401,103.906
2026-06-25 22:00:00,M16,0.0,68.108,2.385,104.58
2026-06-25 23:00:00,M16,0.0,70.375,2.429,103.396
2026-06-26 00:00:00,M16,0.0,70.376,2.402,106.131
2026-06-26 01:00:00,M16,0.0,71.268,2.376,104.227
2026-06-26 02:00:00,M16,0.0,69.107,2.391,104.731
2026-06-26 03:00:00,M16,0.0,68.763,2.464,103.325
2026-06-26 04:00:00,M16,0.0,70.915,2.501,104.394
2026-06-26 05:00:00,M16,0.0,69.424,2.49,102.437
2026-06-26 06:00:00,M16,0.0,70.789,2.515,100.49
2026-06-26 07:00:00,M16,0.0,69.501,2.422,100.891
2026-06-26 08:00:00,M16,0.0,69.66,2.388,104.979
2026-06-26 09:00:00,M16,0.0,69.945,2.527,102.44
2026-06-26 10:00:00,M16,0.0,68.386,2.442,104.298
2026-06-26 11:00:00,M16,0.0,69.786,2.344,103.698
2026-06-26 12:00:00,M16,0.0,69.458,2.328,102.143
2026-06-26 13:00:00,M16,0.0,70.072,2.374,103.884
2026-06-26 14:00:00,M16,0.0,69.265,2.341,105.581
2026-06-26 15:00:00,M16,0.0,69.524,2.314,101.728
2026-06-26 16:00:00,M16,0.0,67.568,2.238,105.566
2026-06-26 17:00:00,M16,0.0,64.546,2.36,103.039
2026-06-26 18:00:00,M16,0.0,67.189,2.269,104.258
2026-06-26 19:00:00,M16,0.0,67.166,2.314,101.341
2026-06-26 20:00:00,M16,0.0,70.739,2.315,104.335
2026-06-26 21:00:00,M16,0.0,70.009,2.392,102.529
2026-06-26 22:00:00,M16,0.0,69.492,2.469,102.607
2026-06-26 23:00:00,M16,0.0,66.201,2.314,103.095
2026-06-27 00:00:00,M16,0.0,68.563,2.533,104.993
2026-06-27 01:00:00,M16,0.0,70.228,2.41,102.132
2026-06-27 02:00:00,M16,0.0,73.171,2.467,103.665
2026-06-27 03:00:00,M16,0.0,69.922,2.532,102.754
2026-06-27 04:00:00,M16,0.0,70.774,2.407,103.419
2026-06-27 05:00:00,M16,0.0,70.6,2.462,102.33
2026-06-27 06:00:00,M16,0.0,69.595,2.461,101.119
2026-06-27 07:00:00,M16,0.0,73.077,2.543,102.026
2026-06-27 08:00:00,M16,0.0,67.944,2.409,103.386
2026-06-27 09:00:00,M16,0.0,68.569,2.594,100.327
2026-06-27 10:00:00,M16,0.0,70.599,2.499,104.198
2026-06-27 11:00:00,M16,0.0,69.997,2.339,102.471
2026-06-27 12:00:00,M16,0.0,69.806,2.402,104.856
2026-06-27 13:00:00,M16,0.0,69.203,2.266,103.95
2026-06-27 14:00:00,M16,0.0,68.911,2.413,104.176
2026-06-27 15:00:00,M16,0.0,66.814,2.319,103.039
2026-06-27 16:00:00,M16,0.0,66.575,2.269,104.062
2026-06-27 17:00:00,M16,0.0,67.941,2.26,102.92
2026-06-27 18:00:00,M16,0.0,66.798,2.345,104.073
2026-06-27 19:00:00,M16,0.0,67.023,2.29,104.295
2026-06-27 20:00:00,M16,0.0,67.71,2.351,105.728
2026-06-27 21:00:00,M16,0.0,66.989,2.313,105.979
2026-06-27 22:00:00,M16,0.0,68.713,2.337,103.058
2026-06-27 23:00:00,M16,0.0,70.964,2.416,102.777
2026-06-28 00:00:00,M16,0.0,66.801,2.381,103.203
2026-06-28 01:00:00,M16,0.0,70.731,2.419,103.24
2026-06-28 02:00:00,M16,0.0,69.42,2.652,103.205
2026-06-28 03:00:00,M16,0.0,69.484,2.369,103.354
2026-06-28 04:00:00,M16,0.0,71.014,2.471,105.852
2026-06-28 05:00:00,M16,0.0,73.02,2.512,101.903
2026-06-28 06:00:00,M16,0.0,70.612,2.494,103.456
2026-06-28 07:00:00,M16,0.0,70.385,2.613,105.928
2026-06-28 08:00:00,M16,0.0,71.437,2.573,101.711
2026-06-28 09:00:00,M16,0.0,71.408,2.729,101.533
2026-06-28 10:00:00,M16,0.0,70.869,2.405,104.847
2026-06-28 11:00:00,M16,0.0,69.543,2.402,105.481
2026-06-28 12:00:00,M16,0.0,67.821,2.366,105.468
2026-06-28 13:00:00,M16,0.0,68.186,2.29,102.335
2026-06-28 14:00:00,M16,0.0,69.607,2.28,102.335
2026-06-28 15:00:00,M16,0.0,67.026,2.368,104.829
2026-06-28 16:00:00,M16,0.0,69.411,2.371,102.81
2026-06-28 17:00:00,M16,0.0,66.608,2.281,105.572
2026-06-28 18:00:00,M16,0.0,67.72,2.336,104.049
2026-06-28 19:00:00,M16,0.0,69.016,2.316,102.819
2026-06-28 20:00:00,M16,0.0,67.296,2.297,104.165
2026-06-28 21:00:00,M16,0.0,69.393,2.27,107.3
2026-06-28 22:00:00,M16,0.0,68.195,2.363,104.881
2026-06-28 23:00:00,M16,0.0,71.505,2.314,103.644
2026-06-29 00:00:00,M16,0.0,69.056,2.353,103.931
2026-06-29 01:00:00,M16,0.0,69.3,2.533,104.437
2026-06-29 02:00:00,M16,0.0,68.864,2.536,102.275
2026-06-29 03:00:00,M16,0.0,70.953,2.46,101.261
2026-06-29 04:00:00,M16,0.0,70.925,2.457,104.03
2026-06-29 05:00:00,M16,0.0,73.621,2.428,100.508
2026-06-29 06:00:00,M16,0.0,71.492,2.64,105.795
2026-06-29 07:00:00,M16,0.0,69.29,2.541,101.926
2026-06-29 08:00:00,M16,0.0,70.63,2.488,102.999
2026-06-29 09:00:00,M16,0.0,68.602,2.395,102.075
2026-06-29 10:00:00,M16,0.0,72.212,2.399,104.126
2026-06-29 11:00:00,M16,0.0,70.299,2.486,102.419
2026-06-29 12:00:00,M16,0.0,71.309,2.317,101.693
2026-06-29 13:00:00,M16,0.0,69.42,2.408,103.096
2026-06-29 14:00:00,M16,0.0,67.934,2.478,102.208
2026-06-29 15:00:00,M16,0.0,68.605,2.263,105.376
2026-06-29 16:00:00,M16,0.0,69.123,2.326,101.86
2026-06-29 17:00:00,M16,0.0,69.867,2.304,104.777
2026-06-29 18:00:00,M16,0.0,67.707,2.388,103.844
2026-06-29 19:00:00,M16,0.0,66.413,2.248,102.593
2026-06-29 20:00:00,M16,0.0,69.731,2.3,103.62
2026-06-29 21:00:00,M16,0.0,66.802,2.322,101.98
2026-06-29 22:00:00,M16,0.0,68.178,2.338,103.122
2026-06-29 23:00:00,M16,0.0,70.349,2.396,103.802
2026-06-15 23:00:00,M17,0.0001,68.255,2.369,89.766
2026-06-16 00:00:00,M17,0.0001,66.187,2.179,91.577
2026-06-16 01:00:00,M17,0.0001,67.165,2.22,90.324
2026-06-16 02:00:00,M17,0.0001,67.233,2.225,89.538
2026-06-16 03:00:00,M17,0.0001,68.149,2.251,92.973
2026-06-16 04:00:00,M17,0.0001,70.572,2.358,89.072
2026-06-16 05:00:00,M17,0.0001,69.773,2.297,90.905
2026-06-16 06:00:00,M17,0.0001,67.957,2.276,90.146
2026-06-16 07:00:00,M17,0.0001,70.745,2.381,90.338
2026-06-16 08:00:00,M17,0.0001,70.08,2.351,92.266
2026-06-16 09:00:00,M17,0.0001,70.529,2.376,89.044
2026-06-16 10:00:00,M17,0.0002,69.385,2.313,90.823
2026-06-16 11:00:00,M17,0.0002,67.819,2.378,87.826
2026-06-16 12:00:00,M17,0.0001,66.407,2.256,90.165
2026-06-16 13:00:00,M17,0.0001,66.943,2.111,94.222
2026-06-16 14:00:00,M17,0.0001,67.263,2.187,90.714
2026-06-16 15:00:00,M17,0.0001,66.328,2.137,92.265
2026-06-16 16:00:00,M17,0.0001,64.824,2.13,91.077
2026-06-16 17:00:00,M17,0.0001,68.845,2.207,92.579
2026-06-16 18:00:00,M17,0.0001,65.991,2.124,91.912
2026-06-16 19:00:00,M17,0.0001,65.53,2.141,92.118
2026-06-16 20:00:00,M17,0.0001,65.681,2.142,92.997
2026-06-16 21:00:00,M17,0.0001,66.154,2.354,92.336
2026-06-16 22:00:00,M17,0.0002,70.47,2.216,91.7
2026-06-16 23:00:00,M17,0.0001,66.029,2.239,89.259
2026-06-17 00:00:00,M17,0.0001,70.105,2.213,88.703
2026-06-17 01:00:00,M17,0.0002,68.803,2.223,91.164
2026-06-17 02:00:00,M17,0.0001,69.607,2.378,87.077
2026-06-17 03:00:00,M17,0.0001,68.47,2.261,90.098
2026-06-17 04:00:00,M17,0.0,67.394,2.29,87.412
2026-06-17 05:00:00,M17,0.0,68.434,2.314,90.083
2026-06-17 06:00:00,M17,0.0,69.28,2.302,92.089
2026-06-17 07:00:00,M17,0.0001,70.271,2.277,91.694
2026-06-17 08:00:00,M17,0.0,69.785,2.275,91.693
2026-06-17 09:00:00,M17,0.0001,71.932,2.472,90.927
2026-06-17 10:00:00,M17,0.0001,70.053,2.274,89.54
2026-06-17 11:00:00,M17,0.0001,67.149,2.249,91.333
2026-06-17 12:00:00,M17,0.0001,67.973,2.224,91.088
2026-06-17 13:00:00,M17,0.0001,68.093,2.143,91.534
2026-06-17 14:00:00,M17,0.0001,69.726,2.181,89.491
2026-06-17 15:00:00,M17,0.0001,67.088,2.231,95.265
2026-06-17 16:00:00,M17,0.0001,66.066,2.085,92.345
2026-06-17 17:00:00,M17,0.0001,66.213,2.147,92.721
2026-06-17 18:00:00,M17,0.0001,67.418,2.082,92.852
2026-06-17 19:00:00,M17,0.0,66.934,2.156,92.769
2026-06-17 20:00:00,M17,0.0,67.882,2.14,91.623
2026-06-17 21:00:00,M17,0.0,66.634,2.178,91.272
2026-06-17 22:00:00,M17,0.0,68.169,2.185,91.101
2026-06-17 23:00:00,M17,0.0,67.928,2.217,88.225
2026-06-18 00:00:00,M17,0.0,68.338,2.218,93.738
2026-06-18 01:00:00,M17,0.0,68.775,2.332,91.279
2026-06-18 02:00:00,M17,0.0001,67.858,2.462,91.394
2026-06-18 03:00:00,M17,0.0001,67.835,2.467,89.431
2026-06-18 04:00:00,M17,0.0001,70.24,2.374,93.385
2026-06-18 05:00:00,M17,0.0,69.365,2.316,91.571
2026-06-18 06:00:00,M17,0.0,71.4,2.452,90.193
2026-06-18 07:00:00,M17,0.0,68.606,2.283,89.894
2026-06-18 08:00:00,M17,0.0001,67.772,2.321,88.084
2026-06-18 09:00:00,M17,0.0,72.203,2.279,89.49
2026-06-18 10:00:00,M17,0.0001,68.712,2.286,90.117
2026-06-18 11:00:00,M17,0.0,69.126,2.181,91.504
2026-06-18 12:00:00,M17,0.0,68.982,2.255,89.35
2026-06-18 13:00:00,M17,0.0,69.93,2.268,90.732
2026-06-18 14:00:00,M17,0.0001,65.795,2.267,89.059
2026-06-18 15:00:00,M17,0.0001,66.624,2.23,92.72
2026-06-18 16:00:00,M17,0.0,67.527,2.142,90.254
2026-06-18 17:00:00,M17,0.0,66.176,2.128,92.799
2026-06-18 18:00:00,M17,0.0,68.041,2.214,91.661
2026-06-18 19:00:00,M17,0.0,68.041,2.054,91.382
2026-06-18 20:00:00,M17,0.0,66.197,2.226,91.111
2026-06-18 21:00:00,M17,0.0,67.533,2.196,88.7
2026-06-18 22:00:00,M17,0.0,69.386,2.17,90.086
2026-06-18 23:00:00,M17,0.0,68.203,2.276,87.204
2026-06-19 00:00:00,M17,0.0,69.219,2.388,93.206
2026-06-19 01:00:00,M17,0.0,67.316,2.235,90.065
2026-06-19 02:00:00,M17,0.0,68.504,2.284,91.427
2026-06-19 03:00:00,M17,0.0,71.198,2.306,88.613
2026-06-19 04:00:00,M17,0.0,68.35,2.322,91.744
2026-06-19 05:00:00,M17,0.0001,71.735,2.3,89.195
2026-06-19 06:00:00,M17,0.0,69.379,2.268,91.543
2026-06-19 07:00:00,M17,0.0,71.037,2.291,92.256
2026-06-19 08:00:00,M17,0.0001,71.553,2.363,89.234
2026-06-19 09:00:00,M17,0.0001,69.345,2.281,87.677
2026-06-19 10:00:00,M17,0.0002,66.258,2.245,90.253
2026-06-19 11:00:00,M17,0.0,68.801,2.281,91.409
2026-06-19 12:00:00,M17,0.0,67.423,2.167,90.126
2026-06-19 13:00:00,M17,0.0,67.611,2.26,92.498
2026-06-19 14:00:00,M17,0.0,66.14,2.228,89.134
2026-06-19 15:00:00,M17,0.0,68.641,2.256,88.169
2026-06-19 16:00:00,M17,0.0,67.039,2.108,89.706
2026-06-19 17:00:00,M17,0.0,66.733,2.227,89.671
2026-06-19 18:00:00,M17,0.0,68.575,2.119,93.622
2026-06-19 19:00:00,M17,0.0,66.335,2.225,90.449
2026-06-19 20:00:00,M17,0.0,67.802,2.094,90.9
2026-06-19 21:00:00,M17,0.0,67.773,2.219,92.892
2026-06-19 22:00:00,M17,0.0,67.036,2.257,92.091
2026-06-19 23:00:00,M17,0.0,68.356,2.204,89.702
2026-06-20 00:00:00,M17,0.0,68.311,2.304,89.786
2026-06-20 01:00:00,M17,0.0,69.92,2.239,90.707
2026-06-20 02:00:00,M17,0.0,68.669,2.311,89.601
2026-06-20 03:00:00,M17,0.0,68.839,2.443,89.889
2026-06-20 04:00:00,M17,0.0,67.588,2.246,89.436
2026-06-20 05:00:00,M17,0.0,70.651,2.314,90.615
2026-06-20 06:00:00,M17,0.0001,68.206,2.395,93.562
2026-06-20 07:00:00,M17,0.0003,71.873,2.41,88.957
2026-06-20 08:00:00,M17,0.0002,70.856,2.338,86.772
2026-06-20 09:00:00,M17,0.0001,68.878,2.24,91.107
2026-06-20 10:00:00,M17,0.0,68.319,2.275,90.996
2026-06-20 11:00:00,M17,0.0,68.848,2.291,89.265
2026-06-20 12:00:00,M17,0.0,70.733,2.302,90.532
2026-06-20 13:00:00,M17,0.0,68.72,2.168,91.476
2026-06-20 14:00:00,M17,0.0001,68.924,2.849,91.149
2026-06-20 15:00:00,M17,0.0001,67.087,2.11,88.301
2026-06-20 16:00:00,M17,0.0001,68.041,2.122,91.592
2026-06-20 17:00:00,M17,0.0001,64.18,2.073,92.122
2026-06-20 18:00:00,M17,0.0001,68.552,2.151,92.763
2026-06-20 19:00:00,M17,0.0001,64.724,2.214,93.594
2026-06-20 20:00:00,M17,0.0001,67.985,2.271,92.615
2026-06-20 21:00:00,M17,0.0001,67.5,2.343,91.851
2026-06-20 22:00:00,M17,0.0001,67.061,2.175,90.076
2026-06-20 23:00:00,M17,0.0001,68.088,2.169,89.351
2026-06-21 00:00:00,M17,0.0001,66.9,2.184,89.255
2026-06-21 01:00:00,M17,0.0001,69.086,2.306,89.806
2026-06-21 02:00:00,M17,0.0001,69.179,2.249,91.281
2026-06-21 03:00:00,M17,0.0001,71.145,2.33,88.675
2026-06-21 04:00:00,M17,0.0001,69.442,2.313,90.444
2026-06-21 05:00:00,M17,0.0001,68.339,2.34,90.325
2026-06-21 06:00:00,M17,0.0003,70.356,2.309,91.126
2026-06-21 07:00:00,M17,0.0002,69.754,2.291,90.665
2026-06-21 08:00:00,M17,0.0002,68.544,2.392,89.92
2026-06-21 09:00:00,M17,0.0004,66.857,2.318,85.742
2026-06-21 10:00:00,M17,0.0003,68.814,2.436,91.477
2026-06-21 11:00:00,M17,0.0002,66.718,2.223,92.66
2026-06-21 12:00:00,M17,0.0004,67.162,2.301,91.205
2026-06-21 13:00:00,M17,0.0005,68.602,2.303,90.791
2026-06-21 14:00:00,M17,0.0003,68.122,2.122,90.655
2026-06-21 15:00:00,M17,0.0001,67.271,2.093,89.102
2026-06-21 16:00:00,M17,0.0002,65.043,2.153,90.417
2026-06-21 17:00:00,M17,0.0001,66.939,2.132,90.277
2026-06-21 18:00:00,M17,0.0002,67.545,2.111,92.854
2026-06-21 19:00:00,M17,0.0002,65.853,2.35,91.247
2026-06-21 20:00:00,M17,0.0003,68.065,2.064,89.349
2026-06-21 21:00:00,M17,0.0003,67.17,2.14,88.99
2026-06-21 22:00:00,M17,0.0002,68.24,2.147,90.08
2026-06-21 23:00:00,M17,0.0002,68.651,2.296,89.816
2026-06-22 00:00:00,M17,0.0002,69.745,2.332,92.138
2026-06-22 01:00:00,M17,0.0001,68.031,2.32,89.197
2026-06-22 02:00:00,M17,0.0003,69.065,2.235,90.026
2026-06-22 03:00:00,M17,0.0001,69.973,2.302,90.548
2026-06-22 04:00:00,M17,0.0001,70.094,2.397,88.023
2026-06-22 05:00:00,M17,0.0001,69.208,2.253,86.216
2026-06-22 06:00:00,M17,0.0001,68.51,2.349,91.273
2026-06-22 07:00:00,M17,0.0,67.618,2.314,89.707
2026-06-22 08:00:00,M17,0.0001,69.394,2.411,91.955
2026-06-22 09:00:00,M17,0.0001,68.502,2.404,89.872
2026-06-22 10:00:00,M17,0.0001,70.598,2.291,91.216
2026-06-22 11:00:00,M17,0.0001,69.359,2.24,92.703
2026-06-22 12:00:00,M17,0.0001,67.703,2.206,89.139
2026-06-22 13:00:00,M17,0.0001,68.988,2.322,88.483
2026-06-22 14:00:00,M17,0.0002,67.356,2.258,90.426
2026-06-22 15:00:00,M17,0.0001,68.944,2.183,89.552
2026-06-22 16:00:00,M17,0.0001,64.907,2.174,91.231
2026-06-22 17:00:00,M17,0.0001,67.717,2.23,91.373
2026-06-22 18:00:00,M17,0.0007,65.361,2.353,92.655
2026-06-22 19:00:00,M17,0.0001,67.861,2.188,89.231
2026-06-22 20:00:00,M17,0.0002,66.326,2.2,93.08
2026-06-22 21:00:00,M17,0.0011,64.428,2.26,90.791
2026-06-22 22:00:00,M17,0.0009,68.313,2.287,90.012
2026-06-22 23:00:00,M17,0.0002,70.725,2.417,92.27
2026-06-23 00:00:00,M17,0.0008,66.726,2.171,89.145
2026-06-23 01:00:00,M17,0.0011,66.465,2.272,90.193
2026-06-23 02:00:00,M17,0.0023,69.079,2.372,88.553
2026-06-23 03:00:00,M17,0.0003,70.1,2.262,91.809
2026-06-23 04:00:00,M17,0.001,68.035,2.319,89.864
2026-06-23 05:00:00,M17,0.0012,69.314,2.386,91.31
2026-06-23 06:00:00,M17,0.0017,68.753,2.371,89.483
2026-06-23 07:00:00,M17,0.001,69.393,2.357,89.582
2026-06-23 08:00:00,M17,0.0008,69.543,2.425,88.301
2026-06-23 09:00:00,M17,0.0013,67.903,2.446,90.86
2026-06-23 10:00:00,M17,0.0016,68.036,2.23,88.495
2026-06-23 11:00:00,M17,0.0021,66.521,2.302,90.103
2026-06-23 12:00:00,M17,0.0019,68.77,2.274,91.601
2026-06-23 13:00:00,M17,0.002,64.713,2.117,93.072
2026-06-23 14:00:00,M17,0.0019,67.103,2.284,89.127
2026-06-23 15:00:00,M17,0.0014,67.876,2.286,92.048
2026-06-23 16:00:00,M17,0.0021,67.571,2.1,92.596
2026-06-23 17:00:00,M17,0.0004,65.306,2.076,94.068
2026-06-23 18:00:00,M17,0.0011,67.065,2.106,92.026
2026-06-23 19:00:00,M17,0.0008,66.799,2.237,90.804
2026-06-23 20:00:00,M17,0.0008,69.828,2.242,93.342
2026-06-23 21:00:00,M17,0.0008,65.851,2.198,91.858
2026-06-23 22:00:00,M17,0.0008,68.317,2.244,90.91
2026-06-23 23:00:00,M17,0.0008,67.969,2.293,91.672
2026-06-24 00:00:00,M17,0.0049,68.212,2.706,89.734
2026-06-24 01:00:00,M17,0.0103,68.433,2.319,89.867
2026-06-24 02:00:00,M17,0.0027,68.392,2.391,88.007
2026-06-24 03:00:00,M17,0.0032,67.302,2.281,90.175
2026-06-24 04:00:00,M17,0.0024,66.8,2.26,87.501
2026-06-24 05:00:00,M17,0.0016,67.345,2.52,88.141
2026-06-24 06:00:00,M17,0.0023,69.455,2.319,87.097
2026-06-24 07:00:00,M17,0.0052,72.713,2.443,87.097
2026-06-24 08:00:00,M17,0.0025,71.034,2.472,89.814
2026-06-24 09:00:00,M17,0.0208,69.025,2.353,85.229
2026-06-24 10:00:00,M17,0.0094,66.632,2.302,87.993
2026-06-24 11:00:00,M17,0.0043,66.529,2.299,93.012
2026-06-24 12:00:00,M17,0.0036,67.586,2.344,89.071
2026-06-24 13:00:00,M17,0.0096,67.448,2.292,92.154
2026-06-24 14:00:00,M17,0.0051,68.147,2.119,91.288
2026-06-24 15:00:00,M17,0.0033,67.905,2.259,89.199
2026-06-24 16:00:00,M17,0.0044,66.974,2.11,91.699
2026-06-24 17:00:00,M17,0.0069,66.752,2.19,92.788
2026-06-24 18:00:00,M17,0.0049,64.587,2.17,90.409
2026-06-24 19:00:00,M17,0.0057,66.409,2.35,90.707
2026-06-24 20:00:00,M17,0.0052,64.997,2.243,90.44
2026-06-24 21:00:00,M17,0.0054,68.554,2.198,90.909
2026-06-24 22:00:00,M17,0.0071,66.987,2.079,93.499
2026-06-24 23:00:00,M17,0.0052,68.395,2.287,91.672
2026-06-25 00:00:00,M17,0.0037,67.367,2.27,90.133
2026-06-25 01:00:00,M17,0.0023,70.006,2.299,92.476
2026-06-25 02:00:00,M17,0.0025,69.328,2.232,90.518
2026-06-25 03:00:00,M17,0.0027,69.309,2.416,90.28
2026-06-25 04:00:00,M17,0.0018,70.133,2.288,89.601
2026-06-25 05:00:00,M17,0.0005,67.096,2.293,90.3
2026-06-25 06:00:00,M17,0.0034,69.366,2.512,91.409
2026-06-25 07:00:00,M17,0.0015,67.296,2.295,91.409
2026-06-25 08:00:00,M17,0.0012,71.171,2.333,89.749
2026-06-25 09:00:00,M17,0.0048,71.191,2.279,91.932
2026-06-25 10:00:00,M17,0.0022,68.891,2.352,89.676
2026-06-25 11:00:00,M17,0.0028,68.096,2.213,91.329
2026-06-25 12:00:00,M17,0.0017,67.981,2.188,88.1
2026-06-25 13:00:00,M17,0.0024,68.264,2.157,89.837
2026-06-25 14:00:00,M17,0.0026,68.202,2.236,91.014
2026-06-25 15:00:00,M17,0.0015,67.338,2.277,91.067
2026-06-25 16:00:00,M17,0.0019,65.999,2.065,89.819
2026-06-25 17:00:00,M17,0.0016,66.178,2.083,90.786
2026-06-25 18:00:00,M17,0.0014,67.796,2.091,89.212
2026-06-25 19:00:00,M17,0.0017,67.068,2.189,89.842
2026-06-25 20:00:00,M17,0.0011,67.046,2.225,92.816
2026-06-25 21:00:00,M17,0.0016,67.252,2.23,90.907
2026-06-25 22:00:00,M17,0.0012,68.341,2.187,92.202
2026-06-25 23:00:00,M17,0.0015,67.645,2.22,91.224
2026-06-26 00:00:00,M17,0.0012,69.243,2.3,92.017
2026-06-26 01:00:00,M17,0.0011,68.102,2.267,90.925
2026-06-26 02:00:00,M17,0.0009,67.739,2.248,89.639
2026-06-26 03:00:00,M17,0.0009,68.518,2.386,88.327
2026-06-26 04:00:00,M17,0.0012,70.232,2.27,91.241
2026-06-26 05:00:00,M17,0.0011,67.36,2.332,89.064
2026-06-26 06:00:00,M17,0.0001,68.906,2.393,89.722
2026-06-26 07:00:00,M17,0.0002,69.5,2.362,90.959
2026-06-26 08:00:00,M17,0.0001,68.812,2.252,90.975
2026-06-26 09:00:00,M17,0.0002,67.204,2.431,88.678
2026-06-26 10:00:00,M17,0.0002,71.422,2.243,88.009
2026-06-26 11:00:00,M17,0.0004,66.769,2.321,88.233
2026-06-26 12:00:00,M17,0.0003,66.867,2.247,88.19
2026-06-26 13:00:00,M17,0.0004,69.168,2.224,93.328
2026-06-26 14:00:00,M17,0.0008,69.403,2.137,93.503
2026-06-26 15:00:00,M17,0.0005,68.175,2.266,91.172
2026-06-26 16:00:00,M17,0.0006,64.214,2.107,90.823
2026-06-26 17:00:00,M17,0.0004,65.89,2.15,89.363
2026-06-26 18:00:00,M17,0.0004,66.406,2.112,90.053
2026-06-26 19:00:00,M17,0.0003,68.512,2.19,88.926
2026-06-26 20:00:00,M17,0.0004,67.012,2.066,93.136
2026-06-26 21:00:00,M17,0.0004,66.63,2.129,88.547
2026-06-26 22:00:00,M17,0.0004,66.99,2.486,92.023
2026-06-26 23:00:00,M17,0.0004,68.296,2.292,91.349
2026-06-27 00:00:00,M17,0.0003,67.083,2.209,91.43
2026-06-27 01:00:00,M17,0.0003,66.382,2.175,90.558
2026-06-27 02:00:00,M17,0.0022,70.295,2.622,90.301
2026-06-27 03:00:00,M17,0.0048,68.471,2.231,91.975
2026-06-27 04:00:00,M17,0.0045,68.845,2.272,90.013
2026-06-27 05:00:00,M17,0.0033,69.713,2.29,88.571
2026-06-27 06:00:00,M17,0.0034,71.66,2.432,91.577
2026-06-27 07:00:00,M17,0.0054,68.647,2.324,92.599
2026-06-27 08:00:00,M17,0.0025,67.374,2.277,90.507
2026-06-27 09:00:00,M17,0.004,70.536,2.252,91.248
2026-06-27 10:00:00,M17,0.0057,68.532,2.243,89.578
2026-06-27 11:00:00,M17,0.0021,68.026,2.172,90.975
2026-06-27 12:00:00,M17,0.0026,68.564,2.231,90.53
2026-06-27 13:00:00,M17,0.0023,67.743,2.222,91.618
2026-06-27 14:00:00,M17,0.0016,68.292,2.471,90.727
2026-06-27 15:00:00,M17,0.0009,67.076,2.193,91.506
2026-06-27 16:00:00,M17,0.0041,66.665,2.127,94.456
2026-06-27 17:00:00,M17,0.0032,66.926,2.083,91.466
2026-06-27 18:00:00,M17,0.0023,66.444,2.218,93.342
2026-06-27 19:00:00,M17,0.003,64.987,2.116,92.075
2026-06-27 20:00:00,M17,0.0024,68.185,2.114,92.309
2026-06-27 21:00:00,M17,0.0013,68.237,2.257,90.529
2026-06-27 22:00:00,M17,0.0017,66.555,2.293,93.221
2026-06-27 23:00:00,M17,0.002,70.201,2.298,89.165
2026-06-28 00:00:00,M17,0.0022,67.175,2.332,89.99
2026-06-28 01:00:00,M17,0.0027,68.714,2.263,93.636
2026-06-28 02:00:00,M17,0.0005,69.589,2.253,89.852
2026-06-28 03:00:00,M17,0.0005,68.005,2.335,92.21
2026-06-28 04:00:00,M17,0.0006,67.882,2.335,90.949
2026-06-28 05:00:00,M17,0.0005,69.021,2.346,92.065
2026-06-28 06:00:00,M17,0.0044,72.286,2.763,89.178
2026-06-28 07:00:00,M17,0.004,70.051,2.276,91.498
2026-06-28 08:00:00,M17,0.004,70.627,2.314,89.291
2026-06-28 09:00:00,M17,0.0044,68.448,2.352,89.327
2026-06-28 10:00:00,M17,0.0027,68.419,2.183,86.557
2026-06-28 11:00:00,M17,0.006,68.205,2.302,89.512
2026-06-28 12:00:00,M17,0.0017,68.824,2.188,91.82
2026-06-28 13:00:00,M17,0.0099,69.365,2.982,89.906
2026-06-28 14:00:00,M17,0.0008,68.273,2.278,90.333
2026-06-28 15:00:00,M17,0.0007,68.16,2.175,90.657
2026-06-28 16:00:00,M17,0.0014,65.638,2.122,92.173
2026-06-28 17:00:00,M17,0.0006,66.606,2.113,90.513
2026-06-28 18:00:00,M17,0.0014,67.606,2.222,92.146
2026-06-28 19:00:00,M17,0.0013,66.505,2.248,91.177
2026-06-28 20:00:00,M17,0.0012,64.692,2.085,91.886
2026-06-28 21:00:00,M17,0.001,68.491,2.15,90.878
2026-06-28 22:00:00,M17,0.0006,67.459,2.143,89.869
2026-06-28 23:00:00,M17,0.001,68.34,2.155,91.298
2026-06-29 00:00:00,M17,0.0006,68.864,2.201,88.972
2026-06-29 01:00:00,M17,0.0006,69.126,2.267,90.727
2026-06-29 02:00:00,M17,0.0011,71.528,2.438,91.172
2026-06-29 03:00:00,M17,0.005,71.751,2.531,87.084
2026-06-29 04:00:00,M17,0.1644,73.871,2.848,89.652
2026-06-29 05:00:00,M17,0.7477,74.01,3.003,86.21
2026-06-29 06:00:00,M17,0.8854,77.24,3.35,84.948
2026-06-29 07:00:00,M17,0.9999,80.079,3.688,82.737
2026-06-29 08:00:00,M17,1.0,81.78,4.559,82.116
2026-06-29 09:00:00,M17,1.0,83.477,4.389,82.28
2026-06-29 10:00:00,M17,1.0,87.739,4.853,75.848
2026-06-15 23:00:00,M18,0.0,70.918,1.942,99.891
2026-06-16 00:00:00,M18,0.0,70.057,2.072,98.991
2026-06-16 01:00:00,M18,0.0,70.94,2.629,100.533
2026-06-16 02:00:00,M18,0.0,69.256,2.218,96.358
2026-06-16 03:00:00,M18,0.0,68.228,2.226,96.557
2026-06-16 04:00:00,M18,0.0,67.038,2.012,99.569
2026-06-16 05:00:00,M18,0.0,71.012,2.115,98.368
2026-06-16 06:00:00,M18,0.0,70.841,2.049,94.433
2026-06-16 07:00:00,M18,0.0,65.752,2.068,97.788
2026-06-16 08:00:00,M18,0.0,74.839,2.158,99.707
2026-06-16 09:00:00,M18,0.0,69.166,1.995,97.734
2026-06-16 10:00:00,M18,0.0,69.974,2.04,99.14
2026-06-16 11:00:00,M18,0.0,70.594,1.989,98.216
2026-06-16 12:00:00,M18,0.0,67.747,2.001,97.769
2026-06-16 13:00:00,M18,0.0,67.345,2.005,98.981
2026-06-16 14:00:00,M18,0.0,68.471,2.0,97.133
2026-06-16 15:00:00,M18,0.0,67.731,1.857,101.216
2026-06-16 16:00:00,M18,0.0,67.03,1.933,98.263
2026-06-16 17:00:00,M18,0.0,68.044,1.903,101.02
2026-06-16 18:00:00,M18,0.0,67.446,1.965,99.646
2026-06-16 19:00:00,M18,0.0,69.267,1.895,97.571
2026-06-16 20:00:00,M18,0.0,67.801,1.839,100.913
2026-06-16 21:00:00,M18,0.0,66.984,1.988,99.275
2026-06-16 22:00:00,M18,0.0,69.519,1.971,99.613
2026-06-16 23:00:00,M18,0.0,68.618,2.023,99.615
2026-06-17 00:00:00,M18,0.0,70.464,2.018,99.227
2026-06-17 01:00:00,M18,0.0,66.907,2.165,98.308
2026-06-17 02:00:00,M18,0.0,70.101,2.006,97.214
2026-06-17 03:00:00,M18,0.0,69.528,1.971,95.492
2026-06-17 04:00:00,M18,0.0,70.776,2.115,100.934
2026-06-17 05:00:00,M18,0.0,71.917,2.108,97.234
2026-06-17 06:00:00,M18,0.0,73.425,2.094,97.882
2026-06-17 07:00:00,M18,0.0,72.834,2.052,100.308
2026-06-17 08:00:00,M18,0.0,70.638,2.169,97.64
2026-06-17 09:00:00,M18,0.0,71.618,2.176,97.165
2026-06-17 10:00:00,M18,0.0,70.832,2.078,97.956
2026-06-17 11:00:00,M18,0.0,68.556,2.015,97.666
2026-06-17 12:00:00,M18,0.0,69.939,1.937,96.252
2026-06-17 13:00:00,M18,0.0,67.245,1.886,98.742
2026-06-17 14:00:00,M18,0.0,69.356,1.957,99.87
2026-06-17 15:00:00,M18,0.0,66.792,1.853,98.876
2026-06-17 16:00:00,M18,0.0,70.18,1.87,97.88
2026-06-17 17:00:00,M18,0.0,68.991,1.85,99.849
2026-06-17 18:00:00,M18,0.0,67.106,1.894,100.23
2026-06-17 19:00:00,M18,0.0,66.988,1.823,97.154
2026-06-17 20:00:00,M18,0.0,67.026,1.864,99.659
2026-06-17 21:00:00,M18,0.0,71.301,1.986,97.203
2026-06-17 22:00:00,M18,0.0,66.689,1.949,99.168
2026-06-17 23:00:00,M18,0.0,68.235,2.015,96.087
2026-06-18 00:00:00,M18,0.0,67.696,2.028,99.601
2026-06-18 01:00:00,M18,0.0,68.287,1.959,97.905
2026-06-18 02:00:00,M18,0.0,69.158,2.046,97.515
2026-06-18 03:00:00,M18,0.0,70.921,2.169,100.13
2026-06-18 04:00:00,M18,0.0,69.027,2.13,95.69
2026-06-18 05:00:00,M18,0.0,71.063,2.034,100.325
2026-06-18 06:00:00,M18,0.0,70.408,2.132,100.325
2026-06-18 07:00:00,M18,0.0,71.717,2.094,99.494
2026-06-18 08:00:00,M18,0.0,69.917,2.098,98.742
2026-06-18 09:00:00,M18,0.0,69.559,2.12,99.506
2026-06-18 10:00:00,M18,0.0,69.03,2.024,97.776
2026-06-18 11:00:00,M18,0.0,69.406,2.299,98.86
2026-06-18 12:00:00,M18,0.0,67.775,1.991,100.697
2026-06-18 13:00:00,M18,0.0,70.531,1.9,97.948
2026-06-18 14:00:00,M18,0.0,68.622,1.927,96.226
2026-06-18 15:00:00,M18,0.0,67.537,2.076,102.109
2026-06-18 16:00:00,M18,0.0,65.926,2.019,98.824
2026-06-18 17:00:00,M18,0.0,67.742,2.038,96.821
2026-06-18 18:00:00,M18,0.0,65.675,1.932,101.967
2026-06-18 19:00:00,M18,0.0,70.025,1.826,100.04
2026-06-18 20:00:00,M18,0.0,67.827,2.006,100.757
2026-06-18 21:00:00,M18,0.0,66.423,1.938,101.812
2026-06-18 22:00:00,M18,0.0,70.128,1.946,98.079
2026-06-18 23:00:00,M18,0.0,67.517,2.007,96.519
2026-06-19 00:00:00,M18,0.0,69.464,1.978,98.587
2026-06-19 01:00:00,M18,0.0,69.112,1.961,96.275
2026-06-19 02:00:00,M18,0.0,68.878,2.014,97.679
2026-06-19 03:00:00,M18,0.0,70.391,2.034,96.654
2026-06-19 04:00:00,M18,0.0,72.689,2.266,97.216
2026-06-19 05:00:00,M18,0.0,69.343,2.13,97.021
2026-06-19 06:00:00,M18,0.0,71.303,2.041,97.966
2026-06-19 07:00:00,M18,0.0,72.016,2.142,95.956
2026-06-19 08:00:00,M18,0.0,72.324,2.148,95.469
2026-06-19 09:00:00,M18,0.0,69.583,2.126,98.218
2026-06-19 10:00:00,M18,0.0,70.923,2.093,102.023
2026-06-19 11:00:00,M18,0.0,70.654,1.987,99.711
2026-06-19 12:00:00,M18,0.0,72.145,2.054,101.002
2026-06-19 13:00:00,M18,0.0,70.149,2.04,99.661
2026-06-19 14:00:00,M18,0.0,67.969,1.921,98.354
2026-06-19 15:00:00,M18,0.0,67.272,1.813,101.784
2026-06-19 16:00:00,M18,0.0,66.404,1.802,100.539
2026-06-19 17:00:00,M18,0.0,68.563,1.886,99.665
2026-06-19 18:00:00,M18,0.0,67.445,1.996,99.369
2026-06-19 19:00:00,M18,0.0,68.659,1.944,98.637
2026-06-19 20:00:00,M18,0.0,66.043,1.876,99.353
2026-06-19 21:00:00,M18,0.0,67.903,1.953,101.285
2026-06-19 22:00:00,M18,0.0,67.047,1.953,97.028
2026-06-19 23:00:00,M18,0.0,70.657,1.936,100.482
2026-06-20 00:00:00,M18,0.0,69.102,2.022,98.133
2026-06-20 01:00:00,M18,0.0,72.695,2.153,99.671
2026-06-20 02:00:00,M18,0.0,72.507,1.997,98.718
2026-06-20 03:00:00,M18,0.0,68.584,2.188,99.882
2026-06-20 04:00:00,M18,0.0,69.92,2.153,96.626
2026-06-20 05:00:00,M18,0.0,69.72,2.019,98.174
2026-06-20 06:00:00,M18,0.0,71.135,2.278,96.957
2026-06-20 07:00:00,M18,0.0,71.039,2.161,96.465
2026-06-20 08:00:00,M18,0.0,72.016,2.057,99.056
2026-06-20 09:00:00,M18,0.0,70.278,2.036,100.151
2026-06-20 10:00:00,M18,0.0,68.936,2.02,100.297
2026-06-20 11:00:00,M18,0.0,70.379,2.19,96.833
2026-06-20 12:00:00,M18,0.0,68.928,1.954,99.098
2026-06-20 13:00:00,M18,0.0,68.207,1.921,98.252
2026-06-20 14:00:00,M18,0.0,67.644,1.996,100.914
2026-06-20 15:00:00,M18,0.0,68.885,2.129,99.484
2026-06-20 16:00:00,M18,0.0,69.262,1.983,95.968
2026-06-20 17:00:00,M18,0.0,68.814,1.89,96.925
2026-06-20 18:00:00,M18,0.0,66.544,2.189,100.766
2026-06-20 19:00:00,M18,0.0,68.249,1.864,99.598
2026-06-20 20:00:00,M18,0.0,69.275,1.908,96.271
2026-06-20 21:00:00,M18,0.0,68.352,2.083,99.267
2026-06-20 22:00:00,M18,0.0,65.735,1.936,98.638
2026-06-20 23:00:00,M18,0.0,68.34,2.076,98.293
2026-06-21 00:00:00,M18,0.0,70.989,1.962,99.522
2026-06-21 01:00:00,M18,0.0,67.69,1.939,94.78
2026-06-21 02:00:00,M18,0.0,71.172,2.064,98.281
2026-06-21 03:00:00,M18,0.0,70.54,2.071,98.883
2026-06-21 04:00:00,M18,0.0,71.63,2.055,100.919
2026-06-21 05:00:00,M18,0.0,66.99,2.043,96.358
2026-06-21 06:00:00,M18,0.0,68.934,2.155,96.904
2026-06-21 07:00:00,M18,0.0,66.994,2.177,97.837
2026-06-21 08:00:00,M18,0.0,70.888,2.148,98.14
2026-06-21 09:00:00,M18,0.0,70.923,2.118,96.327
2026-06-21 10:00:00,M18,0.0,68.139,2.097,98.091
2026-06-21 11:00:00,M18,0.0,67.56,2.311,93.81
2026-06-21 12:00:00,M18,0.0,67.779,1.926,96.612
2026-06-21 13:00:00,M18,0.0,69.098,1.901,99.654
2026-06-21 14:00:00,M18,0.0,66.925,2.042,98.023
2026-06-21 15:00:00,M18,0.0,66.848,1.942,98.62
2026-06-21 16:00:00,M18,0.0,69.522,1.879,101.206
2026-06-21 17:00:00,M18,0.0,68.353,1.895,99.499
2026-06-21 18:00:00,M18,0.0,67.269,1.913,99.522
2026-06-21 19:00:00,M18,0.0,67.541,1.87,97.164
2026-06-21 20:00:00,M18,0.0,69.963,1.996,100.469
2026-06-21 21:00:00,M18,0.0,68.324,2.007,98.867
2026-06-21 22:00:00,M18,0.0,68.859,2.023,101.38
2026-06-21 23:00:00,M18,0.0,68.687,1.959,99.83
2026-06-22 00:00:00,M18,0.0,65.353,1.971,99.207
2026-06-22 01:00:00,M18,0.0,70.149,2.099,97.17
2026-06-22 02:00:00,M18,0.0,71.133,2.026,97.859
2026-06-22 03:00:00,M18,0.0,69.724,2.241,98.642
2026-06-22 04:00:00,M18,0.0,69.908,2.18,97.221
2026-06-22 05:00:00,M18,0.0,73.193,2.106,96.886
2026-06-22 06:00:00,M18,0.0,73.781,2.064,98.432
2026-06-22 07:00:00,M18,0.0,71.339,2.184,100.15
2026-06-22 08:00:00,M18,0.0,68.818,2.255,98.262
2026-06-22 09:00:00,M18,0.0,72.202,2.062,101.039
2026-06-22 10:00:00,M18,0.0,72.081,1.982,98.771
2026-06-22 11:00:00,M18,0.0,70.419,2.178,98.477
2026-06-22 12:00:00,M18,0.0,69.545,1.972,101.765
2026-06-22 13:00:00,M18,0.0,73.85,2.082,97.902
2026-06-22 14:00:00,M18,0.0,67.029,2.023,99.579
2026-06-22 15:00:00,M18,0.0,67.838,2.051,99.434
2026-06-22 16:00:00,M18,0.0,67.948,1.923,99.007
2026-06-22 17:00:00,M18,0.0,68.085,2.075,105.057
2026-06-22 18:00:00,M18,0.0,67.818,1.965,97.131
2026-06-22 19:00:00,M18,0.0,67.407,1.838,100.234
2026-06-22 20:00:00,M18,0.0,68.576,1.897,100.763
2026-06-22 21:00:00,M18,0.0,69.231,2.03,99.712
2026-06-22 22:00:00,M18,0.0,68.814,1.917,99.891
2026-06-22 23:00:00,M18,0.0,69.533,2.392,98.863
2026-06-23 00:00:00,M18,0.0,71.07,2.026,97.592
2026-06-23 01:00:00,M18,0.0,69.135,2.059,97.289
2026-06-23 02:00:00,M18,0.0,70.056,2.025,97.35
2026-06-23 03:00:00,M18,0.0,71.375,2.148,97.579
2026-06-23 04:00:00,M18,0.0,69.269,2.1,98.839
2026-06-23 05:00:00,M18,0.0,70.912,2.127,97.381
2026-06-23 06:00:00,M18,0.0,72.305,2.183,97.367
2026-06-23 07:00:00,M18,0.0,69.536,2.072,99.447
2026-06-23 08:00:00,M18,0.0,69.075,2.028,99.229
2026-06-23 09:00:00,M18,0.0,71.815,2.062,98.936
2026-06-23 10:00:00,M18,0.0,68.243,2.11,96.91
2026-06-23 11:00:00,M18,0.0,71.841,2.043,99.014
2026-06-23 12:00:00,M18,0.0,68.82,1.94,98.759
2026-06-23 13:00:00,M18,0.0,71.253,2.003,98.104
2026-06-23 14:00:00,M18,0.0,66.589,2.042,97.776
2026-06-23 15:00:00,M18,0.0,66.381,1.921,99.623
2026-06-23 16:00:00,M18,0.0,67.761,1.894,97.53
2026-06-23 17:00:00,M18,0.0,68.744,1.864,100.159
2026-06-23 18:00:00,M18,0.0,66.825,1.874,98.901
2026-06-23 19:00:00,M18,0.0,69.965,1.966,97.781
2026-06-23 20:00:00,M18,0.0,67.207,2.042,99.321
2026-06-23 21:00:00,M18,0.0,66.239,1.932,100.709
2026-06-23 22:00:00,M18,0.0,70.661,1.964,96.903
2026-06-23 23:00:00,M18,0.0,71.46,2.114,99.791
2026-06-24 00:00:00,M18,0.0,68.72,1.99,97.999
2026-06-24 01:00:00,M18,0.0,69.224,2.018,98.418
2026-06-24 02:00:00,M18,0.0,68.918,2.025,96.995
2026-06-24 03:00:00,M18,0.0,70.14,2.094,97.726
2026-06-24 04:00:00,M18,0.0,70.523,2.088,95.859
2026-06-24 05:00:00,M18,0.0,70.506,2.085,95.988
2026-06-24 06:00:00,M18,0.0,67.806,2.062,96.105
2026-06-24 07:00:00,M18,0.0,68.982,2.078,97.351
2026-06-24 08:00:00,M18,0.0,71.472,2.084,97.011
2026-06-24 09:00:00,M18,0.0,71.444,2.085,98.503
2026-06-24 10:00:00,M18,0.0,67.307,2.016,98.337
2026-06-24 11:00:00,M18,0.0,72.559,2.083,99.449
2026-06-24 12:00:00,M18,0.0,67.684,2.076,99.824
2026-06-24 13:00:00,M18,0.0,68.641,1.91,99.242
2026-06-24 14:00:00,M18,0.0,68.923,1.944,96.928
2026-06-24 15:00:00,M18,0.0,67.993,1.86,101.359
2026-06-24 16:00:00,M18,0.0,67.993,1.84,97.609
2026-06-24 17:00:00,M18,0.0,67.464,1.863,97.739
2026-06-24 18:00:00,M18,0.0,66.318,1.923,99.942
2026-06-24 19:00:00,M18,0.0,67.174,1.847,98.422
2026-06-24 20:00:00,M18,0.0,67.232,1.884,98.518
2026-06-24 21:00:00,M18,0.0,68.567,1.878,100.452
2026-06-24 22:00:00,M18,0.0,70.17,2.088,98.663
2026-06-24 23:00:00,M18,0.0,70.862,2.138,98.768
2026-06-25 00:00:00,M18,0.0,70.579,2.022,99.118
2026-06-25 01:00:00,M18,0.0,69.833,1.944,97.701
2026-06-25 02:00:00,M18,0.0,68.705,2.19,98.347
2026-06-25 03:00:00,M18,0.0,70.437,2.214,98.886
2026-06-25 04:00:00,M18,0.0,70.605,2.164,99.099
2026-06-25 05:00:00,M18,0.0,70.845,2.202,99.411
2026-06-25 06:00:00,M18,0.0,70.631,2.163,97.25
2026-06-25 07:00:00,M18,0.0,70.816,2.005,99.062
2026-06-25 08:00:00,M18,0.0,70.501,2.074,100.07
2026-06-25 09:00:00,M18,0.0,70.65,2.121,96.116
2026-06-25 10:00:00,M18,0.0,70.576,1.958,94.941
2026-06-25 11:00:00,M18,0.0,70.693,2.21,97.624
2026-06-25 12:00:00,M18,0.0,69.745,1.939,101.902
2026-06-25 13:00:00,M18,0.0,67.543,1.919,100.239
2026-06-25 14:00:00,M18,0.0,66.966,1.899,100.719
2026-06-25 15:00:00,M18,0.0,69.497,2.195,99.727
2026-06-25 16:00:00,M18,0.0,67.839,1.911,102.17
2026-06-25 17:00:00,M18,0.0,67.383,1.885,96.983
2026-06-25 18:00:00,M18,0.0,67.351,1.865,100.306
2026-06-25 19:00:00,M18,0.0,69.947,1.856,101.298
2026-06-25 20:00:00,M18,0.0,67.198,1.94,99.166
2026-06-25 21:00:00,M18,0.0,66.337,1.972,98.408
2026-06-25 22:00:00,M18,0.0,71.492,1.958,100.489
2026-06-25 23:00:00,M18,0.0,67.574,2.086,98.617
2026-06-26 00:00:00,M18,0.0,67.766,2.064,98.1
2026-06-26 01:00:00,M18,0.0,72.108,2.065,97.822
2026-06-26 02:00:00,M18,0.0,70.808,2.045,100.54
2026-06-26 03:00:00,M18,0.0,69.168,2.153,96.842
2026-06-26 04:00:00,M18,0.0,73.426,2.076,95.896
2026-06-26 05:00:00,M18,0.0,71.008,2.084,98.209
2026-06-26 06:00:00,M18,0.0,69.59,2.038,97.571
2026-06-26 07:00:00,M18,0.0,69.378,2.042,97.552
2026-06-26 08:00:00,M18,0.0,70.682,2.029,96.601
2026-06-26 09:00:00,M18,0.0,69.057,2.15,100.146
2026-06-26 10:00:00,M18,0.0,70.098,2.014,97.273
2026-06-26 11:00:00,M18,0.0,68.196,2.008,96.105
2026-06-26 12:00:00,M18,0.0,68.346,1.942,97.844
2026-06-26 13:00:00,M18,0.0,68.05,1.988,97.161
2026-06-26 14:00:00,M18,0.0,66.959,2.09,98.97
2026-06-26 15:00:00,M18,0.0,68.795,2.178,95.934
2026-06-26 16:00:00,M18,0.0,70.746,1.984,100.05
2026-06-26 17:00:00,M18,0.0,68.908,2.016,97.924
2026-06-26 18:00:00,M18,0.0,69.78,2.072,99.51
2026-06-26 19:00:00,M18,0.0,69.485,2.008,99.866
2026-06-26 20:00:00,M18,0.0,68.838,2.412,99.504
2026-06-26 21:00:00,M18,0.0,70.644,1.976,98.255
2026-06-26 22:00:00,M18,0.0,69.278,2.039,100.705
2026-06-26 23:00:00,M18,0.0,69.933,2.054,96.403
2026-06-27 00:00:00,M18,0.0,69.589,2.177,97.401
2026-06-27 01:00:00,M18,0.0,72.068,2.201,96.433
2026-06-27 02:00:00,M18,0.0,72.427,2.236,95.882
2026-06-27 03:00:00,M18,0.0,73.182,2.34,97.406
2026-06-27 04:00:00,M18,0.0,73.052,2.381,96.475
2026-06-27 05:00:00,M18,0.0,70.872,2.388,97.295
2026-06-27 06:00:00,M18,0.0,74.208,2.403,99.167
2026-06-27 07:00:00,M18,0.0,73.322,2.4,95.722
2026-06-27 08:00:00,M18,0.0,72.976,2.696,95.801
2026-06-27 09:00:00,M18,0.0,74.345,2.37,95.728
2026-06-27 10:00:00,M18,0.0,73.257,2.352,94.283
2026-06-27 11:00:00,M18,0.0,71.656,2.43,96.852
2026-06-27 12:00:00,M18,0.0,72.93,2.41,98.376
2026-06-27 13:00:00,M18,0.0,71.995,2.475,98.15
2026-06-27 14:00:00,M18,0.0,71.373,2.422,95.628
2026-06-27 15:00:00,M18,0.0,70.565,2.582,97.177
2026-06-27 16:00:00,M18,0.0,69.359,2.682,94.69
2026-06-27 17:00:00,M18,0.0,70.528,2.622,99.701
2026-06-27 18:00:00,M18,0.0,69.341,2.409,97.203
2026-06-27 19:00:00,M18,0.0,72.692,2.62,93.542
2026-06-27 20:00:00,M18,0.0,72.535,2.608,93.825
2026-06-27 21:00:00,M18,0.0001,70.862,2.502,97.062
2026-06-27 22:00:00,M18,0.0513,73.261,3.386,95.72
2026-06-27 23:00:00,M18,0.0001,73.746,2.87,95.697
2026-06-28 00:00:00,M18,0.0003,75.476,2.842,97.435
2026-06-28 01:00:00,M18,0.0002,74.257,2.745,95.673
2026-06-28 02:00:00,M18,0.0002,75.529,2.965,94.519
2026-06-28 03:00:00,M18,0.0074,79.501,2.915,94.546
2026-06-28 04:00:00,M18,0.0002,76.208,2.982,92.573
2026-06-28 05:00:00,M18,0.0001,77.099,2.982,92.607
2026-06-28 06:00:00,M18,0.0001,78.067,3.144,90.728
2026-06-28 07:00:00,M18,0.0001,77.502,3.179,93.453
2026-06-28 08:00:00,M18,0.0002,77.62,3.127,94.405
2026-06-28 09:00:00,M18,0.0,77.158,3.08,92.452
2026-06-28 10:00:00,M18,0.0001,77.693,3.02,93.942
2026-06-28 11:00:00,M18,0.0,78.242,3.079,94.872
2026-06-28 12:00:00,M18,0.0,78.571,3.068,96.126
2026-06-28 13:00:00,M18,0.0001,75.717,3.166,92.146
2026-06-28 14:00:00,M18,0.0,77.399,3.214,94.811
2026-06-28 15:00:00,M18,0.0,77.989,3.074,95.173
2026-06-28 16:00:00,M18,0.0,76.686,3.086,94.243
2026-06-28 17:00:00,M18,0.0002,78.204,3.243,92.89
2026-06-28 18:00:00,M18,0.0002,78.065,3.207,91.18
2026-06-28 19:00:00,M18,0.0001,77.534,3.274,91.53
2026-06-28 20:00:00,M18,0.0,76.9,3.314,91.796
2026-06-28 21:00:00,M18,0.0,79.594,3.358,92.104
2026-06-28 22:00:00,M18,0.0,78.146,3.368,91.031
2026-06-28 23:00:00,M18,0.0,79.07,3.467,91.828
2026-06-29 00:00:00,M18,0.0,80.627,3.502,91.394
2026-06-29 01:00:00,M18,0.0001,82.062,3.654,88.426
2026-06-29 02:00:00,M18,0.0001,82.372,3.696,90.058
2026-06-29 03:00:00,M18,0.0001,81.416,3.654,89.758
2026-06-29 04:00:00,M18,0.0002,82.429,3.742,92.157
2026-06-29 05:00:00,M18,0.8189,84.399,3.979,89.554
2026-06-29 06:00:00,M18,0.566,83.887,3.918,88.087
2026-06-29 07:00:00,M18,0.9593,85.138,3.92,91.876
2026-06-29 08:00:00,M18,0.9284,82.806,3.865,88.44
2026-06-29 09:00:00,M18,0.9989,83.933,3.98,85.378
2026-06-29 10:00:00,M18,0.9986,83.698,3.972,89.978
2026-06-29 11:00:00,M18,0.9964,82.711,3.997,88.246
2026-06-29 12:00:00,M18,0.9942,83.448,3.959,91.386
2026-06-29 13:00:00,M18,0.9984,81.44,4.141,85.669
2026-06-29 14:00:00,M18,0.9877,83.669,4.023,90.464
2026-06-29 15:00:00,M18,0.9997,84.737,4.178,87.731
2026-06-29 16:00:00,M18,0.9941,84.777,4.104,89.104
2026-06-29 17:00:00,M18,0.9798,83.802,4.19,89.142
2026-06-29 18:00:00,M18,0.9988,83.039,4.253,89.272
2026-06-29 19:00:00,M18,0.9996,83.822,4.237,86.198
2026-06-29 20:00:00,M18,0.9998,88.534,4.295,91.059
2026-06-29 21:00:00,M18,0.9997,87.56,4.321,84.764
2026-06-29 22:00:00,M18,0.9999,87.871,4.38,87.525
2026-06-29 23:00:00,M18,0.9999,88.017,4.457,83.306
2026-06-15 23:00:00,M19,0.0,73.017,2.274,100.273
2026-06-16 00:00:00,M19,0.0,72.439,2.367,102.446
2026-06-16 01:00:00,M19,0.0,71.449,2.383,99.829
2026-06-16 02:00:00,M19,0.0,74.6,2.281,101.005
2026-06-16 03:00:00,M19,0.0,72.007,2.399,98.643
2026-06-16 04:00:00,M19,0.0,73.469,2.351,100.276
2026-06-16 05:00:00,M19,0.0,74.208,2.455,97.225
2026-06-16 06:00:00,M19,0.0,72.383,2.306,99.412
2026-06-16 07:00:00,M19,0.0,75.178,2.425,102.574
2026-06-16 08:00:00,M19,0.0,75.077,2.5,98.404
2026-06-16 09:00:00,M19,0.0,73.933,2.49,98.459
2026-06-16 10:00:00,M19,0.0,73.59,2.326,102.387
2026-06-16 11:00:00,M19,0.0,72.69,2.285,97.986
2026-06-16 12:00:00,M19,0.0,71.9,2.246,101.801
2026-06-16 13:00:00,M19,0.0,73.509,2.41,99.714
2026-06-16 14:00:00,M19,0.0,72.005,2.219,99.679
2026-06-16 15:00:00,M19,0.0,70.067,2.353,99.455
2026-06-16 16:00:00,M19,0.0,71.513,2.166,99.375
2026-06-16 17:00:00,M19,0.0,69.652,2.139,102.419
2026-06-16 18:00:00,M19,0.0,71.275,2.136,100.275
2026-06-16 19:00:00,M19,0.0,71.111,2.237,102.011
2026-06-16 20:00:00,M19,0.0,71.579,2.17,101.94
2026-06-16 21:00:00,M19,0.0,69.751,2.276,99.768
2026-06-16 22:00:00,M19,0.0,71.014,2.305,99.34
2026-06-16 23:00:00,M19,0.0,73.964,2.275,100.408
2026-06-17 00:00:00,M19,0.0,72.14,2.337,99.991
2026-06-17 01:00:00,M19,0.0,72.828,2.25,100.179
2026-06-17 02:00:00,M19,0.0,74.48,2.475,97.248
2026-06-17 03:00:00,M19,0.0,76.221,2.554,99.355
2026-06-17 04:00:00,M19,0.0,76.579,2.455,101.455
2026-06-17 05:00:00,M19,0.0,76.047,2.452,100.112
2026-06-17 06:00:00,M19,0.0,74.446,2.341,97.786
2026-06-17 07:00:00,M19,0.0,72.524,2.485,97.756
2026-06-17 08:00:00,M19,0.0,72.7,2.333,97.747
2026-06-17 09:00:00,M19,0.0,73.18,2.327,99.208
2026-06-17 10:00:00,M19,0.0,73.619,2.357,101.175
2026-06-17 11:00:00,M19,0.0,73.176,2.228,99.184
2026-06-17 12:00:00,M19,0.0,72.546,2.437,103.0
2026-06-17 13:00:00,M19,0.0,69.917,2.268,99.478
2026-06-17 14:00:00,M19,0.0,71.206,2.299,102.693
2026-06-17 15:00:00,M19,0.0,71.9,2.236,103.094
2026-06-17 16:00:00,M19,0.0,70.345,2.238,98.604
2026-06-17 17:00:00,M19,0.0,71.374,2.313,102.07
2026-06-17 18:00:00,M19,0.0,69.717,2.178,100.775
2026-06-17 19:00:00,M19,0.0,70.619,2.208,101.454
2026-06-17 20:00:00,M19,0.0,67.328,2.239,100.673
2026-06-17 21:00:00,M19,0.0,69.627,2.34,100.504
2026-06-17 22:00:00,M19,0.0,71.714,2.285,102.149
2026-06-17 23:00:00,M19,0.0,71.081,2.26,99.127
2026-06-18 00:00:00,M19,0.0,71.637,2.3,103.954
2026-06-18 01:00:00,M19,0.0,73.092,2.277,98.198
2026-06-18 02:00:00,M19,0.0,71.119,2.303,99.474
2026-06-18 03:00:00,M19,0.0,72.694,2.451,99.527
2026-06-18 04:00:00,M19,0.0,73.407,2.365,97.314
2026-06-18 05:00:00,M19,0.0,76.68,2.453,99.011
2026-06-18 06:00:00,M19,0.0,72.842,2.499,99.445
2026-06-18 07:00:00,M19,0.0,72.594,2.358,102.163
2026-06-18 08:00:00,M19,0.0,73.705,2.363,99.151
2026-06-18 09:00:00,M19,0.0,75.357,2.418,96.219
2026-06-18 10:00:00,M19,0.0,72.615,2.422,99.084
2026-06-18 11:00:00,M19,0.0,71.519,2.369,101.744
2026-06-18 12:00:00,M19,0.0,73.534,2.354,99.958
2026-06-18 13:00:00,M19,0.0,73.695,2.327,98.984
2026-06-18 14:00:00,M19,0.0,72.576,2.373,100.86
2026-06-18 15:00:00,M19,0.0,71.458,2.277,98.913
2026-06-18 16:00:00,M19,0.0,70.939,2.326,100.207
2026-06-18 17:00:00,M19,0.0,71.613,2.292,100.772
2026-06-18 18:00:00,M19,0.0,68.898,2.226,100.944
2026-06-18 19:00:00,M19,0.0,70.483,2.248,101.448
2026-06-18 20:00:00,M19,0.0,71.911,2.212,99.652
2026-06-18 21:00:00,M19,0.0,70.916,2.192,97.88
2026-06-18 22:00:00,M19,0.0,71.403,2.246,102.183
2026-06-18 23:00:00,M19,0.0,74.171,2.323,100.997
2026-06-19 00:00:00,M19,0.0,72.516,2.467,104.292
2026-06-19 01:00:00,M19,0.0,73.639,2.35,99.117
2026-06-19 02:00:00,M19,0.0,73.658,2.327,99.666
2026-06-19 03:00:00,M19,0.0,74.146,2.374,97.126
2026-06-19 04:00:00,M19,0.0,71.668,2.495,98.758
2026-06-19 05:00:00,M19,0.0,74.058,2.477,103.441
2026-06-19 06:00:00,M19,0.0,74.226,2.503,99.216
2026-06-19 07:00:00,M19,0.0,72.715,2.328,100.205
2026-06-19 08:00:00,M19,0.0,73.578,2.291,99.113
2026-06-19 09:00:00,M19,0.0,73.066,2.362,98.331
2026-06-19 10:00:00,M19,0.0,73.402,2.297,99.573
2026-06-19 11:00:00,M19,0.0,73.425,2.283,94.703
2026-06-19 12:00:00,M19,0.0,73.041,2.366,101.777
2026-06-19 13:00:00,M19,0.0,73.091,2.129,100.955
2026-06-19 14:00:00,M19,0.0,75.9,2.223,99.833
2026-06-19 15:00:00,M19,0.0,69.947,2.261,100.526
2026-06-19 16:00:00,M19,0.0,70.177,2.142,99.677
2026-06-19 17:00:00,M19,0.0,69.2,2.161,102.196
2026-06-19 18:00:00,M19,0.0,71.416,2.142,98.965
2026-06-19 19:00:00,M19,0.0,69.53,2.163,99.6
2026-06-19 20:00:00,M19,0.0,74.946,2.25,102.291
2026-06-19 21:00:00,M19,0.0001,72.135,2.901,99.007
2026-06-19 22:00:00,M19,0.0,74.558,2.224,100.641
2026-06-19 23:00:00,M19,0.0,71.308,2.258,98.048
2026-06-20 00:00:00,M19,0.0001,73.642,2.296,99.631
2026-06-20 01:00:00,M19,0.0001,73.55,2.546,98.394
2026-06-20 02:00:00,M19,0.0001,75.104,2.449,99.385
2026-06-20 03:00:00,M19,0.0001,72.963,2.302,99.244
2026-06-20 04:00:00,M19,0.0001,75.124,2.318,100.6
2026-06-20 05:00:00,M19,0.0001,74.386,2.349,99.647
2026-06-20 06:00:00,M19,0.0001,75.425,2.567,100.65
2026-06-20 07:00:00,M19,0.0001,73.01,2.347,100.136
2026-06-20 08:00:00,M19,0.0001,74.67,2.362,100.717
2026-06-20 09:00:00,M19,0.0001,71.989,2.46,103.639
2026-06-20 10:00:00,M19,0.0001,71.624,2.319,100.254
2026-06-20 11:00:00,M19,0.0001,73.217,2.265,98.261
2026-06-20 12:00:00,M19,0.0001,74.099,2.312,98.261
2026-06-20 13:00:00,M19,0.0001,72.769,2.211,101.002
2026-06-20 14:00:00,M19,0.0001,72.764,2.22,100.241
2026-06-20 15:00:00,M19,0.0001,71.322,2.307,101.977
2026-06-20 16:00:00,M19,0.0,71.538,2.13,102.344
2026-06-20 17:00:00,M19,0.0,69.738,2.293,102.044
2026-06-20 18:00:00,M19,0.0,69.057,2.2,101.097
2026-06-20 19:00:00,M19,0.0,74.0,2.15,102.281
2026-06-20 20:00:00,M19,0.0,70.249,2.15,100.443
2026-06-20 21:00:00,M19,0.0,68.608,2.194,98.732
2026-06-20 22:00:00,M19,0.0,72.813,2.199,100.069
2026-06-20 23:00:00,M19,0.0,70.293,2.206,99.22
2026-06-21 00:00:00,M19,0.0,72.857,2.256,100.383
2026-06-21 01:00:00,M19,0.0,77.175,2.365,99.479
2026-06-21 02:00:00,M19,0.0001,72.003,2.554,97.201
2026-06-21 03:00:00,M19,0.0,74.241,2.308,98.032
2026-06-21 04:00:00,M19,0.0,74.094,2.414,98.587
2026-06-21 05:00:00,M19,0.0001,76.84,2.452,98.11
2026-06-21 06:00:00,M19,0.0,73.902,2.621,95.993
2026-06-21 07:00:00,M19,0.0002,74.009,2.342,99.271
2026-06-21 08:00:00,M19,0.0001,73.656,2.323,102.354
2026-06-21 09:00:00,M19,0.0001,73.339,2.339,97.976
2026-06-21 10:00:00,M19,0.0001,74.247,2.389,100.455
2026-06-21 11:00:00,M19,0.0,74.98,2.291,102.812
2026-06-21 12:00:00,M19,0.0001,70.627,2.302,100.246
2026-06-21 13:00:00,M19,0.0001,72.621,2.24,100.567
2026-06-21 14:00:00,M19,0.0001,71.525,2.233,102.839
2026-06-21 15:00:00,M19,0.0,71.621,2.108,101.675
2026-06-21 16:00:00,M19,0.0,69.224,2.276,100.817
2026-06-21 17:00:00,M19,0.0,70.1,2.289,101.832
2026-06-21 18:00:00,M19,0.0,71.224,2.169,102.213
2026-06-21 19:00:00,M19,0.0,70.107,2.14,100.638
2026-06-21 20:00:00,M19,0.0,71.078,2.463,99.727
2026-06-21 21:00:00,M19,0.0,72.665,2.224,98.917
2026-06-21 22:00:00,M19,0.0,71.679,2.301,101.048
2026-06-21 23:00:00,M19,0.0,74.524,2.332,98.901
2026-06-22 00:00:00,M19,0.0,68.877,2.315,100.856
2026-06-22 01:00:00,M19,0.0,73.174,2.474,99.115
2026-06-22 02:00:00,M19,0.0,74.461,2.306,101.004
2026-06-22 03:00:00,M19,0.0,76.951,2.494,99.896
2026-06-22 04:00:00,M19,0.0,73.007,2.411,98.18
2026-06-22 05:00:00,M19,0.0,74.006,2.327,98.649
2026-06-22 06:00:00,M19,0.0,72.622,2.353,99.254
2026-06-22 07:00:00,M19,0.0001,73.76,2.506,98.84
2026-06-22 08:00:00,M19,0.0,71.685,2.33,98.864
2026-06-22 09:00:00,M19,0.0001,73.777,2.477,100.215
2026-06-22 10:00:00,M19,0.0,72.813,2.454,99.866
2026-06-22 11:00:00,M19,0.0,70.099,2.398,99.277
2026-06-22 12:00:00,M19,0.0,74.108,2.346,100.347
2026-06-22 13:00:00,M19,0.0,71.906,2.215,100.866
2026-06-22 14:00:00,M19,0.0,71.376,2.304,101.459
2026-06-22 15:00:00,M19,0.0,73.471,2.404,102.919
2026-06-22 16:00:00,M19,0.0,73.508,2.136,99.916
2026-06-22 17:00:00,M19,0.0,73.071,2.134,102.271
2026-06-22 18:00:00,M19,0.0,71.788,2.269,100.94
2026-06-22 19:00:00,M19,0.0,70.026,2.2,100.173
2026-06-22 20:00:00,M19,0.0,74.172,2.168,102.671
2026-06-22 21:00:00,M19,0.0,72.459,2.204,97.739
2026-06-22 22:00:00,M19,0.0,72.167,2.204,101.972
2026-06-22 23:00:00,M19,0.0,71.55,2.271,99.363
2026-06-23 00:00:00,M19,0.0,71.7,2.222,98.647
2026-06-23 01:00:00,M19,0.0,72.737,2.283,99.795
2026-06-23 02:00:00,M19,0.0,72.426,2.513,101.149
2026-06-23 03:00:00,M19,0.0,76.238,2.328,98.102
2026-06-23 04:00:00,M19,0.0,75.984,2.328,99.357
2026-06-23 05:00:00,M19,0.0,70.648,2.397,100.704
2026-06-23 06:00:00,M19,0.0,72.557,2.399,100.748
2026-06-23 07:00:00,M19,0.0,73.581,2.415,99.484
2026-06-23 08:00:00,M19,0.0,74.72,2.6,96.763
2026-06-23 09:00:00,M19,0.0,75.83,2.432,98.635
2026-06-23 10:00:00,M19,0.0,72.735,2.263,101.602
2026-06-23 11:00:00,M19,0.0,71.433,2.261,98.585
2026-06-23 12:00:00,M19,0.0,73.891,2.344,100.564
2026-06-23 13:00:00,M19,0.0,74.076,2.305,98.381
2026-06-23 14:00:00,M19,0.0,70.063,2.259,97.426
2026-06-23 15:00:00,M19,0.0,70.351,2.152,101.334
2026-06-23 16:00:00,M19,0.0,71.45,2.145,103.511
2026-06-23 17:00:00,M19,0.0,70.935,2.182,99.645
2026-06-23 18:00:00,M19,0.0,73.229,2.362,98.927
2026-06-23 19:00:00,M19,0.0,70.467,2.109,102.068
2026-06-23 20:00:00,M19,0.0,70.483,2.253,101.622
2026-06-23 21:00:00,M19,0.0,72.566,2.354,99.563
2026-06-23 22:00:00,M19,0.0,71.511,2.38,100.477
2026-06-23 23:00:00,M19,0.0,71.508,2.283,99.89
2026-06-24 00:00:00,M19,0.0,72.982,2.301,101.025
2026-06-24 01:00:00,M19,0.0,75.849,2.389,98.153
2026-06-24 02:00:00,M19,0.0,70.9,2.359,98.387
2026-06-24 03:00:00,M19,0.0,74.942,2.47,98.975
2026-06-24 04:00:00,M19,0.0,72.876,2.487,100.564
2026-06-24 05:00:00,M19,0.0,72.977,2.472,97.433
2026-06-24 06:00:00,M19,0.0,72.145,2.401,99.234
2026-06-24 07:00:00,M19,0.0,74.689,2.399,97.425
2026-06-24 08:00:00,M19,0.0,73.535,2.341,98.678
2026-06-24 09:00:00,M19,0.0,74.296,2.352,100.068
2026-06-24 10:00:00,M19,0.0,73.392,2.385,100.53
2026-06-24 11:00:00,M19,0.0,73.331,2.302,98.224
2026-06-24 12:00:00,M19,0.0,71.316,2.246,100.391
2026-06-24 13:00:00,M19,0.0,73.309,2.28,101.56
2026-06-24 14:00:00,M19,0.0,71.774,2.254,100.647
2026-06-24 15:00:00,M19,0.0,70.115,2.301,102.398
2026-06-24 16:00:00,M19,0.0,72.481,2.23,101.405
2026-06-24 17:00:00,M19,0.0,68.169,2.312,99.175
2026-06-24 18:00:00,M19,0.0,69.524,2.189,99.239
2026-06-24 19:00:00,M19,0.0,69.978,2.182,99.807
2026-06-24 20:00:00,M19,0.0,70.175,2.198,102.753
2026-06-24 21:00:00,M19,0.0,69.59,2.22,100.784
2026-06-24 22:00:00,M19,0.0,71.526,2.447,100.671
2026-06-24 23:00:00,M19,0.0,71.416,2.238,97.679
2026-06-25 00:00:00,M19,0.0,69.815,2.297,101.357
2026-06-25 01:00:00,M19,0.0,72.891,2.342,98.884
2026-06-25 02:00:00,M19,0.0,72.858,2.459,98.43
2026-06-25 03:00:00,M19,0.0,73.261,2.338,98.732
2026-06-25 04:00:00,M19,0.0,73.818,2.463,99.761
2026-06-25 05:00:00,M19,0.0,74.322,2.362,100.669
2026-06-25 06:00:00,M19,0.0,72.493,2.325,98.834
2026-06-25 07:00:00,M19,0.0,75.91,2.355,98.614
2026-06-25 08:00:00,M19,0.0,75.498,2.558,95.304
2026-06-25 09:00:00,M19,0.0,73.056,2.371,100.99
2026-06-25 10:00:00,M19,0.0,74.489,2.309,101.894
2026-06-25 11:00:00,M19,0.0,72.962,2.297,100.42
2026-06-25 12:00:00,M19,0.0,73.387,2.418,101.467
2026-06-25 13:00:00,M19,0.0,72.596,2.547,99.232
2026-06-25 14:00:00,M19,0.0,71.858,2.377,100.601
2026-06-25 15:00:00,M19,0.0,73.64,2.384,99.523
2026-06-25 16:00:00,M19,0.0,73.64,2.566,99.449
2026-06-25 17:00:00,M19,0.0,71.702,2.331,100.716
2026-06-25 18:00:00,M19,0.0,71.815,2.202,100.946
2026-06-25 19:00:00,M19,0.0,70.372,2.093,101.614
2026-06-25 20:00:00,M19,0.0,71.299,2.213,98.807
2026-06-25 21:00:00,M19,0.0,71.934,2.198,98.026
2026-06-25 22:00:00,M19,0.0,69.14,2.183,102.976
2026-06-25 23:00:00,M19,0.0,71.416,2.388,102.139
2026-06-26 00:00:00,M19,0.0,72.834,2.217,100.801
2026-06-26 01:00:00,M19,0.0,75.906,2.379,99.159
2026-06-26 02:00:00,M19,0.0001,72.105,2.54,96.345
2026-06-26 03:00:00,M19,0.0,72.475,2.3,102.117
2026-06-26 04:00:00,M19,0.0001,72.085,2.352,99.682
2026-06-26 05:00:00,M19,0.0001,75.474,2.373,98.735
2026-06-26 06:00:00,M19,0.0001,74.402,2.441,98.871
2026-06-26 07:00:00,M19,0.0001,72.419,2.314,98.506
2026-06-26 08:00:00,M19,0.0001,73.897,2.276,97.693
2026-06-26 09:00:00,M19,0.0001,73.198,2.349,101.2
2026-06-26 10:00:00,M19,0.0001,74.188,2.369,99.248
2026-06-26 11:00:00,M19,0.0002,76.496,2.283,100.021
2026-06-26 12:00:00,M19,0.0001,71.034,2.353,100.556
2026-06-26 13:00:00,M19,0.0001,72.312,2.257,97.924
2026-06-26 14:00:00,M19,0.0001,72.637,2.341,101.456
2026-06-26 15:00:00,M19,0.0001,74.191,2.138,100.521
2026-06-26 16:00:00,M19,0.0,69.55,2.166,102.373
2026-06-26 17:00:00,M19,0.0,70.096,2.293,99.367
2026-06-26 18:00:00,M19,0.0,71.917,2.228,101.138
2026-06-26 19:00:00,M19,0.0,71.068,2.185,100.645
2026-06-26 20:00:00,M19,0.0,69.959,2.287,103.535
2026-06-26 21:00:00,M19,0.0,70.789,2.164,101.916
2026-06-26 22:00:00,M19,0.0,70.153,2.373,100.836
2026-06-26 23:00:00,M19,0.0,71.605,2.282,99.588
2026-06-27 00:00:00,M19,0.0,71.626,2.326,100.874
2026-06-27 01:00:00,M19,0.0,74.964,2.474,98.013
2026-06-27 02:00:00,M19,0.0,73.167,2.309,102.221
2026-06-27 03:00:00,M19,0.0001,75.182,2.314,98.454
2026-06-27 04:00:00,M19,0.0001,73.147,2.406,98.622
2026-06-27 05:00:00,M19,0.0001,75.874,2.429,100.937
2026-06-27 06:00:00,M19,0.0001,73.304,2.51,101.299
2026-06-27 07:00:00,M19,0.0001,73.171,2.564,97.828
2026-06-27 08:00:00,M19,0.0001,75.911,2.418,101.032
2026-06-27 09:00:00,M19,0.0001,72.557,2.356,101.351
2026-06-27 10:00:00,M19,0.0001,74.031,2.411,97.086
2026-06-27 11:00:00,M19,0.0001,74.925,2.459,100.066
2026-06-27 12:00:00,M19,0.0,72.356,2.245,100.134
2026-06-27 13:00:00,M19,0.0,72.767,2.304,97.747
2026-06-27 14:00:00,M19,0.0,72.134,2.345,96.754
2026-06-27 15:00:00,M19,0.0001,72.499,2.145,99.775
2026-06-27 16:00:00,M19,0.0,72.162,2.142,102.075
2026-06-27 17:00:00,M19,0.0,73.64,2.246,101.77
2026-06-27 18:00:00,M19,0.0,69.417,2.248,100.484
2026-06-27 19:00:00,M19,0.0,72.164,2.162,98.613
2026-06-27 20:00:00,M19,0.0,70.133,2.127,99.892
2026-06-27 21:00:00,M19,0.0001,71.35,2.264,99.8
2026-06-27 22:00:00,M19,0.0,72.844,2.197,102.341
2026-06-27 23:00:00,M19,0.0002,71.894,2.336,102.699
2026-06-28 00:00:00,M19,0.0003,70.94,2.317,102.188
2026-06-28 01:00:00,M19,0.0002,71.327,2.284,102.461
2026-06-28 02:00:00,M19,0.0006,74.624,2.448,101.673
2026-06-28 03:00:00,M19,0.0004,73.829,2.406,99.072
2026-06-28 04:00:00,M19,0.0005,72.928,2.369,100.706
2026-06-28 05:00:00,M19,0.0004,73.97,2.388,100.743
2026-06-28 06:00:00,M19,0.0005,75.048,2.388,100.971
2026-06-28 07:00:00,M19,0.0001,74.922,2.371,98.967
2026-06-28 08:00:00,M19,0.0,74.067,2.31,99.159
2026-06-28 09:00:00,M19,0.0001,72.925,2.476,99.37
2026-06-28 10:00:00,M19,0.0001,72.411,2.257,100.335
2026-06-28 11:00:00,M19,0.0001,72.707,2.32,101.446
2026-06-28 12:00:00,M19,0.0002,73.644,2.248,100.849
2026-06-28 13:00:00,M19,0.0001,72.183,2.243,98.429
2026-06-28 14:00:00,M19,0.0001,71.371,2.295,99.385
2026-06-28 15:00:00,M19,0.0001,71.556,2.326,99.563
2026-06-28 16:00:00,M19,0.0001,70.216,2.175,99.949
2026-06-28 17:00:00,M19,0.0,70.866,2.105,101.843
2026-06-28 18:00:00,M19,0.0,71.035,2.148,100.757
2026-06-28 19:00:00,M19,0.0,70.818,2.124,101.288
2026-06-28 20:00:00,M19,0.0,72.028,2.354,99.219
2026-06-28 21:00:00,M19,0.0,69.412,2.279,100.973
2026-06-28 22:00:00,M19,0.0,70.752,2.228,100.159
2026-06-28 23:00:00,M19,0.0001,72.809,2.241,97.62
2026-06-29 00:00:00,M19,0.0001,74.769,2.279,101.738
2026-06-29 01:00:00,M19,0.001,75.112,2.559,100.331
2026-06-29 02:00:00,M19,0.0005,73.966,2.308,99.881
2026-06-29 03:00:00,M19,0.0007,72.494,2.301,98.98
2026-06-29 04:00:00,M19,0.0008,73.751,2.344,100.051
2026-06-29 05:00:00,M19,0.0008,73.237,2.425,98.326
2026-06-29 06:00:00,M19,0.0006,73.231,2.333,101.132
2026-06-29 07:00:00,M19,0.0004,73.704,2.46,99.117
2026-06-29 08:00:00,M19,0.0024,76.124,2.267,99.305
2026-06-29 09:00:00,M19,0.0047,72.577,2.63,102.072
2026-06-29 10:00:00,M19,0.0068,70.913,2.516,99.399
2026-06-29 11:00:00,M19,0.0056,72.925,2.345,101.379
2026-06-29 12:00:00,M19,0.0049,71.397,2.317,98.786
2026-06-29 13:00:00,M19,0.0041,72.945,2.278,100.893
2026-06-29 14:00:00,M19,0.003,72.33,2.167,100.002
2026-06-29 15:00:00,M19,0.0042,70.243,2.227,100.768
2026-06-29 16:00:00,M19,0.0042,72.57,2.182,99.54
2026-06-29 17:00:00,M19,0.002,70.37,2.182,102.573
2026-06-29 18:00:00,M19,0.0021,71.22,2.196,101.83
2026-06-29 19:00:00,M19,0.001,71.448,2.14,100.697
2026-06-29 20:00:00,M19,0.0023,69.451,2.29,100.134
2026-06-29 21:00:00,M19,0.002,71.755,2.26,102.385
2026-06-29 22:00:00,M19,0.0025,74.512,2.287,99.6
2026-06-29 23:00:00,M19,0.004,71.007,2.345,98.382
2026-06-15 23:00:00,M20,0.0,78.365,2.281,100.647
2026-06-16 00:00:00,M20,0.0,78.96,2.444,100.224
2026-06-16 01:00:00,M20,0.0,81.265,2.341,102.683
2026-06-16 02:00:00,M20,0.0,80.72,2.462,99.104
2026-06-16 03:00:00,M20,0.0,82.104,2.457,100.099
2026-06-16 04:00:00,M20,0.0,78.605,2.359,100.34
2026-06-16 05:00:00,M20,0.0,80.73,2.38,100.919
2026-06-16 06:00:00,M20,0.0,81.056,2.542,99.874
2026-06-16 07:00:00,M20,0.0,83.492,2.43,100.27
2026-06-16 08:00:00,M20,0.0,81.539,2.482,100.253
2026-06-16 09:00:00,M20,0.0,80.84,2.429,98.259
2026-06-16 10:00:00,M20,0.0,79.205,2.44,97.77
2026-06-16 11:00:00,M20,0.0,80.853,2.458,100.286
2026-06-16 12:00:00,M20,0.0,80.511,2.308,102.776
2026-06-16 13:00:00,M20,0.0,81.237,2.418,102.334
2026-06-16 14:00:00,M20,0.0,78.855,2.231,102.767
2026-06-16 15:00:00,M20,0.0,78.881,2.255,101.897
2026-06-16 16:00:00,M20,0.0,80.3,2.189,101.891
2026-06-16 17:00:00,M20,0.0,80.046,2.175,102.736
2026-06-16 18:00:00,M20,0.0,78.641,2.278,101.762
2026-06-16 19:00:00,M20,0.0,78.806,2.228,101.227
2026-06-16 20:00:00,M20,0.0,80.856,2.176,104.045
2026-06-16 21:00:00,M20,0.0,77.446,2.277,103.619
2026-06-16 22:00:00,M20,0.0,77.77,2.271,101.317
2026-06-16 23:00:00,M20,0.0,78.555,2.348,101.389
2026-06-17 00:00:00,M20,0.0,81.804,2.422,100.636
2026-06-17 01:00:00,M20,0.0,81.856,2.317,99.969
2026-06-17 02:00:00,M20,0.0,81.732,2.749,100.021
2026-06-17 03:00:00,M20,0.0,79.258,2.36,102.527
2026-06-17 04:00:00,M20,0.0,80.206,2.434,102.941
2026-06-17 05:00:00,M20,0.0,79.099,2.416,99.699
2026-06-17 06:00:00,M20,0.0,83.467,2.447,100.297
2026-06-17 07:00:00,M20,0.0,81.406,2.488,102.235
2026-06-17 08:00:00,M20,0.0,85.096,2.346,100.189
2026-06-17 09:00:00,M20,0.0,82.639,2.581,100.873
2026-06-17 10:00:00,M20,0.0,82.051,2.414,99.771
2026-06-17 11:00:00,M20,0.0,79.674,2.386,99.317
2026-06-17 12:00:00,M20,0.0,79.228,2.258,101.875
2026-06-17 13:00:00,M20,0.0,76.542,2.236,102.074
2026-06-17 14:00:00,M20,0.0,77.616,2.214,101.927
2026-06-17 15:00:00,M20,0.0,77.445,2.319,103.286
2026-06-17 16:00:00,M20,0.0,79.032,2.319,101.726
2026-06-17 17:00:00,M20,0.0,75.782,2.23,103.912
2026-06-17 18:00:00,M20,0.0,75.311,2.303,100.675
2026-06-17 19:00:00,M20,0.0,78.305,2.308,102.731
2026-06-17 20:00:00,M20,0.0,79.583,2.211,103.406
2026-06-17 21:00:00,M20,0.0,76.725,2.144,101.756
2026-06-17 22:00:00,M20,0.0,79.31,2.354,100.955
2026-06-17 23:00:00,M20,0.0,78.955,2.281,101.983
2026-06-18 00:00:00,M20,0.0,81.451,2.326,99.434
2026-06-18 01:00:00,M20,0.0,79.271,2.446,102.984
2026-06-18 02:00:00,M20,0.0,80.466,2.295,100.46
2026-06-18 03:00:00,M20,0.0,79.858,2.382,100.315
2026-06-18 04:00:00,M20,0.0,81.221,2.346,97.792
2026-06-18 05:00:00,M20,0.0,80.486,2.378,99.683
2026-06-18 06:00:00,M20,0.0,80.965,2.595,101.51
2026-06-18 07:00:00,M20,0.0001,82.298,2.452,100.057
2026-06-18 08:00:00,M20,0.0001,82.992,2.455,101.3
2026-06-18 09:00:00,M20,0.0001,81.236,2.452,103.651
2026-06-18 10:00:00,M20,0.0001,79.194,2.53,99.452
2026-06-18 11:00:00,M20,0.0001,81.371,2.357,100.304
2026-06-18 12:00:00,M20,0.0001,80.097,2.288,99.081
2026-06-18 13:00:00,M20,0.0,79.371,2.238,105.533
2026-06-18 14:00:00,M20,0.0001,79.823,2.248,98.442
2026-06-18 15:00:00,M20,0.0001,78.185,2.203,103.027
2026-06-18 16:00:00,M20,0.0,76.198,2.201,101.68
2026-06-18 17:00:00,M20,0.0,77.286,2.318,99.899
2026-06-18 18:00:00,M20,0.0,78.353,2.131,104.516
2026-06-18 19:00:00,M20,0.0,77.34,2.378,103.711
2026-06-18 20:00:00,M20,0.0,78.27,2.239,100.631
2026-06-18 21:00:00,M20,0.0,78.385,2.188,102.609
2026-06-18 22:00:00,M20,0.0,80.037,2.243,103.656
2026-06-18 23:00:00,M20,0.0,79.899,2.346,99.824
2026-06-19 00:00:00,M20,0.0,79.343,2.471,102.032
2026-06-19 01:00:00,M20,0.0,82.448,2.352,100.543
2026-06-19 02:00:00,M20,0.0,78.308,2.464,101.547
2026-06-19 03:00:00,M20,0.0001,82.445,2.453,97.998
2026-06-19 04:00:00,M20,0.0001,81.701,2.461,95.949
2026-06-19 05:00:00,M20,0.0002,81.536,2.463,100.231
2026-06-19 06:00:00,M20,0.0001,81.734,2.401,99.251
2026-06-19 07:00:00,M20,0.0001,81.779,2.38,102.438
2026-06-19 08:00:00,M20,0.0001,81.162,2.389,100.812
2026-06-19 09:00:00,M20,0.0001,77.721,2.42,102.101
2026-06-19 10:00:00,M20,0.0,81.941,2.375,101.683
2026-06-19 11:00:00,M20,0.0,79.56,2.288,103.669
2026-06-19 12:00:00,M20,0.0,79.35,2.235,100.233
2026-06-19 13:00:00,M20,0.0,80.924,2.229,101.304
2026-06-19 14:00:00,M20,0.0,78.445,2.208,101.808
2026-06-19 15:00:00,M20,0.0,79.082,2.289,102.588
2026-06-19 16:00:00,M20,0.0,79.156,2.241,103.475
2026-06-19 17:00:00,M20,0.0,80.151,2.207,103.093
2026-06-19 18:00:00,M20,0.0,78.924,2.258,102.323
2026-06-19 19:00:00,M20,0.0,79.717,2.463,102.669
2026-06-19 20:00:00,M20,0.0,76.197,2.322,100.52
2026-06-19 21:00:00,M20,0.0,79.661,2.328,101.175
2026-06-19 22:00:00,M20,0.0,77.712,2.329,99.548
2026-06-19 23:00:00,M20,0.0,79.231,2.233,104.287
2026-06-20 00:00:00,M20,0.0,79.643,2.333,98.823
2026-06-20 01:00:00,M20,0.0006,80.498,2.718,102.797
2026-06-20 02:00:00,M20,0.0002,80.07,2.546,102.041
2026-06-20 03:00:00,M20,0.0001,81.32,2.309,104.4
2026-06-20 04:00:00,M20,0.0002,81.104,2.475,104.541
2026-06-20 05:00:00,M20,0.0002,80.143,2.32,100.85
2026-06-20 06:00:00,M20,0.0001,79.821,2.418,100.297
2026-06-20 07:00:00,M20,0.0001,81.741,2.416,101.636
2026-06-20 08:00:00,M20,0.0001,81.952,2.555,98.589
2026-06-20 09:00:00,M20,0.0,78.727,2.499,100.782
2026-06-20 10:00:00,M20,0.0,81.11,2.454,104.084
2026-06-20 11:00:00,M20,0.0,79.51,2.464,102.5
2026-06-20 12:00:00,M20,0.0,79.351,2.34,104.16
2026-06-20 13:00:00,M20,0.0,80.75,2.236,101.163
2026-06-20 14:00:00,M20,0.0,78.517,2.257,100.872
2026-06-20 15:00:00,M20,0.0,78.958,2.288,103.289
2026-06-20 16:00:00,M20,0.0001,75.636,2.336,102.063
2026-06-20 17:00:00,M20,0.0001,77.847,2.247,100.539
2026-06-20 18:00:00,M20,0.0001,78.631,2.202,102.24
2026-06-20 19:00:00,M20,0.0,77.618,2.154,102.781
2026-06-20 20:00:00,M20,0.0,81.197,2.271,102.385
2026-06-20 21:00:00,M20,0.0001,78.497,2.248,102.466
2026-06-20 22:00:00,M20,0.0001,78.243,2.337,101.947
2026-06-20 23:00:00,M20,0.0006,79.847,2.976,100.312
2026-06-21 00:00:00,M20,0.0002,78.461,2.285,101.659
2026-06-21 01:00:00,M20,0.0001,79.795,2.4,97.94
2026-06-21 02:00:00,M20,0.0002,80.052,2.372,100.405
2026-06-21 03:00:00,M20,0.0007,82.962,2.418,100.149
2026-06-21 04:00:00,M20,0.0008,81.361,2.388,102.354
2026-06-21 05:00:00,M20,0.0006,82.343,2.414,103.558
2026-06-21 06:00:00,M20,0.0009,81.663,2.387,98.026
2026-06-21 07:00:00,M20,0.0004,80.01,2.393,102.093
2026-06-21 08:00:00,M20,0.0002,81.254,2.471,100.573
2026-06-21 09:00:00,M20,0.0003,79.328,2.403,101.668
2026-06-21 10:00:00,M20,0.0008,81.178,2.54,101.471
2026-06-21 11:00:00,M20,0.0007,78.587,2.335,101.428
2026-06-21 12:00:00,M20,0.0006,78.32,2.366,100.129
2026-06-21 13:00:00,M20,0.0007,79.773,2.369,101.51
2026-06-21 14:00:00,M20,0.0005,79.598,2.2,101.883
2026-06-21 15:00:00,M20,0.0005,77.491,2.44,101.831
2026-06-21 16:00:00,M20,0.0004,77.334,2.234,100.3
2026-06-21 17:00:00,M20,0.0003,78.699,2.161,101.353
2026-06-21 18:00:00,M20,0.0003,76.49,2.208,102.75
2026-06-21 19:00:00,M20,0.0003,78.835,2.354,101.166
2026-06-21 20:00:00,M20,0.0002,78.198,2.3,102.461
2026-06-21 21:00:00,M20,0.0001,78.034,2.209,101.33
2026-06-21 22:00:00,M20,0.0001,77.079,2.303,101.051
2026-06-21 23:00:00,M20,0.0001,80.207,2.32,99.692
2026-06-22 00:00:00,M20,0.0002,79.985,2.422,101.795
2026-06-22 01:00:00,M20,0.0001,79.077,2.371,102.329
2026-06-22 02:00:00,M20,0.0002,78.806,2.403,104.322
2026-06-22 03:00:00,M20,0.0002,81.243,2.475,100.69
2026-06-22 04:00:00,M20,0.0002,82.461,2.393,102.634
2026-06-22 05:00:00,M20,0.0005,81.338,2.666,103.074
2026-06-22 06:00:00,M20,0.0007,81.899,2.599,100.975
2026-06-22 07:00:00,M20,0.0004,81.49,2.378,101.238
2026-06-22 08:00:00,M20,0.0007,80.314,2.535,99.35
2026-06-22 09:00:00,M20,0.0008,81.455,2.522,99.697
2026-06-22 10:00:00,M20,0.0006,80.669,2.333,101.642
2026-06-22 11:00:00,M20,0.0012,80.748,2.331,99.697
2026-06-22 12:00:00,M20,0.0012,79.738,2.461,99.686
2026-06-22 13:00:00,M20,0.0012,75.912,2.203,100.581
2026-06-22 14:00:00,M20,0.0014,79.0,2.202,103.302
2026-06-22 15:00:00,M20,0.0011,78.82,2.234,102.469
2026-06-22 16:00:00,M20,0.0167,79.112,3.021,101.481
2026-06-22 17:00:00,M20,0.0005,77.257,2.201,101.751
2026-06-22 18:00:00,M20,0.0008,78.673,2.333,105.203
2026-06-22 19:00:00,M20,0.0005,76.21,2.255,102.009
2026-06-22 20:00:00,M20,0.0007,76.203,2.196,100.475
2026-06-22 21:00:00,M20,0.0006,79.26,2.309,103.325
2026-06-22 22:00:00,M20,0.0003,77.677,2.363,103.921
2026-06-22 23:00:00,M20,0.0004,80.056,2.296,98.842
2026-06-23 00:00:00,M20,0.0002,80.424,2.239,99.814
2026-06-23 01:00:00,M20,0.0004,80.478,2.36,102.734
2026-06-23 02:00:00,M20,0.0005,78.936,2.408,102.317
2026-06-23 03:00:00,M20,0.0004,80.765,2.349,99.751
2026-06-23 04:00:00,M20,0.0003,80.984,2.473,100.338
2026-06-23 05:00:00,M20,0.0002,81.415,2.419,102.879
2026-06-23 06:00:00,M20,0.0002,81.491,2.406,100.662
2026-06-23 07:00:00,M20,0.0002,80.773,2.491,101.418
2026-06-23 08:00:00,M20,0.0003,79.334,2.58,100.364
2026-06-23 09:00:00,M20,0.0004,82.017,2.378,100.247
2026-06-23 10:00:00,M20,0.0002,78.919,2.398,102.082
2026-06-23 11:00:00,M20,0.0003,80.653,2.429,98.385
2026-06-23 12:00:00,M20,0.0002,79.916,2.315,102.507
2026-06-23 13:00:00,M20,0.0001,77.916,2.342,102.891
2026-06-23 14:00:00,M20,0.0001,78.969,2.348,102.881
2026-06-23 15:00:00,M20,0.0001,78.173,2.361,102.058
2026-06-23 16:00:00,M20,0.0001,79.152,2.321,102.125
2026-06-23 17:00:00,M20,0.0,78.245,2.178,105.127
2026-06-23 18:00:00,M20,0.0,77.677,2.148,99.831
2026-06-23 19:00:00,M20,0.0001,80.103,2.228,100.021
2026-06-23 20:00:00,M20,0.0,78.976,2.207,102.156
2026-06-23 21:00:00,M20,0.0,80.986,2.183,103.347
2026-06-23 22:00:00,M20,0.0,78.85,2.458,101.699
2026-06-23 23:00:00,M20,0.0001,81.74,2.368,101.397
2026-06-24 00:00:00,M20,0.0001,78.874,2.326,102.835
2026-06-24 01:00:00,M20,0.0001,79.534,2.383,100.068
2026-06-24 02:00:00,M20,0.0001,81.303,2.316,99.231
2026-06-24 03:00:00,M20,0.0001,81.68,2.366,99.52
2026-06-24 04:00:00,M20,0.0001,81.387,2.513,99.962
2026-06-24 05:00:00,M20,0.0005,77.763,2.509,98.199
2026-06-24 06:00:00,M20,0.0001,79.998,2.547,97.827
2026-06-24 07:00:00,M20,0.0001,78.2,2.603,101.196
2026-06-24 08:00:00,M20,0.0001,80.191,2.548,100.468
2026-06-24 09:00:00,M20,0.0001,81.446,2.461,100.697
2026-06-24 10:00:00,M20,0.0001,80.461,2.343,103.799
2026-06-24 11:00:00,M20,0.0001,79.541,2.681,104.249
2026-06-24 12:00:00,M20,0.0,79.987,2.316,99.943
2026-06-24 13:00:00,M20,0.0,80.061,2.379,100.815
2026-06-24 14:00:00,M20,0.0,78.611,2.304,102.793
2026-06-24 15:00:00,M20,0.0,78.402,2.166,101.823
2026-06-24 16:00:00,M20,0.0,79.256,2.248,102.806
2026-06-24 17:00:00,M20,0.0002,76.602,2.457,102.405
2026-06-24 18:00:00,M20,0.0,79.206,2.271,102.517
2026-06-24 19:00:00,M20,0.0,79.947,2.174,98.573
2026-06-24 20:00:00,M20,0.0,79.314,2.228,102.505
2026-06-24 21:00:00,M20,0.0,78.959,2.235,101.535
2026-06-24 22:00:00,M20,0.0001,77.144,2.23,101.013
2026-06-24 23:00:00,M20,0.0,79.627,2.31,98.936
2026-06-25 00:00:00,M20,0.0,80.41,2.338,103.187
2026-06-25 01:00:00,M20,0.0,80.04,2.415,99.869
2026-06-25 02:00:00,M20,0.0,78.1,3.326,102.18
2026-06-25 03:00:00,M20,0.0,81.135,2.34,102.342
2026-06-25 04:00:00,M20,0.0,81.498,2.364,100.535
2026-06-25 05:00:00,M20,0.0002,84.091,2.374,99.592
2026-06-25 06:00:00,M20,0.001,77.565,2.437,100.014
2026-06-25 07:00:00,M20,0.002,82.58,2.519,100.914
2026-06-25 08:00:00,M20,0.0002,80.789,2.366,101.874
2026-06-25 09:00:00,M20,0.002,78.646,2.346,100.262
2026-06-25 10:00:00,M20,0.0016,80.203,2.499,101.008
2026-06-25 11:00:00,M20,0.0002,79.844,2.297,99.725
2026-06-25 12:00:00,M20,0.0003,79.071,2.389,99.611
2026-06-25 13:00:00,M20,0.0001,79.933,2.279,103.018
2026-06-25 14:00:00,M20,0.0001,78.243,2.29,102.834
2026-06-25 15:00:00,M20,0.0003,80.924,2.307,98.297
2026-06-25 16:00:00,M20,0.0003,79.607,2.263,98.297
2026-06-25 17:00:00,M20,0.0002,77.547,2.392,101.558
2026-06-25 18:00:00,M20,0.0003,77.31,2.269,101.211
2026-06-25 19:00:00,M20,0.0004,76.208,2.356,101.101
2026-06-25 20:00:00,M20,0.0003,78.26,2.263,99.988
2026-06-25 21:00:00,M20,0.0002,77.301,2.172,103.671
2026-06-25 22:00:00,M20,0.0001,77.66,2.236,101.458
2026-06-25 23:00:00,M20,0.0001,78.365,2.305,103.863
2026-06-26 00:00:00,M20,0.0004,80.663,2.435,102.371
2026-06-26 01:00:00,M20,0.0013,79.796,3.049,99.168
2026-06-26 02:00:00,M20,0.0003,80.341,2.31,104.555
2026-06-26 03:00:00,M20,0.0005,79.842,2.343,98.486
2026-06-26 04:00:00,M20,0.0005,81.014,2.352,100.594
2026-06-26 05:00:00,M20,0.0002,81.359,2.368,99.744
2026-06-26 06:00:00,M20,0.0002,80.707,2.367,102.683
2026-06-26 07:00:00,M20,0.0001,80.901,2.55,101.582
2026-06-26 08:00:00,M20,0.0001,79.755,2.44,103.976
2026-06-26 09:00:00,M20,0.0001,79.231,2.428,100.387
2026-06-26 10:00:00,M20,0.0002,79.295,2.475,98.192
2026-06-26 11:00:00,M20,0.0002,80.717,2.51,101.823
2026-06-26 12:00:00,M20,0.0001,81.227,2.252,102.534
2026-06-26 13:00:00,M20,0.0001,78.046,2.246,100.373
2026-06-26 14:00:00,M20,0.0001,79.051,2.244,102.707
2026-06-26 15:00:00,M20,0.0001,78.219,2.347,102.836
2026-06-26 16:00:00,M20,0.0001,76.156,2.389,101.846
2026-06-26 17:00:00,M20,0.0,78.414,2.248,103.334
2026-06-26 18:00:00,M20,0.0001,79.152,2.288,100.475
2026-06-26 19:00:00,M20,0.0001,77.98,2.313,100.224
2026-06-26 20:00:00,M20,0.0,77.177,2.228,105.835
2026-06-26 21:00:00,M20,0.0,78.37,2.289,101.936
2026-06-26 22:00:00,M20,0.0,78.716,2.278,103.928
2026-06-26 23:00:00,M20,0.0,79.267,2.276,99.568
2026-06-27 00:00:00,M20,0.0,79.837,2.309,102.342
2026-06-27 01:00:00,M20,0.0,80.685,2.44,98.702
2026-06-27 02:00:00,M20,0.0,81.085,2.462,101.306
2026-06-27 03:00:00,M20,0.0,82.193,2.507,99.95
2026-06-27 04:00:00,M20,0.0,80.095,2.346,98.773
2026-06-27 05:00:00,M20,0.0,81.448,2.537,100.209
2026-06-27 06:00:00,M20,0.0,81.277,2.385,101.944
2026-06-27 07:00:00,M20,0.0,79.578,2.414,101.183
2026-06-27 08:00:00,M20,0.0,79.79,2.378,101.433
2026-06-27 09:00:00,M20,0.0,82.186,2.452,98.98
2026-06-27 10:00:00,M20,0.0,79.487,2.437,99.577
2026-06-27 11:00:00,M20,0.0,81.705,2.496,101.865
2026-06-27 12:00:00,M20,0.0,79.241,2.264,100.004
2026-06-27 13:00:00,M20,0.0,80.462,2.235,103.219
2026-06-27 14:00:00,M20,0.0,77.944,2.323,100.84
2026-06-27 15:00:00,M20,0.0,79.199,2.259,101.577
2026-06-27 16:00:00,M20,0.0,77.182,2.313,101.57
2026-06-27 17:00:00,M20,0.0,76.795,2.223,101.729
2026-06-27 18:00:00,M20,0.0,76.561,2.261,102.202
2026-06-27 19:00:00,M20,0.0,78.794,2.171,103.407
2026-06-27 20:00:00,M20,0.0,77.081,2.195,103.615
2026-06-27 21:00:00,M20,0.0,80.131,2.194,100.836
2026-06-27 22:00:00,M20,0.0,79.925,2.28,100.516
2026-06-27 23:00:00,M20,0.0,79.605,2.304,102.319
2026-06-28 00:00:00,M20,0.0001,79.886,2.423,100.616
2026-06-28 01:00:00,M20,0.0,80.599,2.29,101.516
2026-06-28 02:00:00,M20,0.0,80.447,2.307,99.33
2026-06-28 03:00:00,M20,0.0001,82.133,2.395,99.209
2026-06-28 04:00:00,M20,0.0001,81.831,2.459,102.2
2026-06-28 05:00:00,M20,0.0,79.55,2.374,102.292
2026-06-28 06:00:00,M20,0.0001,81.801,2.514,100.267
2026-06-28 07:00:00,M20,0.0001,80.423,2.448,101.356
2026-06-28 08:00:00,M20,0.0001,81.251,2.471,100.375
2026-06-28 09:00:00,M20,0.0,79.936,2.346,99.285
2026-06-28 10:00:00,M20,0.0,79.554,2.379,102.83
2026-06-28 11:00:00,M20,0.0,78.715,2.306,100.984
2026-06-28 12:00:00,M20,0.0,79.41,2.291,100.515
2026-06-28 13:00:00,M20,0.0,79.256,2.286,102.462
2026-06-28 14:00:00,M20,0.0,80.822,2.259,101.009
2026-06-28 15:00:00,M20,0.0,78.368,2.228,103.596
2026-06-28 16:00:00,M20,0.0,79.159,2.191,99.748
2026-06-28 17:00:00,M20,0.0,79.159,2.238,106.136
2026-06-28 18:00:00,M20,0.0,79.059,2.262,100.993
2026-06-28 19:00:00,M20,0.0,76.251,2.156,104.342
2026-06-28 20:00:00,M20,0.0,78.83,2.366,101.129
2026-06-28 21:00:00,M20,0.0,78.365,2.276,102.216
2026-06-28 22:00:00,M20,0.0,80.476,2.249,101.927
2026-06-28 23:00:00,M20,0.0,80.62,2.417,102.182
2026-06-29 00:00:00,M20,0.0,78.855,2.269,101.299
2026-06-29 01:00:00,M20,0.0,80.543,2.307,101.048
2026-06-29 02:00:00,M20,0.0,80.087,2.251,100.365
2026-06-29 03:00:00,M20,0.0,79.587,2.474,99.572
2026-06-29 04:00:00,M20,0.0,80.737,2.367,100.612
2026-06-29 05:00:00,M20,0.0,79.451,2.423,98.692
2026-06-29 06:00:00,M20,0.0,81.006,2.48,97.853
2026-06-29 07:00:00,M20,0.0,80.013,2.327,102.943
2026-06-29 08:00:00,M20,0.0,81.729,2.4,99.944
2026-06-29 09:00:00,M20,0.0,80.306,2.38,102.247
2026-06-29 10:00:00,M20,0.0,78.03,2.252,103.518
2026-06-29 11:00:00,M20,0.0,79.919,2.376,99.623
2026-06-29 12:00:00,M20,0.0,79.03,2.428,103.166
2026-06-29 13:00:00,M20,0.0,81.51,2.32,102.566
2026-06-29 14:00:00,M20,0.0,79.963,2.33,103.319
2026-06-29 15:00:00,M20,0.0,77.559,2.214,100.359
2026-06-29 16:00:00,M20,0.0,81.01,2.202,103.703
2026-06-29 17:00:00,M20,0.0,77.254,2.277,101.795
2026-06-29 18:00:00,M20,0.0,76.488,2.268,100.86
2026-06-29 19:00:00,M20,0.0,78.14,2.207,102.416
2026-06-29 20:00:00,M20,0.0,78.904,2.412,102.086
2026-06-29 21:00:00,M20,0.0,79.552,2.256,102.109
2026-06-29 22:00:00,M20,0.0,79.109,2.953,103.157
2026-06-29 23:00:00,M20,0.0,80.176,2.275,100.27
